id,original_language,original_title,overview,popularity,release_date,title,vote_average,vote_count,poster_url,backdrop_url,release_year,release_month,popularity_level,rating_level,genres,genres_str
1197137,en,Black Phone 2,"Four years after escaping The Grabber, Finney Blake is struggling with his life after captivity. When his sister Gwen begins receiving calls in her dreams from the black phone and seeing disturbing visions of three boys being stalked at a winter camp, the siblings become determined to solve the mystery and confront a killer who has grown more powerful in death and more significant to them than either could imagine.",407.6839904785156,2025-10-15,Black Phone 2,7.2270002365112305,395,https://image.tmdb.org/t/p/w342/xUWUODKPIilQoFUzjHM6wKJkP3Y.jpg,https://image.tmdb.org/t/p/w780/oe2TOWykcLSGq67XPH4Bb0N1oU3.jpg,2025,10,very high,good,"['Horror', 'Thriller']","Horror, Thriller"
1311031,ja,劇場版「鬼滅の刃」無限城編 第一章 猗窩座再来,"The Demon Slayer Corps are drawn into the Infinity Castle, where Tanjiro, Nezuko, and the Hashira face terrifying Upper Rank demons in a desperate fight as the final battle against Muzan Kibutsuji begins.",181.0478973388672,2025-07-18,Demon Slayer: Kimetsu no Yaiba Infinity Castle,7.800000190734863,518,https://image.tmdb.org/t/p/w342/fWVSwgjpT2D78VUh6X8UBd2rorW.jpg,https://image.tmdb.org/t/p/w780/1RgPyOhN4DRs225BGTlHJqCudII.jpg,2025,7,very high,good,"['Animation', 'Action', 'Fantasy', 'Thriller']","Animation, Action, Fantasy, Thriller"
1280450,en,Stolen Girl,"In 1993, Maureen’s six-year-old daughter Amina is snuck out of the country by her ex-husband, Karim. After years of unsuccessful attempts to find her, Maureen intersects with a professional retriever of internationally abducted children who promises to help her find Amina in exchange for her collaboration.",109.75990295410156,2025-09-04,Stolen Girl,6.699999809265137,71,https://image.tmdb.org/t/p/w342/fZlNXEHZsBp7unqw009MeBbMv87.jpg,https://image.tmdb.org/t/p/w780/qcDDn7WeKBenM4nLlOPXAeJ4hpg.jpg,2025,9,very high,average,"['Thriller', 'Action', 'Adventure']","Thriller, Action, Adventure"
1257009,en,Primitive War,"During the Vietnam War, a recon unit ventures to an isolated jungle valley to uncover the fate of a missing platoon. They soon find themselves in a fight for their lives against an unexpected enemy — prehistoric dinosaurs.",73.14109802246094,2025-08-21,Primitive War,6.900000095367432,155,https://image.tmdb.org/t/p/w342/nWBqU5YXmDVJWWEDJ4u3ZSseNVL.jpg,https://image.tmdb.org/t/p/w780/bWF5ImUscXXYia8owpm8coadR4m.jpg,2025,8,very high,average,"['Action', 'Horror', 'War']","Action, Horror, War"
1186350,ml,മാർക്കോ,"The adoptive son of the Adattu family, Marco, sets off on a ruthless quest for vengeance after his brother is brutally murdered, finding only betrayal, loss and unimaginable brutality at every step.",70.32559967041016,2024-12-20,Marco,6.6519999504089355,82,https://image.tmdb.org/t/p/w342/il3ao5gcF6fZNqo1o9o7lusmEyU.jpg,https://image.tmdb.org/t/p/w780/a6RkQIOZ6wThQOEDv6lHsfH53hD.jpg,2024,12,very high,average,"['Action', 'Crime', 'Thriller']","Action, Crime, Thriller"
1078605,en,Weapons,"When all but one child from the same class mysteriously vanish on the same night at exactly the same time, a community is left questioning who or what is behind their disappearance.",58.528099060058594,2025-08-04,Weapons,7.3379998207092285,2271,https://image.tmdb.org/t/p/w342/cpf7vsRZ0MYRQcnLWteD5jK9ymT.jpg,https://image.tmdb.org/t/p/w780/yKWZIDo4ixcDUeelk2QGVA1EVmC.jpg,2025,8,very high,good,"['Horror', 'Mystery']","Horror, Mystery"
604079,en,The Long Walk,"In a dystopian, alternate-America ruled by a totalitarian regime, 50 teenage boys take part in a deadly annual walking contest, forced to maintain a minimum pace or be executed, until only one survivor remains.",56.26470184326172,2025-09-10,The Long Walk,6.948999881744385,710,https://image.tmdb.org/t/p/w342/wobVTa99eW0ht6c1rNNzLkazPtR.jpg,https://image.tmdb.org/t/p/w780/pcJft6lFWsJxutwpLHVYfmZRPQp.jpg,2025,9,very high,average,"['Thriller', 'Horror', 'Science Fiction']","Thriller, Horror, Science Fiction"
760329,en,The Smashing Machine,"In the late 1990s, up-and-coming mixed martial artist Mark Kerr aspires to become the greatest fighter in the world. However, he must also battle his opiod dependence and a volatile relationship with his girlfriend Dawn.",54.436798095703125,2025-10-01,The Smashing Machine,6.5,149,https://image.tmdb.org/t/p/w342/mPuBDGrVIBGOymBxR6rO3iIvBSe.jpg,https://image.tmdb.org/t/p/w780/4TOVar1q5KfUpe1pZOkYqjBOLyI.jpg,2025,10,very high,average,"['History', 'Drama']","History, Drama"
1084242,en,Zootopia 2,"After cracking the biggest case in Zootopia's history, rookie cops Judy Hopps and Nick Wilde find their partnership isn't as solid as they thought when Chief Bogo orders them to join the Partners in Crisis counseling program. But it doesn't take long for their partnership to be put to the ultimate test when they find themselves on the twisting trail of a mystery tied to the arrival of a venomous snake in the animal metropolis.",52.13740158081055,2025-11-26,Zootopia 2,0.0,0,https://image.tmdb.org/t/p/w342/oJ7g2CifqpStmoYQyaLQgEU32qO.jpg,https://image.tmdb.org/t/p/w780/7nfpkR9XsQ1lBNCXSSHxGV7Dkxe.jpg,2025,11,very high,,"['Animation', 'Family', 'Comedy', 'Adventure', 'Mystery']","Animation, Family, Comedy, Adventure, Mystery"
1246049,fr,Dracula,"The story of 15th century Prince Vladimir who curses God following the death of his beloved wife and is turned into a vampire. Later, in 19th century London, he discovers his wife’s doppelgänger and dooms himself by pursuing her.",45.8046989440918,2025-07-30,Dracula: A Love Tale,7.099999904632568,349,https://image.tmdb.org/t/p/w342/33SzuggkFlHAy3FE5qM9YmoMSOf.jpg,https://image.tmdb.org/t/p/w780/nt0HRxlzOXRpPJtl2FmeBCO6MeR.jpg,2025,7,very high,good,"['Horror', 'Fantasy', 'Romance']","Horror, Fantasy, Romance"
701387,en,Bugonia,"Two conspiracy obsessed young men kidnap the high-powered CEO of a major company, convinced that she is an alien intent on destroying planet Earth.",45.2421989440918,2025-10-23,Bugonia,7.638999938964844,273,https://image.tmdb.org/t/p/w342/oxgsAQDAAxA92mFGYCZllgWkH9J.jpg,https://image.tmdb.org/t/p/w780/3JFsKuQkTh7ZtmPWKGDq2BoLtTI.jpg,2025,10,very high,good,"['Science Fiction', 'Crime']","Science Fiction, Crime"
1107216,fr,Falcon Express,"When a train unexpectedly starts up, taking only pets with it, the animals discover that Hans, a badger with a grudge is behind it all. While the crash seems inevitable, the animals can count on Falcon, a roguish Raccoon who will do anything to save them.",43.02130126953125,2025-07-02,Pets on a Train,6.900000095367432,27,https://image.tmdb.org/t/p/w342/xSibLTRfsUQagQnbOQLjp5oGbcq.jpg,https://image.tmdb.org/t/p/w780/3Gjo73aMqNWxNdBa7PeEj7AXJ3E.jpg,2025,7,very high,average,"['Animation', 'Comedy', 'Adventure', 'Thriller']","Animation, Comedy, Adventure, Thriller"
425274,en,Now You See Me: Now You Don't,"The Four Horsemen return along with a new generation of illusionists performing mind-melding twists, turns, surprises, and magic unlike anything ever captured on film.",31.792600631713867,2025-11-12,Now You See Me: Now You Don't,7.099999904632568,5,https://image.tmdb.org/t/p/w342/oD3Eey4e4Z259XLm3eD3WGcoJAh.jpg,https://image.tmdb.org/t/p/w780/9TGMVBLpeXyYw8WymMGpfGpbHi4.jpg,2025,11,very high,good,"['Thriller', 'Crime', 'Mystery']","Thriller, Crime, Mystery"
402431,en,Wicked,"In the land of Oz, ostracized and misunderstood green-skinned Elphaba is forced to share a room with the popular aristocrat Glinda at Shiz University, and the two's unlikely friendship is tested as they begin to fulfill their respective destinies as Glinda the Good and the Wicked Witch of the West.",31.763999938964844,2024-11-20,Wicked,6.900000095367432,2497,https://image.tmdb.org/t/p/w342/xDGbZ0JJ3mYaGKy4Nzd9Kph6M9L.jpg,https://image.tmdb.org/t/p/w780/uKb22E0nlzr914bA9KyA5CVCOlV.jpg,2024,11,very high,average,"['Drama', 'Romance', 'Fantasy']","Drama, Romance, Fantasy"
967941,en,Wicked: For Good,"As an angry mob rises against the Wicked Witch, Glinda and Elphaba will need to come together one final time. With their singular friendship now the fulcrum of their futures, they will need to truly see each other, with honesty and empathy, if they are to change themselves, and all of Oz, for good.",28.296199798583984,2025-11-17,Wicked: For Good,0.0,0,https://image.tmdb.org/t/p/w342/si9tolnefLSUKaqQEGz1bWArOaL.jpg,https://image.tmdb.org/t/p/w780/l8pwO23MCvqYumzozpxynCNfck1.jpg,2025,11,very high,,"['Romance', 'Fantasy', 'Adventure']","Romance, Fantasy, Adventure"
1033148,en,Die My Love,"Grace, a writer and young mother, is slowly slipping into madness. Locked away in an old house in Montana, her increasingly agitated and erratic behaviour leaves her companion, Jackson, worried and helpless.",27.17799949645996,2025-10-06,Die My Love,7.071000099182129,14,https://image.tmdb.org/t/p/w342/uDMehIQIgqSCSkTINIfmKeqEt06.jpg,https://image.tmdb.org/t/p/w780/ltIxMsVJD9iiD5V4SBp4kv3KhVb.jpg,2025,10,very high,good,['Drama'],Drama
798645,en,The Running Man,"Desperate to save his sick daughter, working-class Ben Richards is convinced by The Running Man's charming but ruthless producer to enter the deadly competition game as a last resort. But Ben's defiance, instincts, and grit turn him into an unexpected fan favorite - and a threat to the entire system. As ratings skyrocket, so does the danger, and Ben must outwit not just the Hunters, but a nation addicted to watching him fall.",26.51759910583496,2025-11-11,The Running Man,9.0,2,https://image.tmdb.org/t/p/w342/bnGKTYXVkQp0TKWRfAvTTY1y2XC.jpg,https://image.tmdb.org/t/p/w780/jFhdb45moOI78fkvtRNybjs1H4h.jpg,2025,11,very high,excellent,"['Action', 'Thriller', 'Science Fiction']","Action, Thriller, Science Fiction"
986097,en,HIM,"After suffering a potentially career-ending brain trauma, Cameron Cade receives a lifeline when his hero, legendary eight-time Championship quarterback and cultural megastar Isaiah White, offers to train Cam at Isaiah's isolated compound that he shares with his celebrity influencer wife. But as Cam's training accelerates, Isaiah's charisma begins to curdle into something darker.",23.33049964904785,2025-09-18,HIM,5.900000095367432,200,https://image.tmdb.org/t/p/w342/qPJzcYR2f1O1uynYBCVPPJuOiAH.jpg,https://image.tmdb.org/t/p/w780/jzzpCJWkVZZwAxzzLmtYN0MBWFd.jpg,2025,9,very high,average,"['Horror', 'Mystery']","Horror, Mystery"
1086260,en,The Astronaut,"After returning from her first space mission, astronaut Sam Walker is placed under NASA’s care at a high security house for rehabilitation and medical testing. However, when disturbing occurrences begin happening around the property, she fears that something extraterrestrial has followed her back to Earth",23.095699310302734,2025-09-26,The Astronaut,5.814000129699707,79,https://image.tmdb.org/t/p/w342/souvvkJHYhztC1UqZ8lEVUiJa3J.jpg,https://image.tmdb.org/t/p/w780/8GP1eCp2C2izK9TMtIdYrr77ZaP.jpg,2025,9,very high,average,"['Horror', 'Science Fiction', 'Thriller']","Horror, Science Fiction, Thriller"
1214931,en,Nuremberg,"In postwar Germany, an American psychiatrist must determine whether Nazi prisoners are fit to go on trial for war crimes, and finds himself in a complex battle of intellect and ethics with Hermann Göring, Hitler's right-hand man.",20.475400924682617,2025-11-06,Nuremberg,7.25,8,https://image.tmdb.org/t/p/w342/gOPHBaJJNpNDEnTHmDixg5JS8yp.jpg,https://image.tmdb.org/t/p/w780/xsO1Qgru8sETLTcVla8MrqxOVr0.jpg,2025,11,very high,good,"['History', 'Drama', 'Thriller', 'War']","History, Drama, Thriller, War"
674,en,Harry Potter and the Goblet of Fire,"When Harry Potter's name emerges from the Goblet of Fire, he becomes a competitor in a grueling battle for glory among three wizarding schools—the Triwizard Tournament. But since Harry never submitted his name for the Tournament, who did? Now Harry must confront a deadly dragon, fierce water demons and an enchanted maze only to find himself in the cruel grasp of He Who Must Not Be Named.",19.773399353027344,2005-11-16,Harry Potter and the Goblet of Fire,7.800000190734863,21562,https://image.tmdb.org/t/p/w342/fECBtHlr0RB3foNHDiCBXeg9Bv9.jpg,https://image.tmdb.org/t/p/w780/8f9dnOtpArDrOMEylpSN9Sc6fuz.jpg,2005,11,very high,good,"['Adventure', 'Fantasy']","Adventure, Fantasy"
1500536,zh,南京照相馆,"In the Nanjing Massacre of 1937, in order to save his life, postman A Chang pretended to be a photo developer in a photo studio and developed photos for the Japanese army. He also took in a group of Chinese soldiers and civilians, turning the studio into a temporary shelter. However, in the face of the Japanese army's cruel atrocities, A Chang risked his life to safely transfer the refugees and exposed the evidence of the massacre to the public.",16.16230010986328,2025-07-19,Dead to Rights,8.47599983215332,42,https://image.tmdb.org/t/p/w342/rx9xTly73NssFHPg9gKrX9tJdDI.jpg,https://image.tmdb.org/t/p/w780/kCwq6aINmOahhirXHlu2I8yOsUI.jpg,2025,7,very high,good,"['Drama', 'War', 'History']","Drama, War, History"
1419406,zh,捕风追影,Macau Police brings the tracking expert police officer out of retirement to help catch a dangerous group of professional thieves.,18.4783992767334,2025-08-16,The Shadow's Edge,7.199999809265137,35,https://image.tmdb.org/t/p/w342/e0RU6KpdnrqFxDKlI3NOqN8nHL6.jpg,https://image.tmdb.org/t/p/w780/4BtL2vvEufDXDP4u6xQjjQ1Y2aT.jpg,2025,8,very high,good,"['Action', 'Crime', 'Thriller']","Action, Crime, Thriller"
1223601,fi,Sisu 2,"Returning to the house where his family was brutally murdered during the war, 'the man who refuses to die' dismantles it, loads it on a truck, and is determined to rebuild it somewhere safe in their honor. When the Red Army commander who killed his family comes back hellbent on finishing the job, a relentless, eye-popping cross-country chase ensues — a fight to the death.",17.896499633789062,2025-10-21,Sisu: Road to Revenge,8.0,3,https://image.tmdb.org/t/p/w342/7vqxJA6jQP3x0gfF3otdWlJgFuF.jpg,https://image.tmdb.org/t/p/w780/aYwd43E8aq2fQiak0SU8dbCjyZ5.jpg,2025,10,very high,good,"['Action', 'War']","Action, War"
121,en,The Lord of the Rings: The Two Towers,"Frodo Baggins and the other members of the Fellowship continue on their sacred quest to destroy the One Ring--but on separate paths. Their destinies lie at two towers--Orthanc Tower in Isengard, where the corrupt wizard Saruman awaits, and Sauron's fortress at Barad-dur, deep within the dark lands of Mordor. Frodo and Sam are trekking to Mordor to destroy the One Ring of Power while Gimli, Legolas and Aragorn search for the orc-captured Merry and Pippin. All along, nefarious wizard Saruman awaits the Fellowship members at the Orthanc Tower in Isengard.",14.89430046081543,2002-12-18,The Lord of the Rings: The Two Towers,8.41100025177002,23068,https://image.tmdb.org/t/p/w342/5VTN0pR8gcqV3EPUHHfMGnJYN9L.jpg,https://image.tmdb.org/t/p/w780/kWYfW2Re0rUDE6IHhy4CRuKWeFr.jpg,2002,12,very high,good,"['Adventure', 'Fantasy', 'Action']","Adventure, Fantasy, Action"
1549517,tl,Balahibong Pusa,Details Here,17.4507999420166,2025-11-28,Cat's Hair,0.0,0,https://image.tmdb.org/t/p/w342/46LcxNYZS4QcEeq4ZDuWyVuqN7W.jpg,https://image.tmdb.org/t/p/w780/iGQmjutq9XqcnaSUSrg7AWWrQ8h.jpg,2025,11,very high,,"['Drama', 'Romance']","Drama, Romance"
1386827,en,Coyotes,"Trapped in their Hollywood Hills home, a family fights for survival when caught between a raging wildfire and a pack of savage coyotes. As the city loses power and chaos spreads, nature turns feral - and what starts as isolated attacks escalates into a terrifying siege they may not all survive.",17.74020004272461,2025-10-02,Coyotes,5.900000095367432,25,https://image.tmdb.org/t/p/w342/fSzs9ZXYcrln0FRrjGIPCjuB6En.jpg,https://image.tmdb.org/t/p/w780/z7OrG1YBDEpGJ3awOnvk7BMZryE.jpg,2025,10,very high,average,"['Horror', 'Comedy']","Horror, Comedy"
986097,en,HIM,"After suffering a potentially career-ending brain trauma, Cameron Cade receives a lifeline when his hero, legendary eight-time Championship quarterback and cultural megastar Isaiah White, offers to train Cam at Isaiah's isolated compound that he shares with his celebrity influencer wife. But as Cam's training accelerates, Isaiah's charisma begins to curdle into something darker.",23.33049964904785,2025-09-18,HIM,5.900000095367432,200,https://image.tmdb.org/t/p/w342/qPJzcYR2f1O1uynYBCVPPJuOiAH.jpg,https://image.tmdb.org/t/p/w780/jzzpCJWkVZZwAxzzLmtYN0MBWFd.jpg,2025,9,very high,average,"['Horror', 'Mystery']","Horror, Mystery"
1228246,en,Five Nights at Freddy's 2,"One year since the supernatural nightmare at Freddy Fazbear's Pizza, the stories about what transpired there have been twisted into a campy local legend, inspiring the town's first ever Fazfest. With the truth about what transpired kept from her, Abby sneaks out to reconnect with Freddy, Bonnie, Chica, and Foxy, setting into motion a terrifying series of events that will reveal dark secrets about the true origin of Freddy's, and unleash a long-forgotten horror hidden away for decades.",16.26140022277832,2025-12-03,Five Nights at Freddy's 2,0.0,0,https://image.tmdb.org/t/p/w342/bYdANgEjbb3L1k1KpprAeZ6a5HN.jpg,https://image.tmdb.org/t/p/w780/rBjsoUKM0FDuAzYkRW3hd6UtHiq.jpg,2025,12,very high,,"['Horror', 'Thriller']","Horror, Thriller"
1364608,en,Anemone,"Middle-aged Jem sets out from his suburban home on a journey into the woods, where he reconnects with his estranged hermit brother Ray. Bonded by a mysterious, complicated past, the men share a fraught, if occasionally tender relationship—one that was forever altered by shattering events decades earlier.",14.735099792480469,2025-10-02,Anemone,5.940000057220459,42,https://image.tmdb.org/t/p/w342/kXFHVJqZkWtkSRlLpv2clN8KP6E.jpg,https://image.tmdb.org/t/p/w780/4nExMuYsypZasoX8ri3t0lYLfAF.jpg,2025,10,very high,average,['Drama'],Drama
1064307,no,Spermageddon,"Two narrative threads: one is an emerging love story between awkward teens Jens and Lisa, who are having sex for the first time; the other, an eventful quest of Simon the Semen and his friends to reach the golden goal, the Egg.",14.59179973602295,2025-02-21,Spermageddon,6.400000095367432,95,https://image.tmdb.org/t/p/w342/n7SFxle8CVzMXzfV8GNCXqdg78m.jpg,https://image.tmdb.org/t/p/w780/5OEcsHKZy9TLFz9qXLp5NJN9K8e.jpg,2025,2,very high,average,"['Animation', 'Adventure', 'Fantasy', 'Comedy']","Animation, Adventure, Fantasy, Comedy"
1144107,zh,罗小黑战记 2,"When an attack shatters the fragile peace between the spirit world and humanity, Hei teams up with Luye, the last disciple of his Shifu Wuxian, to expose a conspiracy that threatens both realms - and the bond they've sworn to protect.",13.139100074768066,2025-07-18,The Legend of Hei 2,8.276000022888184,29,https://image.tmdb.org/t/p/w342/l1Q7YzanazjJescEkSfcRuIj1hR.jpg,https://image.tmdb.org/t/p/w780/uJEZaEM2hY3MG50CgZ3z9jeTwmp.jpg,2025,7,very high,good,"['Animation', 'Fantasy', 'Action']","Animation, Fantasy, Action"
11688,en,The Emperor's New Groove,"When self-centered Emperor Kuzco is turned into a llama by his scheming advisor, he is forced to rely on good-hearted peasant Pacha to get back home.",15.77560043334961,2000-12-15,The Emperor's New Groove,7.599999904632568,7066,https://image.tmdb.org/t/p/w342/wwbgkXQBEKtnyIJapk6gUgWkVw8.jpg,https://image.tmdb.org/t/p/w780/mZj8EUr6F1x2PWZjKPxaeYd5WRw.jpg,2000,12,very high,good,"['Adventure', 'Animation', 'Comedy', 'Family', 'Fantasy']","Adventure, Animation, Comedy, Family, Fantasy"
1241436,en,Warfare,"A platoon of Navy SEALs embarks on a dangerous mission in Ramadi, Iraq, with the chaos and brotherhood of war retold through their memories of the event.",14.313799858093262,2025-04-09,Warfare,7.123000144958496,1102,https://image.tmdb.org/t/p/w342/srj9rYrjefyWqkLc6l2xjTGeBGO.jpg,https://image.tmdb.org/t/p/w780/cJvUJEEQ86LSjl4gFLkYpdCJC96.jpg,2025,4,very high,good,"['War', 'Action']","War, Action"
1539104,ja,劇場版 呪術廻戦「渋谷事変 特別編集版」×「死滅回游 先行上映」,"A veil abruptly descends over the busy Shibuya area amid the bustling Halloween crowds, trapping countless civilians inside. Satoru Gojo, the strongest jujutsu sorcerer, steps into the chaos. But lying in wait are curse users and spirits scheming to seal him away. Yuji Itadori, accompanied by his classmates and other top-tier jujutsu sorcerers, enters the fray in an unprecedented clash of curses — the Shibuya Incident. In the aftermath, ten colonies across Japan are transformed into dens of curses in a plan orchestrated by Noritoshi Kamo. As the deadly Culling Game starts, Special Grade sorcerer Yuta Okkotsu is assigned to carry out Yuji's execution for his perceived crimes. A compilation movie of Shibuya Incident including the first two episodes of the Culling Games arc.",13.556099891662598,2025-11-07,JUJUTSU KAISEN: Execution -Shibuya Incident x The Culling Game Begins-,0.0,0,https://image.tmdb.org/t/p/w342/tc7RrVW5FGvyO2tsgW6LIN1esHI.jpg,https://image.tmdb.org/t/p/w780/gtKglOSEq3d4MgQE4VsrT1sRkd0.jpg,2025,11,very high,,"['Animation', 'Action']","Animation, Action"
957119,en,Sidelined: The QB and Me,"Dallas, a burdened but headstrong dancer, is determined to get into the best dance school in the country—her late mother’s alma mater. However, that dream is suddenly derailed when the cheeky yet secretly grieving football star, Drayton, crashes into her life with a unique story of his own. Will the two of them be able to grow into their dreams together, or will their dreams be sidelined?",15.481200218200684,2025-02-06,Sidelined: The QB and Me,6.099999904632568,103,https://image.tmdb.org/t/p/w342/mSL6truNrWP1Bn9ng1rN0SkMI4f.jpg,https://image.tmdb.org/t/p/w780/cmT2WYpFBRk4UjQ0P984BoF8Eba.jpg,2025,2,very high,average,"['Comedy', 'Romance']","Comedy, Romance"
1230368,en,Springsteen: Deliver Me from Nowhere,"Bruce Springsteen, a young musician on the cusp of global superstardom, struggles to reconcile the pressures of success with the ghosts of his past.",10.390700340270996,2025-10-22,Springsteen: Deliver Me from Nowhere,7.0,90,https://image.tmdb.org/t/p/w342/csBV3eq4RDjNg1acNQ8kwOZyPlZ.jpg,https://image.tmdb.org/t/p/w780/7OwZxXuLPtCFjdqJdiTuEE1DE4J.jpg,2025,10,very high,average,"['Drama', 'Music']","Drama, Music"
508883,ja,君たちはどう生きるか,"While the Second World War rages, the teenage Mahito, haunted by his mother's tragic death, is relocated from Tokyo to the serene rural home of his new stepmother Natsuko, a woman who bears a striking resemblance to the boy's mother. As he tries to adjust, this strange new world grows even stranger following the appearance of a persistent gray heron, who perplexes and bedevils Mahito, dubbing him the ""long-awaited one.""",9.299400329589844,2023-07-14,The Boy and the Heron,7.400000095367432,2381,https://image.tmdb.org/t/p/w342/f4oZTcfGrVTXKTWg157AwikXqmP.jpg,https://image.tmdb.org/t/p/w780/a0GM57AnJtNi7lMOCamniiyV10W.jpg,2023,7,very high,good,"['Animation', 'Adventure', 'Fantasy', 'Family', 'Drama']","Animation, Adventure, Fantasy, Family, Drama"
118,en,Charlie and the Chocolate Factory,"A young boy wins a tour through the most magnificent chocolate factory in the world, led by the world's most unusual candy maker.",10.722000122070312,2005-07-13,Charlie and the Chocolate Factory,7.0,15734,https://image.tmdb.org/t/p/w342/iKP6wg3c6COUe8gYutoGG7qcPnO.jpg,https://image.tmdb.org/t/p/w780/bSvUW4JQ6g4QiKvwejcfcPRd4Ke.jpg,2005,7,very high,average,"['Adventure', 'Comedy', 'Family', 'Fantasy']","Adventure, Comedy, Family, Fantasy"
1220564,pt,O Agente Secreto,"In 1977 Recife, Marcelo, a technology expert in his early forties, returns in the midst of Carnaval to reunite with his son and plot a dangerous escape under the ever-watchful eyes of Brazil’s repressive military regime.",10.571100234985352,2025-07-23,The Secret Agent,8.567000389099121,30,https://image.tmdb.org/t/p/w342/ovn2eHUXwEaYwB9owrg8gY4awpj.jpg,https://image.tmdb.org/t/p/w780/eeGRpU64sIrRApjWXvTpK5Lep2K.jpg,2025,7,very high,excellent,"['Drama', 'Thriller', 'History']","Drama, Thriller, History"
118,en,Charlie and the Chocolate Factory,"A young boy wins a tour through the most magnificent chocolate factory in the world, led by the world's most unusual candy maker.",10.722000122070312,2005-07-13,Charlie and the Chocolate Factory,7.0,15734,https://image.tmdb.org/t/p/w342/iKP6wg3c6COUe8gYutoGG7qcPnO.jpg,https://image.tmdb.org/t/p/w780/bSvUW4JQ6g4QiKvwejcfcPRd4Ke.jpg,2005,7,very high,average,"['Adventure', 'Comedy', 'Family', 'Fantasy']","Adventure, Comedy, Family, Fantasy"
1220564,pt,O Agente Secreto,"In 1977 Recife, Marcelo, a technology expert in his early forties, returns in the midst of Carnaval to reunite with his son and plot a dangerous escape under the ever-watchful eyes of Brazil’s repressive military regime.",10.571100234985352,2025-07-23,The Secret Agent,8.600000381469727,32,https://image.tmdb.org/t/p/w342/ovn2eHUXwEaYwB9owrg8gY4awpj.jpg,https://image.tmdb.org/t/p/w780/eeGRpU64sIrRApjWXvTpK5Lep2K.jpg,2025,7,very high,excellent,"['Drama', 'Thriller', 'History']","Drama, Thriller, History"
1547917,en,Melt My Heart This Christmas,"Holly, a passionate glassblower, has big dreams of showcasing her art at the local fair, but keeps getting rejected. So, she jumps at the opportunity to help a legendary glassblower while also helping Jack, the man who oversees the entries. Things get complicated when Holly starts secretly displaying her own art under a pseudonym — and it becomes a hit — but she also starts getting closer to Jack.",10.555000305175781,2025-11-18,Melt My Heart This Christmas,0.0,0,https://image.tmdb.org/t/p/w342/vQ85dFvwHjstOTG3dt4ZqPMQD1w.jpg,https://image.tmdb.org/t/p/w780/3DFiwLL501I871dFjvXZqC4aj9U.jpg,2025,11,very high,,['Romance'],Romance
1230368,en,Springsteen: Deliver Me from Nowhere,"Bruce Springsteen, a young musician on the cusp of global superstardom, struggles to reconcile the pressures of success with the ghosts of his past.",10.390700340270996,2025-10-22,Springsteen: Deliver Me from Nowhere,7.0,90,https://image.tmdb.org/t/p/w342/csBV3eq4RDjNg1acNQ8kwOZyPlZ.jpg,https://image.tmdb.org/t/p/w780/7OwZxXuLPtCFjdqJdiTuEE1DE4J.jpg,2025,10,very high,average,"['Drama', 'Music']","Drama, Music"
648878,en,Eddington,"In May of 2020, a standoff between a small-town sheriff and mayor sparks a powder keg as neighbor is pitted against neighbor in Eddington, New Mexico.",9.985099792480469,2025-07-16,Eddington,6.493000030517578,443,https://image.tmdb.org/t/p/w342/4GIqZUgPZ146BhibsPHMHef2nXX.jpg,https://image.tmdb.org/t/p/w780/5PJkK2iVXRO1ydrtgwuJdevmnOe.jpg,2025,7,very high,average,"['Western', 'Comedy', 'Crime']","Western, Comedy, Crime"
1214130,en,Stitch Head,"Stitch Head was the first creature brought to 'almost life' by mad professor Erasmus. In the years since, he’s become nursemaid to the master’s ever-growing menagerie of neglected creatures, tasked with teaching them to suppress their 'inner monster' and hide out in the castle — away from prying eyes and itchy pitchfork fingers, of the village mob in the valley below. But when grubby circus impresario Fulbert Freakfinder arrives offering Stitch Head a starring role in his freak show, our hero is tempted by the promise of love and acceptance.",9.69629955291748,2025-10-16,Stitch Head,6.599999904632568,5,https://image.tmdb.org/t/p/w342/p0ZOIaQ8oLEGmQVrYcmvIOUuSqs.jpg,https://image.tmdb.org/t/p/w780/iJjwX97EKkcfZRMtoE9C3Uc0kz3.jpg,2025,10,very high,average,"['Animation', 'Adventure', 'Family', 'Comedy']","Animation, Adventure, Family, Comedy"
1376439,fr,Jean Valjean,"Jean Valjean is released from prison after nineteen years of hard labor, violence, and suffering. Filled with anger and a deep sense of injustice, he has become a dangerous man who trusts no one and nothing. When he arrives in a small village in Provence, he is repeatedly turned away. Desperate, he unknowingly finds refuge at the house of Bishop Bienvenu, who lives simply, with his sister and a single servant. There, he is surprised by their warm welcome, and his inner demons start to waver. But the temptation to be what society sees in him still haunts him, and he steals the Bishop’s silverware. When the police ultimately catches him, the Bishop forgives him and gifts him the candlesticks. This acts becomes the starting point of Jean Valjean’ transformation into a new man who reclaims his humanity.",9.696000099182129,2025-11-19,Les Misérables: The Story of Jean Valjean,0.0,0,https://image.tmdb.org/t/p/w342/rVyRpwTgsd0XzueCt7mImX6CNnZ.jpg,https://image.tmdb.org/t/p/w780/nDOTcvuWFPrGROgba5BSn85OAxA.jpg,2025,11,very high,,"['Drama', 'History']","Drama, History"
1337562,en,Splitsville,"After Ashley asks for a divorce, good-natured Carey runs to his friends, Julie and Paul, for support. He’s shocked to discover that the secret to their happiness is an open marriage, that is until Carey crosses the line and throws all of their relationships into chaos.",9.597700119018555,2025-08-21,Splitsville,6.400000095367432,92,https://image.tmdb.org/t/p/w342/gxCv6kUdywxYzIXX6xYcmX5APUV.jpg,https://image.tmdb.org/t/p/w780/1s2qd3Og2vPiqYgWxt8BpTyH3n4.jpg,2025,8,very high,average,['Comedy'],Comedy
11778,en,The Deer Hunter,"A group of working-class friends decide to enlist in the Army during the Vietnam War and finds it to be hellish chaos -- not the noble venture they imagined. Before they left, Steven married his pregnant girlfriend -- and Michael and Nick were in love with the same woman. But all three are different men upon their return.",9.359700202941895,1978-12-08,The Deer Hunter,8.0,4057,https://image.tmdb.org/t/p/w342/bbGtogDZOg09bm42KIpCXUXICkh.jpg,https://image.tmdb.org/t/p/w780/ojG57hVx69vhk5DDGPIcfyRR55I.jpg,1978,12,very high,good,"['Drama', 'War']","Drama, War"
1477538,en,Timeless Tidings of Joy,"Ally, inherits Timeless Tidings, a shop her grandmother, Joy, opened in the 1940s to sell her handmade letter-press tidings. The shop was a labor of love, service, and sacrifice throughout the decades for Joy. Ally always saw Joy’s sacrifices for the shop as a burden on Joy’s life and happiness. When Ally returns to the shop to prepare it for sale, she meets Bennett, an old soul, who wants to preserve her Grandma Joy’s legacy. As Ally and Bennett navigate the next steps, divine intervention forces them both to take a new, or rather old look at the fate of the shop and themselves.",9.334600448608398,2025-11-13,Timeless Tidings of Joy,0.0,0,https://image.tmdb.org/t/p/w342/iHRLMwAtMR6rDZlheUmFwbjhCnN.jpg,https://image.tmdb.org/t/p/w780/AdiKeyNXhm84JUaLejJqLnLwqwv.jpg,2025,11,very high,,"['TV Movie', 'Comedy', 'Romance']","TV Movie, Comedy, Romance"
508883,ja,君たちはどう生きるか,"While the Second World War rages, the teenage Mahito, haunted by his mother's tragic death, is relocated from Tokyo to the serene rural home of his new stepmother Natsuko, a woman who bears a striking resemblance to the boy's mother. As he tries to adjust, this strange new world grows even stranger following the appearance of a persistent gray heron, who perplexes and bedevils Mahito, dubbing him the ""long-awaited one.""",9.299400329589844,2023-07-14,The Boy and the Heron,7.400000095367432,2381,https://image.tmdb.org/t/p/w342/f4oZTcfGrVTXKTWg157AwikXqmP.jpg,https://image.tmdb.org/t/p/w780/a0GM57AnJtNi7lMOCamniiyV10W.jpg,2023,7,very high,good,"['Animation', 'Adventure', 'Fantasy', 'Family', 'Drama']","Animation, Adventure, Fantasy, Family, Drama"
1254808,fr,Nouvelle Vague,"After writing for Cahiers du cinéma, a young Jean-Luc Godard decides making films is the best film criticism. He convinces producer Georges de Beauregard to fund a low-budget feature, and creates a treatment with fellow New Wave filmmaker François Truffaut about a gangster couple. The result? Breathless, one of the first features of the Nouvelle Vague era of French cinema.",9.221400260925293,2025-10-08,Nouvelle Vague,7.696000099182129,28,https://image.tmdb.org/t/p/w342/iEsKWwWj2EWr6pQG4iEzn0WnHDL.jpg,https://image.tmdb.org/t/p/w780/c15Fg4jvclF5VjxCi1mtjUg4a6H.jpg,2025,10,very high,good,"['Comedy', 'Drama', 'History']","Comedy, Drama, History"
1287322,en,Christy,"Christy Martin never imagined life beyond her small-town roots in West Virginia—until she discovered a knack for punching people. Fueled by grit, raw determination, and an unshakable desire to win, she charges into the world of boxing under the guidance of her trainer and manager-turned-husband, Jim. But while Christy flaunts a fiery persona in the ring, her toughest battles unfold outside it—confronting family, identity, and a relationship that just might become life-or-death.",9.020600318908691,2025-11-06,Christy,9.0,3,https://image.tmdb.org/t/p/w342/dYQ63YbeHgaukE7I2d3cC9Lnoor.jpg,https://image.tmdb.org/t/p/w780/3dgklKoEwdeehcXNMIyw9ukdZQ5.jpg,2025,11,very high,excellent,"['Drama', 'History']","Drama, History"
1310568,en,Murder at the Embassy,"1934. Private detective Miranda Green investigates a murder perpetrated in the British Embassy in Cairo, where a top secret document was stolen, risking to jeopardize both Buckingham Palace and the peace of the world. All those present in this closed place are suspected: the American photographer, the English student, the American actress, the Egyptian security guard, the ambassador interpreter, the Egyptian gardener and - why not? — the Ambassador himself. But who would have expected that a small group of Nazis would be behind a plot, risking to jeopardize both Buckingham Palace and the peace of the world?",8.666199684143066,2025-11-14,Murder at the Embassy,0.0,0,https://image.tmdb.org/t/p/w342/w99NALWwxbsH8stYq1EBkbBa0u2.jpg,https://image.tmdb.org/t/p/w780/rg3w4vybOG9Dw5AJo2Py2HiDLYd.jpg,2025,11,very high,,"['Mystery', 'Thriller']","Mystery, Thriller"
11645,ja,乱,Shakespeare's King Lear is reimagined as a singular historical epic set in sixteenth-century Japan where an aging warlord divides his kingdom between his three sons.,8.53339958190918,1985-06-01,Ran,8.045999526977539,1693,https://image.tmdb.org/t/p/w342/jQnUtWaHYfqnXPOIf77K7Ycqk4M.jpg,https://image.tmdb.org/t/p/w780/gfR3GEClL7WrNpQOg8mcPhM8fx6.jpg,1985,6,very high,good,"['Action', 'Drama', 'History']","Action, Drama, History"
1303162,ja,はたらく細胞,"A novice red blood cell and a relentless white blood cell work together to protect their human from invading germs, pathogens and other threats.",8.485199928283691,2024-12-13,Cells at Work!,7.900000095367432,48,https://image.tmdb.org/t/p/w342/kr67sOdZFPimMYLAmg6eTembFVQ.jpg,https://image.tmdb.org/t/p/w780/cc4EscS4JtKobKtoUQVzKWIyZfl.jpg,2024,12,very high,good,"['Adventure', 'Action', 'Comedy', 'Fantasy']","Adventure, Action, Comedy, Fantasy"
1088166,en,Relay,A broker of lucrative payoffs between corrupt corporations and the individuals who threaten them breaks his own rules when a new client seeks his protection to stay alive.,8.372200012207031,2025-08-21,Relay,7.099999904632568,160,https://image.tmdb.org/t/p/w342/mpwccO2L8LUVtVTJTdgUVgoQqAo.jpg,https://image.tmdb.org/t/p/w780/1ZnEOaOUj2e2Fq6Y7wo9KeH5rS6.jpg,2025,8,very high,good,['Thriller'],Thriller
1290183,ko,퍼스트 라이드,"Four lifelong friends—Tae-jeong, Do-jin, Yeon-min, and Geum-bok—dreamed of an epic trip abroad, but life got in the way. Years later, older but not necessarily wiser, they finally embark on their long-overdue journey. Planned as a carefree getaway, however, the trip derails into a whirlwind of unexpected chaos, hilariously absurd detours, and buried emotions resurfacing. As they stumble through misadventures, their first ride together turns into a spectacular journey—one for the ages.",8.345600128173828,2025-10-29,The First Ride,8.0,1,https://image.tmdb.org/t/p/w342/s2EFPFiDGI6UwLojxmY2gkqXAZS.jpg,https://image.tmdb.org/t/p/w780/1IMGRRPJYpdO7hNxsBgrexYxxGx.jpg,2025,10,very high,good,"['Comedy', 'Drama', 'Adventure']","Comedy, Drama, Adventure"
1235746,en,Dead of Winter,"A widowed fisherwoman, travelling alone through snowbound northern Minnesota, interrupts the kidnapping of a teenage girl. Hours from the nearest town and with no phone service, she realizes that she is the young girl's only hope.",8.119799613952637,2025-09-23,Dead of Winter,6.513000011444092,80,https://image.tmdb.org/t/p/w342/5DcrN62sGAiRJxt8rXSRlSRLwIE.jpg,https://image.tmdb.org/t/p/w780/ajdB8AoHKrYlOR4yMDMZYLFyfdj.jpg,2025,9,very high,average,['Thriller'],Thriller
9470,cn,功夫,"It's the 1940s, and the notorious Axe Gang terrorizes Shanghai. Small-time criminals Sing and Bone hope to join, but they only manage to make lots of very dangerous enemies. Fortunately for them, kung fu masters and hidden strength can be found in unlikely places. Now they just have to take on the entire Axe Gang.",8.096400260925293,2004-02-10,Kung Fu Hustle,7.47599983215332,3009,https://image.tmdb.org/t/p/w342/exbyTbrvRUDKN2mcNEuVor4VFQW.jpg,https://image.tmdb.org/t/p/w780/8NT7h1CxdXapqt6hdLhfFcoZJAU.jpg,2004,2,very high,good,"['Action', 'Comedy', 'Crime', 'Fantasy']","Action, Comedy, Crime, Fantasy"
1456349,fa,یک تصادف ساده,"Vahid, an Azerbaijani auto mechanic, was once imprisoned by Iranian authorities. During his sentence, he was interrogated blindfolded. One day, a man named Eqbal enters his workshop. His prosthetic leg creaks, and Vahid thinks he recognizes one of his former torturers.",7.875100135803223,2025-09-27,It Was Just an Accident,6.9070000648498535,97,https://image.tmdb.org/t/p/w342/eNYGj2DG3n8OrVPTfYunpPW9uas.jpg,https://image.tmdb.org/t/p/w780/xbD4brQDBMPhh3Xv459m4XmVJG.jpg,2025,9,very high,average,"['Drama', 'Thriller', 'Crime']","Drama, Thriller, Crime"
937941,en,Shelby Oaks,A woman's obsessive search for her missing sister leads her into a terrifying mystery at the hands of an unknown evil.,7.591899871826172,2025-10-02,Shelby Oaks,5.800000190734863,31,https://image.tmdb.org/t/p/w342/i3omY4P6QUzFQlEeclWY92RuXCH.jpg,https://image.tmdb.org/t/p/w780/jOuu4mEBOuJVb6CkkmRDpjnrZed.jpg,2025,10,very high,average,"['Horror', 'Mystery', 'Thriller']","Horror, Mystery, Thriller"
1533838,en,A Royal Christmas Hope,"Julia Carter, the director of a nonprofit called Hope For All, prepares for the busy Christmas season. Despite financial challenges, Julia is determined to keep the holiday spirit alive for families in need. Prince Christopher of St. Monica, seeking a break from royal duties, travels to America for a different Christmas experience. He meets Julia, and, under the guise of a tech executive, volunteers at her nonprofit. As he becomes more involved in her world, an unlikely romance blossoms between Julia and Christopher.",7.471799850463867,2025-11-23,A Royal Christmas Hope,0.0,0,https://image.tmdb.org/t/p/w342/dQZ0ZtDY4tVSXgTR1Gr1GJuEg9T.jpg,https://image.tmdb.org/t/p/w780/2pUIMBaMZbE6z27B8JbFALpDWD3.jpg,2025,11,very high,,['Romance'],Romance
1261825,en,Oh. What. Fun.,"Claire Clauster organizes a special Christmas outing when her family forgets her in the shuffle. By the time they realize their mistake, she’s gone missing. Their Christmas is in jeopardy, but Claire has other plans.",7.403500080108643,2025-12-02,Oh. What. Fun.,0.0,0,https://image.tmdb.org/t/p/w342/qynCyBKCJUUcj4wo4PE2aQVvote.jpg,https://image.tmdb.org/t/p/w780/kxBbnazu63bGGNVNIhsslt7F9MX.jpg,2025,12,very high,,['Comedy'],Comedy
812583,en,Wake Up Dead Man: A Knives Out Mystery,"When young priest Jud Duplenticy is sent to assist charismatic firebrand Monsignor Jefferson Wicks, it’s clear that all is not well in the pews. After a sudden and seemingly impossible murder rocks the town, the lack of an obvious suspect prompts local police chief Geraldine Scott to join forces with renowned detective Benoit Blanc to unravel a mystery that defies all logic.",7.190700054168701,2025-11-26,Wake Up Dead Man: A Knives Out Mystery,0.0,0,https://image.tmdb.org/t/p/w342/s353N9qz0RvmwGT8v8jDRQz0T9i.jpg,https://image.tmdb.org/t/p/w780/cOqbSanG5jdXZHf8HNl71YHg9bi.jpg,2025,11,very high,,"['Comedy', 'Mystery', 'Crime']","Comedy, Mystery, Crime"
1232449,nl,Young Hearts,"14-year-old Elias increasingly feels like an outsider in his village. When he meets his new neighbour of the same age, Alexander, Elias is confronted with his burgeoning sexuality.",7.152699947357178,2024-10-26,Young Hearts,8.5,158,https://image.tmdb.org/t/p/w342/iGCtYxfuvXfy0BD5m6p7vKuPOxS.jpg,https://image.tmdb.org/t/p/w780/A7KwHKB5faRRRRveVQC5TPI35kV.jpg,2024,10,very high,good,"['Drama', 'Romance']","Drama, Romance"
926606,en,The Home,"A troubled man starts working at a retirement home and realizes its residents and caretakers harbor sinister secrets. As he investigates the building and its forbidden fourth floor, he starts to uncover connections to his own past and upbringing as a foster child.",7.090099811553955,2025-07-24,The Home,6.491000175476074,107,https://image.tmdb.org/t/p/w342/r0NUt1M62StNgvSLmLsmJADbHpg.jpg,https://image.tmdb.org/t/p/w780/Lu57GTE24Ja5O61jieY2aIBk8d.jpg,2025,7,very high,average,"['Mystery', 'Horror', 'Thriller']","Mystery, Horror, Thriller"
1396965,ja,名探偵コナン 隻眼の残像（フラッシュバック）,"As police inspector Yamato Kansuke pursues a certain man in the snowy mountains of Nagano, a shadow suddenly appears in his field of vision. While he's distracted, a rifle bullet fired by someone grazes his left eye and causes an avalanche accompanied by a roar. Ten months later, Kansuke, having miraculously survived the avalanche, receives a report that a researcher at the Nobeyama National Astronomical Observatory has been attacked.",6.965799808502197,2025-04-18,Detective Conan: One-Eyed Flashback,7.699999809265137,30,https://image.tmdb.org/t/p/w342/1wl6eAHbIDSz61tGwYTOKlSRvZb.jpg,https://image.tmdb.org/t/p/w780/bE10DMcePbEWa8LAWZQ16vQNrwT.jpg,2025,4,very high,good,"['Animation', 'Action', 'Mystery', 'Crime']","Animation, Action, Mystery, Crime"
1212271,en,Eleanor the Great,"94-year-old Eleanor Morgenstein tries to rebuild her life after the death of her best friend. As a result, she moves back to New York City after living in Florida for decades.",6.965199947357178,2025-09-04,Eleanor the Great,6.8460001945495605,26,https://image.tmdb.org/t/p/w342/9XTM42IJST6lwPxtK2iUwNaFvCT.jpg,https://image.tmdb.org/t/p/w780/Adg0gp8kGKXUSe8emJByRbvweGk.jpg,2025,9,very high,average,['Drama'],Drama
1102493,en,Small Things Like These,"In 1985, while working as a coal merchant to support his family, Bill Furlong discovers disturbing secrets kept by the local convent and uncovers truths of his own; forcing him to confront his past and the complicit silence of a small Irish town controlled by the Catholic Church.",6.953499794006348,2024-11-01,Small Things Like These,6.699999809265137,387,https://image.tmdb.org/t/p/w342/rdcO38cbWFg002nXg5QYtk7Tz4L.jpg,https://image.tmdb.org/t/p/w780/rtpFIgy1YYw3kx7PCyNhi6xmEFb.jpg,2024,11,very high,average,"['Drama', 'History']","Drama, History"
1121084,en,Park Avenue,"Paralyzed by her life wrangling cattle in Alberta, Canada, Charlotte jumps into her Ford Bronco, flees her over-controlling husband, and lands back in her childhood Park Avenue apartment where she takes refuge with her mother Kit. Rediscovering the boy she loved, now her grown doorman Anders, and the life she left at 18, the mother and daughter explore shared history, unshared truths and find a way to face both love and loss.",6.687300205230713,2025-11-14,Park Avenue,0.0,0,https://image.tmdb.org/t/p/w342/jagp3HejHSdwCdnheaMvp9mrlEL.jpg,https://image.tmdb.org/t/p/w780/nXJY6ExGe1PyoeU568UcPAHaLfH.jpg,2025,11,very high,,['Drama'],Drama
682012,fr,Amélie et la métaphysique des tubes,"The world is a perplexing, peaceful mystery to Amélie until a miraculous encounter with chocolate ignites her wild sense of curiosity. As she develops a deep attachment to her family's housekeeper, Nishio-san, Amélie discovers the wonders of nature as well as the emotional truths hidden beneath the surface of her family's idyllic life as foreigners in post-war Japan.",6.6479997634887695,2025-06-25,Little Amélie or the Character of Rain,8.0,45,https://image.tmdb.org/t/p/w342/iBhZb2T7nZ3gQzqUzlu75FULe3J.jpg,https://image.tmdb.org/t/p/w780/pEo5N7h6TGYC1fyddFoCzXbV2Xx.jpg,2025,6,very high,good,"['Animation', 'Drama', 'Family']","Animation, Drama, Family"
1205515,en,"Sorry, Baby","Agnes feels stuck. Unlike her best friend, Lydie, who’s moved to New York and is now expecting a baby, Agnes still lives in the New England house they once shared as graduate students, now working as a professor at her alma mater. A ‘bad thing’ happened to Agnes a few years ago and, since then, despite her best efforts, life hasn’t gotten back on track.",6.466100215911865,2025-06-27,"Sorry, Baby",6.699999809265137,133,https://image.tmdb.org/t/p/w342/iq1QtN1H8AVEBfl1SgNAqhMgTbQ.jpg,https://image.tmdb.org/t/p/w780/9fmqG3uyDZ8n1I3elp5URVgQMbz.jpg,2025,6,very high,average,"['Drama', 'Comedy']","Drama, Comedy"
1262983,fr,MadS,"A teenager stops off to see his dealer to test a new drug before heading off for a night of partying. On the way home, he picks up an injured woman, and the night takes a surreal turn.",6.4421000480651855,2024-10-25,MadS,6.728000164031982,169,https://image.tmdb.org/t/p/w342/3xgcQHcYxGOrJNbwgXRGPPHCXVu.jpg,https://image.tmdb.org/t/p/w780/8lL13GCrlOii2KvMaSom2rC16Zr.jpg,2024,10,very high,average,"['Horror', 'Thriller']","Horror, Thriller"
1266798,fr,Chien 51,"In the near future, Paris is divided into three zones that separate social classes, and no one can escape ALMA, a predictive AI that has revolutionized law enforcement. When ALMA’s creator is assassinated, Salia, a top agent, and Zem, a jaded cop, are forced to work together to solve a murder that may expose the dark secrets of the system they serve.",6.222400188446045,2025-10-15,Dog 51,6.51800012588501,111,https://image.tmdb.org/t/p/w342/zZJACnkGZfSfHGvRxWFZe1dDxWR.jpg,https://image.tmdb.org/t/p/w780/nHKOcY1VrVLA4bIt8phzTx28bt0.jpg,2025,10,very high,average,"['Thriller', 'Science Fiction', 'Crime', 'Action']","Thriller, Science Fiction, Crime, Action"
1429520,en,Sidelined 2: Intercepted,"Freshman star quarterback Drayton struggles with the weight of expectations after a devastating setback, while dancer Dallas begins to question the future she thought she wanted. As their high school relationship begins to unravel under the pressures of distance and self-discovery, they’ll learn that the bravest versions of themselves emerge when they let life redirect them.",6.213600158691406,2025-11-27,Sidelined 2: Intercepted,0.0,0,https://image.tmdb.org/t/p/w342/rdBS9IHET7X2dD2y3eS2D3o5g7b.jpg,https://image.tmdb.org/t/p/w780/iMxWTPRqWJJKVW7KYBlmirSeazw.jpg,2025,11,very high,,"['Romance', 'Comedy']","Romance, Comedy"
41291,en,One from the Heart,"In a dazzling, dreamlike Las Vegas, longtime couple Hank and Frannie break up on their fifth anniversary and each pursue the fantasy of new love over one neon-soaked night—he with a free-spirited acrobat, she with a seductive musician. But as illusion and reality blur, both must decide whether passion or devotion truly defines the heart.",6.204899787902832,1982-02-11,One from the Heart,5.900000095367432,195,https://image.tmdb.org/t/p/w342/5EyIQksa8C9tm82rHIJYGQXZ5Vs.jpg,https://image.tmdb.org/t/p/w780/5QEqz09x8tU3QS0VaNVhpZjuh8k.jpg,1982,2,very high,average,"['Drama', 'Romance']","Drama, Romance"
858024,en,Hamnet,"The powerful story of love and loss that inspired the creation of Shakespeare's timeless masterpiece, Hamlet.",6.171899795532227,2025-11-26,Hamnet,0.0,0,https://image.tmdb.org/t/p/w342/61xMzN4h8iLk0hq6oUzr9Ts6GE9.jpg,https://image.tmdb.org/t/p/w780/yt9m5CiU2MZkQoNl1kqLPODNR4t.jpg,2025,11,very high,,"['Drama', 'Romance']","Drama, Romance"
42994,ja,MEMORIES,"Three back-to-back anime films by three different directors make up this sci-fi trilogy three years in the making. In the chilling ""Magnetic Rose,"" engineers on a spacecraft board an abandoned space station and encounter disturbing paranormal forces. A young lab worker accidentally swallows a chemical weapon and becomes a walking killing machine in ""Stink Bomb."" In ""Cannon Fodder,"" a young boy and his father fight for survival in a city functioning on paranoia.",6.149799823760986,1995-12-23,Memories,7.400000095367432,512,https://image.tmdb.org/t/p/w342/e0HIBRiKS5dWmXkxWvEh6JQZcc2.jpg,https://image.tmdb.org/t/p/w780/x8fJnoFw3JMM2JtP8EH8WMeUHoC.jpg,1995,12,very high,good,"['Fantasy', 'Animation', 'Science Fiction']","Fantasy, Animation, Science Fiction"
878608,zh,狂野时代,"In a world where humanity has lost the ability to dream, one creature remains entranced by the fading illusions of the dreamworld. This monster, adrift in reverie, clings to visions no one else can see — until a woman appears. Gifted with the rare power to perceive these illusions for what they truly are, she chooses to enter the monster’s dreams, determined to uncover the truth that lies hidden within.",6.076900005340576,2025-10-24,Resurrection,0.0,0,https://image.tmdb.org/t/p/w342/2kuh8g1JLwI5RAqATUhcAkyaLw3.jpg,https://image.tmdb.org/t/p/w780/rsKnezLAdnbi5ivcV6cOu8HMTLI.jpg,2025,10,very high,,"['Drama', 'Science Fiction']","Drama, Science Fiction"
1013446,fr,Reflet dans un diamant mort,"When the mysterious woman in the room next door disappears, a debonair 70-year-old ex-spy living in a luxury hotel on the Côte d'Azur is confronted by the demons and darlings of a lurid past in which moviemaking, memories and madness collide.",6.053999900817871,2025-06-25,Reflection in a Dead Diamond,6.400000095367432,24,https://image.tmdb.org/t/p/w342/dVs09zkFNeFFZe1EYoZVoyp5SbY.jpg,https://image.tmdb.org/t/p/w780/tOcHTDJYLnIyg5KIcHPXBunkiU1.jpg,2025,6,very high,average,"['Action', 'Thriller', 'Mystery']","Action, Thriller, Mystery"
1540605,pt,Quase Deserto,"Two undocumented Latino immigrants in Detroit become involved in a murder and rescue a witness with a rare syndrome. Together, they embark on an adventure of redemption, betrayal, and mystery amid the ruins of a city under reconstruction.",5.93779993057251,2025-11-27,Almost Deserted,0.0,0,https://image.tmdb.org/t/p/w342/82rdot72jYWdtKieNj84iNMJArr.jpg,https://image.tmdb.org/t/p/w780/lWCR0giRjBwuuSGPDbkV8d23GT8.jpg,2025,11,very high,,['Thriller'],Thriller
1151272,es,Sirāt,"A man and his son arrive at a rave lost in the mountains of Morocco. They are looking for Marina, their daughter and sister, who disappeared months ago at another rave. Driven by fate, they decide to follow a group of ravers in search of one last party, in hopes Marina will be there.",5.722599983215332,2025-06-06,Sirāt,6.900000095367432,220,https://image.tmdb.org/t/p/w342/4RsM2U4mJr1Gf2S0W8hClrM2x80.jpg,https://image.tmdb.org/t/p/w780/kOUV5WbisWMg56d8eB45ZHEVxYq.jpg,2025,6,very high,average,"['Drama', 'Thriller']","Drama, Thriller"
1126336,en,Anniversary,"When Ellen and Paul’s son introduces his new girlfriend one lovely afternoon at their 25th anniversary party, no one suspects that it is the beginning of the end for this happy family. The new girlfriend is Liz, Ellen’s former student, who left the university, some years before, after Ellen called her out in class for her radical ideology.",5.722599983215332,2025-10-29,Anniversary,5.699999809265137,8,https://image.tmdb.org/t/p/w342/sSdpXGBNt3mQzjZZVK6eV5NcPdc.jpg,https://image.tmdb.org/t/p/w780/dXAiXPMadVuIsvEGf4fPi7OfO4f.jpg,2025,10,very high,average,"['Thriller', 'Drama']","Thriller, Drama"
556574,en,Hamilton,"Presenting the tale of American founding father Alexander Hamilton, this filmed version of the original Broadway smash hit is the story of America then, told by America now.",5.695000171661377,2025-09-05,Hamilton,7.321000099182129,42,https://image.tmdb.org/t/p/w342/h1B7tW0t399VDjAcWJh8m87469b.jpg,https://image.tmdb.org/t/p/w780/uWVkEo9PWHu9algZsiLPi6sRU64.jpg,2025,9,very high,good,"['History', 'Drama']","History, Drama"
1356236,en,Saint Catherine,An orphaned girl is rescued from a satanic ritual and taken to Saint Catherine Institute for homeless youth. There she will learn new skills while facing demons that stalk her.,5.680500030517578,2024-09-24,Saint Catherine,6.493000030517578,72,https://image.tmdb.org/t/p/w342/hBJdzKPeDaC96AzlrtMWBomYSZV.jpg,https://image.tmdb.org/t/p/w780/hRO4TS0IlH9UJW2PGuuFBYdXZgC.jpg,2024,9,very high,average,['Horror'],Horror
1485002,en,Holiday Touchdown: A Bills Love Story,"Pediatric doctor Morgan Quinn and the Bills’ VP of Stadium Development Gabe DeLuca have always been close friends, but Gabe has always held a torch for her — a fact obvious to their families... and everyone else who crosses their path. When Morgan learns from her Uncle Tommy that someone anonymously helped her family get by after he was drafted more than sixty years ago — and that he continues to receive a Christmas gift each year to this day — she decides to find his benefactor and give her uncle a Christmas he’ll always remember. Aided by Bills Mafia friends of theirs, Morgan and Gabe work together to unwrap the gifter’s identity. Along the way, Gabe’s love for Morgan deepens and in turn, she begins to see him in a new light though neither is daring enough to admit their feelings.",5.665599822998047,2025-11-22,Holiday Touchdown: A Bills Love Story,0.0,0,https://image.tmdb.org/t/p/w342/hpkykimE5Rx8nsDoB0skhycCTTH.jpg,https://image.tmdb.org/t/p/w780,2025,11,very high,,"['Romance', 'Comedy', 'Family']","Romance, Comedy, Family"
15137,ja,ヱヴァンゲリヲン新劇場版：序,"After the Second Impact, Tokyo-3 is being attacked by giant monsters called Angels that seek to eradicate humankind. The child Shinji’s objective is to fight the Angels by piloting one of the mysterious Evangelion mecha units. A remake of the first six episodes of GAINAX’s famous 1996 anime series. The film was retitled “Evangelion: 1.01” for its DVD release and “Evangelion: 1.11” for a release with additional scenes.",5.598299980163574,2007-09-01,Evangelion: 1.0 You Are (Not) Alone,7.591000080108643,1030,https://image.tmdb.org/t/p/w342/pETU4GurpeEjBOM8oytMH0yNBHx.jpg,https://image.tmdb.org/t/p/w780/ktzhr2m6y98PtwOdfOtTA0X232m.jpg,2007,9,very high,good,"['Animation', 'Science Fiction', 'Action', 'Drama']","Animation, Science Fiction, Action, Drama"
1124566,no,Affeksjonsverdi,"Sisters Nora and Agnes reunite with their estranged father, the charismatic Gustav, a once-renowned director who offers stage actress Nora a role in what he hopes will be his comeback film. When Nora turns it down, she soon discovers he has given her part to an eager young Hollywood star.",5.561299800872803,2025-08-20,Sentimental Value,7.5,81,https://image.tmdb.org/t/p/w342/pz9NCWxxOk3o0W3v1Zkhawrwb4i.jpg,https://image.tmdb.org/t/p/w780/660wPHQtyanLAfu41n94GSu4M6H.jpg,2025,8,very high,good,"['Drama', 'Comedy']","Drama, Comedy"
531428,fr,Portrait de la jeune fille en feu,"On an isolated island in Brittany at the end of the eighteenth century, a female painter is obliged to paint a wedding portrait of a young woman.",5.520999908447266,2019-09-18,Portrait of a Lady on Fire,8.109000205993652,2796,https://image.tmdb.org/t/p/w342/2LquGwEhbg3soxSCs9VNyh5VJd9.jpg,https://image.tmdb.org/t/p/w780/foFq1RZWQIgFuCQ0nyYccywjFyX.jpg,2019,9,very high,good,"['Drama', 'Romance', 'History']","Drama, Romance, History"
1459725,nl,Vleesdag,"Mirthe, a member of the 'Animal Army', secretly films a pig farm's horrors, freeing its children but facing a bloody battle between Nasha's vengeance and the farmer's fury.",5.513700008392334,2025-09-24,Meat Kills,6.099999904632568,11,https://image.tmdb.org/t/p/w342/6akSGddfMYoEgYmvARw7oFBWLuC.jpg,https://image.tmdb.org/t/p/w780/3yfmxcU1c1NPuwkLDq2fMQMPx8j.jpg,2025,9,very high,average,['Horror'],Horror
1448560,en,Wildcat,An ex-black ops team reunite to pull off a desperate heist in order to save the life of their leader’s eight-year-old daughter.,5.513700008392334,2025-11-25,Wildcat,0.0,0,https://image.tmdb.org/t/p/w342/2FY7Ee0zjtOIFYoF6Xyl3YTAuKU.jpg,https://image.tmdb.org/t/p/w780/rXFLeEPgrrV5PT1LoXgzSoGvQ8c.jpg,2025,11,very high,,"['Action', 'Thriller']","Action, Thriller"
1440417,fr,L’Énigme Velázquez,,5.382699966430664,2025-02-26,L’Énigme Velázquez,7.099999904632568,4,https://image.tmdb.org/t/p/w342/kG59Blvp2tRWiNAqtF3jw63Akb4.jpg,https://image.tmdb.org/t/p/w780/fXuOm1rNGxYUDHFQV5fVwze3NeG.jpg,2025,2,very high,good,['Documentary'],Documentary
804370,fr,Arco,"Arco, 12 years old, lives in a far future. During his first flight in his rainbow suit, he loses control and falls in the past. Iris, a little girl his age from 2075, saw him fall. She rescues him and tries by all means to send him back to his era.",5.369800090789795,2025-10-22,Arco,8.619999885559082,25,https://image.tmdb.org/t/p/w342/rWvbMnqLTpyTHmNii4TrnmgzpcS.jpg,https://image.tmdb.org/t/p/w780/jFKbhV0uFZuA3K73UJIq1dzisCi.jpg,2025,10,very high,excellent,"['Animation', 'Adventure', 'Science Fiction', 'Fantasy']","Animation, Adventure, Science Fiction, Fantasy"
1288072,en,Keeper,"Liz and Malcolm escape for a romantic anniversary weekend at a secluded cabin. When Malcolm suddenly returns to the city, Liz finds herself isolated and in the presence of an unspeakable evil that reveals the cabin's horrifying secrets.",5.34119987487793,2025-11-13,Keeper,0.0,0,https://image.tmdb.org/t/p/w342/mbGHijUc0C3fcM12l6ro6FgxIvg.jpg,https://image.tmdb.org/t/p/w780/5sulGeqGyXj9EvYg8IjxEWFIRdM.jpg,2025,11,very high,,"['Horror', 'Mystery']","Horror, Mystery"
1214835,hi,De De Pyaar De 2,Ashish confronts the ultimate challenge of his age-gap romance as he visits Ayesha's family home.,5.173299789428711,2025-11-13,De De Pyaar De 2,0.0,0,https://image.tmdb.org/t/p/w342/oQo9exQ2FnwfdUdwgB2jOtDavDa.jpg,https://image.tmdb.org/t/p/w780/4bonjQQRrvLmAiYZNNdKTG9khTk.jpg,2025,11,very high,,"['Comedy', 'Romance']","Comedy, Romance"
1420733,ko,귀시,"An old man attempting to harm the village's mystical guardian tree. An office worker, obsessed with beauty, tampering with her neighbor's packages. A mother making deals with ghosts to se-cure her daughter's place in medical school. A senior police officer insisting on handling a case alone, despite his junior's objections. A college student seeking fame on social media through horror content. These seemingly unrelated incidents are eerily linked by their intertwined relation-ships and a shared undercurrent of wrong choices driven by desire. At the heart of it allies a sinister dark market. Once its true nature is revealed, there's no turning back.",5.0914998054504395,2025-09-17,The Cursed: Insatiable Desires,10.0,1,https://image.tmdb.org/t/p/w342/mU48A2SXrWTak6GlsFPn4uulN0B.jpg,https://image.tmdb.org/t/p/w780/tYJMvtbjtYexeYB5CjnjezwnWEq.jpg,2025,9,very high,excellent,"['Horror', 'Thriller']","Horror, Thriller"
1418302,th,อนงค์ 2..สามสี่ชาติ,"Witness the deep bond between Joe and Anong, which has been long-lasting through many lifetimes and reincarnations.",5.072199821472168,2025-10-30,My Boo 2,0.0,0,https://image.tmdb.org/t/p/w342/3EVZqugrpUY2RTRdQgKXgE3vZ8b.jpg,https://image.tmdb.org/t/p/w780/dSYwmZbfisvJZHorRtvsVpQ0nhl.jpg,2025,10,very high,,"['Romance', 'Comedy', 'Horror']","Romance, Comedy, Horror"
974663,en,200% Wolf,"When Freddy Lupin's wayward wish transforms him into a werewolf and deposits a mischievous moon sprite on Earth, Freddy must restore the cosmic order before the earth and moon collide.",5.020299911499023,2024-07-04,200% Wolf,5.699999809265137,27,https://image.tmdb.org/t/p/w342/pHGB9jN31cDNKhR0VRNZsXZkGZQ.jpg,https://image.tmdb.org/t/p/w780/8VGiUMkjdevsVYHZ8tIpHl6EbbF.jpg,2024,7,very high,average,"['Animation', 'Adventure', 'Fantasy', 'Family', 'Action', 'Comedy']","Animation, Adventure, Fantasy, Family, Action, Comedy"
999075,zh,左撇子女孩,"A single mother and her two daughters relocate to Taipei to open a night market stall, each navigating the challenges of adapting to their new environment while striving to maintain family unity.",4.94290018081665,2025-09-17,Left-Handed Girl,7.599999904632568,20,https://image.tmdb.org/t/p/w342/pXlEThtgrTVtQEw1HQ9Qp8I1A3e.jpg,https://image.tmdb.org/t/p/w780/fK86d5662xX7ohRCTrlaL1KP5GO.jpg,2025,9,very high,good,['Drama'],Drama
1219620,ar,اللي باقي منك,"In the Occupied West Bank of the 1980s, a Palestinian teenager is swept into a protest that changes the course of his family's life. Reeling from its aftermath, his mother, Hanan, shares the story that led them to that fateful moment. Spanning seven decades, this epic drama traces the hopes and heartaches of one uprooted family, revealing not only the scars of displacement, but the unbreakable spirit of survival.",4.918099880218506,2025-09-25,All That's Left of You,7.922999858856201,13,https://image.tmdb.org/t/p/w342/8OTAu88K9r9wqlLXux1mbnHmyPF.jpg,https://image.tmdb.org/t/p/w780/rwr72iFVJbcxPkWN97tOPzGuOVa.jpg,2025,9,very high,good,['Drama'],Drama
1955,en,The Elephant Man,"A Victorian surgeon rescues a heavily disfigured man being mistreated by his ""owner"" as a side-show freak. Behind his monstrous façade, there is revealed a person of great intelligence and sensitivity. Based on the true story of Joseph Merrick (called John Merrick in the film), a severely deformed man in 19th century London.",4.912799835205078,1980-10-09,The Elephant Man,8.0,3757,https://image.tmdb.org/t/p/w342/u0wpPYjuSt8DIe1Y3Vapnh8jcKE.jpg,https://image.tmdb.org/t/p/w780/1YlaU9vXlD4K5EBGZKjaCb9rJb9.jpg,1980,10,very high,good,"['Drama', 'History']","Drama, History"
1314398,de,Friedas Fall,"Chronicles the fate of Frieda Keller, a young seamstress in St. Gallen who, in 1904, is accused of murdering her 5-year-old son Ernstli.",4.905600070953369,2025-10-30,Frieda's Case,0.0,0,https://image.tmdb.org/t/p/w342/nPhO7N3IOjEiNQop4yBLQUWJNXL.jpg,https://image.tmdb.org/t/p/w780/nNsFyoW1txmCdoDT3QApCIGopnI.jpg,2025,10,very high,,['Drama'],Drama
1299655,en,Blue Moon,"On the evening of March 31, 1943, legendary lyricist Lorenz Hart confronts his shattered self-confidence in Sardi’s bar as his former collaborator Richard Rodgers celebrates the opening night of his ground-breaking hit musical “Oklahoma!”.",4.9004998207092285,2025-10-17,Blue Moon,7.0,13,https://image.tmdb.org/t/p/w342/yKAozSP2uBpiUKtedjO0rU11Tl5.jpg,https://image.tmdb.org/t/p/w780/tZ4r8e0N4YnNpwgaxJVTkdi8DaF.jpg,2025,10,very high,average,"['Comedy', 'Drama', 'History', 'Music', 'Romance']","Comedy, Drama, History, Music, Romance"
1208348,en,Rental Family,"An American actor in Tokyo struggles to find purpose until he lands an unusual gig: working for a Japanese ""rental family"" agency, playing stand-in roles for strangers. As he immerses himself in his clients' worlds, he begins to form genuine bonds that blur the lines between performance and reality.",4.8846001625061035,2025-11-21,Rental Family,0.0,0,https://image.tmdb.org/t/p/w342/1eo018cuyn0EDbR4C7yx74YEr8k.jpg,https://image.tmdb.org/t/p/w780/gFl2G8beHDD5jjKmEFwmzygrUFS.jpg,2025,11,very high,,"['Drama', 'Comedy']","Drama, Comedy"
1143440,fr,La tour de glace,"Jeanne, a 15-year-old orphan, witnesses the shoot for a film adaptation of the fairy tale The Snow Queen, and she becomes fascinated by its star, Cristina, an actress who is just as mysterious and alluring as the Queen she is playing.",4.7519001960754395,2025-09-17,The Ice Tower,5.599999904632568,6,https://image.tmdb.org/t/p/w342/3PeKQJMrpFysN8dnakd9vnUXgRL.jpg,https://image.tmdb.org/t/p/w780/y72IAmAJaZg1Ed20weH89GMZP8R.jpg,2025,9,very high,average,"['Drama', 'Fantasy']","Drama, Fantasy"
1481595,ml,അതി ഭീകര കാമുകൻ,"On the edge of a misty hilltop in rural Kerala, a young man named Arjun prepares to end his life. It’s the day of his beloved Anu’s wedding—an unbearable moment for a heart that had loved silently and shattered quietly.",4.699100017547607,2025-11-14,Athi Bheekara Kaamukan,0.0,0,https://image.tmdb.org/t/p/w342/dKo7UDzLAuIOOdiaDV8X0KAFRoR.jpg,https://image.tmdb.org/t/p/w780,2025,11,very high,,['Romance'],Romance
1519347,tl,KMJS' Gabi Ng Lagim: The Movie,"Three chilling tales based on real stories expose the haunting depths of faith, fear, and the unknown — from a seafarer trapped on a cursed voyage, to an island plagued by a flesh-eating legend, and a young woman's battle against a legion of demons that pushes the limits of faith and sanity.",4.676199913024902,2025-11-26,KMJS' Gabi Ng Lagim: The Movie,0.0,0,https://image.tmdb.org/t/p/w342/mDen3yi2avr5li5qZqJIDTReZ6x.jpg,https://image.tmdb.org/t/p/w780/ms5y7yUdXYlQuX1d2SCpdlPqD7p.jpg,2025,11,very high,,['Horror'],Horror
1316719,ko,얼굴,"Dong-hwan, having inherited his blind artisan father Yeong-gyu's seal engraving studio, persuades his father to star in a documentary about his life as a master of the craft who has overcome the limits of his disability. But the shoot takes an unexpected turn when the remains of their wife and mother are discovered after forty years. As Dong-hwan uncovers long-buried family secrets, he also unravels the story of a woman whose face has been erased from collective memory and remembered solely as an ""ugly monster.""",4.671999931335449,2025-09-11,The Ugly,8.399999618530273,8,https://image.tmdb.org/t/p/w342/sNLTSYHRfQJ2gpdrA2UXjkfEije.jpg,https://image.tmdb.org/t/p/w780/wduUhYLGaYSD2mSu7YHd09l1N6j.jpg,2025,9,very high,good,"['Mystery', 'Thriller']","Mystery, Thriller"
1508069,id,Dopamin,A young couple facing eviction and debt experiences an unexpected event that changes their lives.,4.666900157928467,2025-11-13,Dopamine,0.0,0,https://image.tmdb.org/t/p/w342/aQfK1AuKEYnOsGnnBujk42y5aGg.jpg,https://image.tmdb.org/t/p/w780/gbOazeox6dvD6SBZqPV0CekDKUs.jpg,2025,11,very high,,"['Crime', 'Drama', 'Romance', 'Thriller']","Crime, Drama, Romance, Thriller"
1208276,ko,넌센스,"Yu-na, a level-headed and rational insurance claim adjuster, investigates a questionable death by falling with suspicions of suicide. During her investigation, she meets Soon-kyu, the deceased's elusive guardian. As Yu-na probes further, she begins to question whether Soon-kyu is a mentor or a conman, and her carefully guarded inner world starts to shake.",4.625,2025-11-26,The Nonsense,0.0,0,https://image.tmdb.org/t/p/w342/oo7NgRRsMvf3yffPPBbYG7RmN9F.jpg,https://image.tmdb.org/t/p/w780/wsE52YXkFCCnDGs8RyHrm2x78Wj.jpg,2025,11,very high,,"['Horror', 'Drama', 'Mystery']","Horror, Drama, Mystery"
628847,en,Trap House,"An undercover DEA agent and his partner embark on a game of cat and mouse with an audacious, and surprising group of thieves - their own rebellious teenagers, who have begun robbing from a dangerous cartel, using their parents' tactics and top-secret intel to do it.",4.585999965667725,2025-11-14,Trap House,0.0,0,https://image.tmdb.org/t/p/w342/7iF0TtKQruAYm7YpfZgQeqN0Jz1.jpg,https://image.tmdb.org/t/p/w780/t98ZZtgdBC2yi7XBiT9nYBH6BrK.jpg,2025,11,very high,,['Action'],Action
1233506,fr,L'Homme qui rétrécit,"Paul, is an ordinary man who divides his life between his shipbuilding company, his wife Elise and their daughter Mia. During a sea trip, Paul finds himself confronted with a strange, unexplained meteorological phenomenon. From then on, Paul shrinks inexorably, without science being able to explain why or be of any help to him. When, by accident, he finds himself a prisoner in his own cellar, and while he is only a few centimeters tall, he will have to fight to survive in this banal environment that has become perilous. During this experience, Paul will find himself confronted with himself, with his humanity, and will try to answer the great questions of existence.",4.566400051116943,2025-10-22,The Incredible Shrinking Man,6.25,20,https://image.tmdb.org/t/p/w342/5scjQRQq4i0zpbfyvWJX8LFEWjt.jpg,https://image.tmdb.org/t/p/w780/hjPWg7trJPSZ4tUEZhqGxX1HxUS.jpg,2025,10,very high,average,"['Adventure', 'Science Fiction']","Adventure, Science Fiction"
1452176,en,Abraham's Boys: A Dracula Story,"Max and Rudy Van Helsing have spent their lives under the strict and overprotective rule of their father, Abraham. Unaware of his dark past, they struggle to understand his paranoia and increasingly erratic behavior. But when they begin to uncover the violent truths behind their father’s history with Dracula, their world unravels, forcing them to confront the terrifying legacy they were never meant to inherit.",4.558499813079834,2025-07-11,Abraham's Boys: A Dracula Story,5.5,25,https://image.tmdb.org/t/p/w342/e10AbPwcJk5b7ja3MQUVr5wHEeq.jpg,https://image.tmdb.org/t/p/w780/b0yK9BHyTNHGS6fBFLXBFtLC9AW.jpg,2025,7,very high,average,['Horror'],Horror
1379266,ja,国宝,"Nagasaki, 1964 – Following the death of his yakuza father, 15-year-old Kikuo is taken under the wing of a famous kabuki actor. Alongside Shunsuke, the actor’s only son, he decides to dedicate himself to this traditional form of theatre. For decades, the two young men grow and evolve together – and one will become the greatest Japanese master of the art of kabuki.",4.516300201416016,2025-06-06,Kokuho,9.100000381469727,7,https://image.tmdb.org/t/p/w342/egDmNUBcSvu6aqQPCfyd1UneCYr.jpg,https://image.tmdb.org/t/p/w780/3C8yAIuXlH4BGCpTwEetIv0VBt8.jpg,2025,6,very high,excellent,['Drama'],Drama
737885,en,Nightmare Hospital,A horror film about a pilot who is the sole survivor of the plane crash in the deep unknown. He must survive in an isolated building where something evil is waiting.,4.491700172424316,2025-11-25,Nightmare Hospital,0.0,0,https://image.tmdb.org/t/p/w342/jmf80I2U92OVjnLIetUDzt1X7a4.jpg,https://image.tmdb.org/t/p/w780/wpEw76bf6c5mOrKrJlFaB1PSodW.jpg,2025,11,very high,,['Horror'],Horror
1480382,ar,صوت هند رجب,"January 29, 2024. Red Crescent volunteers receive an emergency call. A 6-year old girl is trapped in a car under fire in Gaza, pleading for rescue. While trying to keep her on the line, they do everything they can to get an ambulance to her. Her name was Hind Rajab.",4.484399795532227,2025-09-25,The Voice of Hind Rajab,8.199999809265137,66,https://image.tmdb.org/t/p/w342/pLGsjmpJUCuDiONghnR8JqACq3f.jpg,https://image.tmdb.org/t/p/w780/mQwD7GtPTkv6WF5m8AJWGrO5XOE.jpg,2025,9,very high,good,['Drama'],Drama
975511,en,The Return,"After twenty years away, Odysseus washes up on the shores of Ithaca, haggard and unrecognizable. The king has finally returned home, but much has changed in his kingdom since he left to fight in the Trojan war.",4.462699890136719,2024-11-28,The Return,6.5,356,https://image.tmdb.org/t/p/w342/xSj6EbdwHs3MFT2tRj9L3I7TE5j.jpg,https://image.tmdb.org/t/p/w780/vgT0kAaWU88do5RrCfHhXRVPnXM.jpg,2024,11,very high,average,"['History', 'Drama', 'Adventure']","History, Drama, Adventure"
1404404,ja,クレヨンしんちゃん 超華麗！灼熱のカスカベダンサーズ,"Shin-chan and his friends travel to India for a dance festival, but Bo-chan accidentally becomes possessed by an evil force from a mysterious backpack and turns into a powerful tyrant. Now, the Kasukabe Guard must work together to save Bo-chan and stop his rampage.",4.4496002197265625,2025-08-08,Crayon Shin-chan the Movie: Super Hot! The Spicy Kasukabe Dancers,7.0,2,https://image.tmdb.org/t/p/w342/td1DYsk2Pk9tEZqChUumQmeu31Z.jpg,https://image.tmdb.org/t/p/w780/xmSkUXvYFQyMnxTUJJtEVvpSShk.jpg,2025,8,very high,average,"['Animation', 'Music', 'Adventure', 'Comedy']","Animation, Music, Adventure, Comedy"
1421990,en,The Baltimorons,A newly sober man's Christmas Eve dental emergency leads to an unexpected romance with his older dentist as they explore Baltimore together.,4.428899765014648,2025-08-10,The Baltimorons,6.599999904632568,16,https://image.tmdb.org/t/p/w342/5h6kfi1xAf6J9rvfdWkdwsQkGy3.jpg,https://image.tmdb.org/t/p/w780/coon7luAq01HIUr4qWvujZ04EDX.jpg,2025,8,very high,average,"['Comedy', 'Drama']","Comedy, Drama"
1299799,pl,"Chopin, Chopin!","He is the talk of the town, the most romantic figure of decadent Parisian nights. When his lungs start bleeding, Chopin knows his days are numbered. Composing becomes his only obsession. The ticking clock rushes him to revolutionize music.",4.400400161743164,2025-10-10,"Chopin, a Sonata in Paris",9.0,3,https://image.tmdb.org/t/p/w342/f4cLh2vVzKH8WCbplPFo6aCMpRC.jpg,https://image.tmdb.org/t/p/w780/q7EtSnj9x59sUGHHCCuY6TuyuGf.jpg,2025,10,very high,excellent,"['Drama', 'History', 'Music']","Drama, History, Music"
1241983,en,Train Dreams,A logger leads a life of quiet grace as he experiences love and loss during an era of monumental change in early 20th-century America.,4.3790998458862305,2025-11-06,Train Dreams,10.0,2,https://image.tmdb.org/t/p/w342/l3zS4YnpOi4usyEXGJMtxSqDDyb.jpg,https://image.tmdb.org/t/p/w780/cGdMKEw2SC7cl3SEBXSpYN2BbIM.jpg,2025,11,very high,excellent,['Drama'],Drama
1264573,en,Lurker,"When a twenty-something retail clerk meets a rising popstar, he takes the opportunity to edge his way into the in-crowd. But as the line between friend and fan blurs beyond recognition, access and proximity become a matter of life and death.",4.377600193023682,2025-08-22,Lurker,6.400000095367432,18,https://image.tmdb.org/t/p/w342/remyTlj6bJqoSStgjn3EwyOcki7.jpg,https://image.tmdb.org/t/p/w780/u4JsyMpp6mtAYbg0t3GIaCgPrRy.jpg,2025,8,very high,average,"['Drama', 'Thriller', 'Crime']","Drama, Thriller, Crime"
15916,ja,天使のたまご,"In an underwater city, a young girl takes care of a large egg she holds carefully in her arms – a treasure that she believes is an angel's egg. One day, a boy with a gun arrives in search of a bird he saw in his dream and, at first, it seems as if feelings of sympathy are developing between the two.",4.342100143432617,1985-12-22,Angel's Egg,7.800000190734863,468,https://image.tmdb.org/t/p/w342/dcEUGvckbePFzPKhGXnS9T3kZMG.jpg,https://image.tmdb.org/t/p/w780/nZn384qWYugXu6U1N8Ya0Iv0NXE.jpg,1985,12,very high,good,"['Animation', 'Fantasy', 'Mystery']","Animation, Fantasy, Mystery"
1155324,en,King Ivory,"Based on extensive research involving law enforcement and gang members, a never-before-seen, authentic look inside the underworld of fentanyl trafficking from gangs inside the Oklahoma State Penitentiary at McAlester a.k.a. ""Big Mac.""",4.242800235748291,2025-05-08,King Ivory,7.099999904632568,23,https://image.tmdb.org/t/p/w342/qtNdrKvD5MqvUbAQEja5WaKuVN1.jpg,https://image.tmdb.org/t/p/w780/gcLFtgUEdbxacgZkLfLnrYw2wXQ.jpg,2025,5,very high,good,"['Crime', 'Drama', 'Thriller']","Crime, Drama, Thriller"
1259102,en,Eternity,"In an afterlife where souls have one week to decide where to spend eternity, Joan is faced with the impossible choice between the man she spent her life with and her first love, who died young and has waited decades for her to arrive.",4.21589994430542,2025-11-14,Eternity,0.0,0,https://image.tmdb.org/t/p/w342/iKaM4OfSf5ABkFZCo4vU4Dth7ZU.jpg,https://image.tmdb.org/t/p/w780/tQscGgR0PKIteMoMMwL8ISfRUCH.jpg,2025,11,very high,,"['Romance', 'Comedy', 'Fantasy']","Romance, Comedy, Fantasy"
1356670,de,Heldin,"An entirely ordinary day on the beds ward of a surgical department. The nursing team is understaffed due to a shortage of personnel. Despite the hectic environment, Floria cares for her patients with expertise and full dedication. Although she gives her all, the shift gradually spirals out of control – until it eventually leads to a dramatic outburst.",4.108099937438965,2025-02-27,Late Shift,8.0,121,https://image.tmdb.org/t/p/w342/2X2FZIYdXYNwDbStJhgeoVn0pWH.jpg,https://image.tmdb.org/t/p/w780/egNz2a18eQ9ycBfQQkQehSTeNwH.jpg,2025,2,very high,good,['Drama'],Drama
768614,en,Silver Star,"When Billie learns that her estranged parents' lives are at risk, she tries to help them by robbing a bank. In her botched robbery attempt, she takes a hostage named Franny, who turns out to be a charmingly impulsive pregnant teenager with nothing left to lose. Together, Billie and Franny embark on a chase through scenic American landscapes, clashing and struggling for common ground in hopes for a brighter future.",4.0808000564575195,2025-11-26,Silver Star,0.0,0,https://image.tmdb.org/t/p/w342/az5q4UCDAeRDUIMYqPg9yqGMMEN.jpg,https://image.tmdb.org/t/p/w780/irkJiudNBuYGHC69VBmDrSXmPL7.jpg,2025,11,very high,,"['Crime', 'Drama', 'Thriller']","Crime, Drama, Thriller"
15999,ja,吸血鬼ハンターD ブラッドラスト,"D, a legendary dhampir competes with a motley family of bounty hunters to track down Charlotte Elbourne, a young woman who has seemingly been abducted by vampire nobleman Meier Link.",4.046199798583984,2001-04-21,Vampire Hunter D: Bloodlust,7.599999904632568,742,https://image.tmdb.org/t/p/w342/4hJUWgdmoFsNpzyTN6QjoZcaivO.jpg,https://image.tmdb.org/t/p/w780/lwkwVTNdNeG0a1FT06wr1Ylm1OV.jpg,2001,4,very high,good,"['Animation', 'Fantasy', 'Horror', 'Action', 'Adventure', 'Science Fiction']","Animation, Fantasy, Horror, Action, Adventure, Science Fiction"
1309725,fr,La Femme la plus riche du monde,"Marianne is THE richest woman in the world. Pierre-Alain, is a dandy-writer-photographer in Paris. They meet on a photo shoot and become inseparable. Their loving friendship surprises, amuses, intrigues, makes people talk and eventually unsettles the billionaire’s entourage and family. Marianne's daughter, in particular, struggles with her mother’s sudden complicity with this younger man insatiable for money.",3.9121999740600586,2025-10-29,The Richest Woman in the World,6.359000205993652,32,https://image.tmdb.org/t/p/w342/sxaMtiQLgUhMbvuSxNo5BZZ7EVs.jpg,https://image.tmdb.org/t/p/w780/5qKiUPDrGOSmRKBlcpmY7OwPR0a.jpg,2025,10,very high,average,"['Drama', 'Comedy']","Drama, Comedy"
645560,tl,Quezon,"A historical drama focusing on Manuel L. Quezon years after the Philippine Revolution during the American occupation. When his fight for independence from the United States is put to the test, Quezon finds himself playing the brutal game of politics to outmaneuver his rivals — including Leonard Wood, Sergio Osmeña, and Joven Hernando. In Quezon’s relentless quest for power, he ultimately faces off with Emilio Aguinaldo in the 1935 presidential elections, using charm and favoritism as both weapons and currency, in a campaign that ultimately changes the face of Philippine politics and history.",3.9110000133514404,2025-10-15,Quezon,8.0,1,https://image.tmdb.org/t/p/w342/cdjr6ZAAm1rxdP1jR0tXdRqU7KO.jpg,https://image.tmdb.org/t/p/w780/zMkLaROlTXuBgWnx7DB1iHWPdSF.jpg,2025,10,very high,good,"['Drama', 'History']","Drama, History"
971968,fr,Maria,"A young, struggling actress lands her dream role in a film by an emerging Italian director, starring alongside an American superstar. What begins as her big breakthrough quickly turns into a living hell.",3.8996999263763428,2024-06-19,Being Maria,6.400000095367432,57,https://image.tmdb.org/t/p/w342/AtBV9COCzgKvmmyDFXTEAh79wYD.jpg,https://image.tmdb.org/t/p/w780/aBNrvQd9B6y3h2GbDfJHQdF6CPE.jpg,2024,6,very high,average,"['History', 'Drama']","History, Drama"
1294698,fr,Dossier 137,"Stéphanie, a police officer working for Internal Affairs, is assigned to a case involving a young man severely wounded during a tense and chaotic demonstration in Paris. While she finds no evidence of illegitimate police violence, the case takes a personal turn when she discovers the victim is from her hometown.",3.8006999492645264,2025-11-19,Case 137,0.0,0,https://image.tmdb.org/t/p/w342/t93h1ptV098Q6vzl9gfEymJQ6Qp.jpg,https://image.tmdb.org/t/p/w780/kjKxmpuPIvXjDP4reWCkMaeK2Es.jpg,2025,11,very high,,"['Crime', 'Drama']","Crime, Drama"
1181107,en,The King of Kings,"Charles Dickens tells his young son Walter the greatest story ever told, and what begins as a bedtime tale becomes a life-changing journey. Through vivid imagination, the boy walks alongside Jesus, witnessing His miracles, facing His trials, and understanding His ultimate sacrifice.",3.766700029373169,2025-04-07,The King of Kings,8.600000381469727,109,https://image.tmdb.org/t/p/w342/ccw7CCIAvcZV431CP7NhHAHuiHR.jpg,https://image.tmdb.org/t/p/w780/mr2LvZydvor6CDZhrpJLRYMCcBc.jpg,2025,4,very high,excellent,"['Animation', 'Family', 'Fantasy', 'Drama', 'Adventure']","Animation, Family, Fantasy, Drama, Adventure"
1363123,en,The Family Plan 2,"Now that Dan's assassin days are behind him, all he wants for Christmas is quality time with his kids. But when he learns his daughter has her own plans, he books a family trip to London—putting them all in the crosshairs of an unexpected enemy.",3.7623000144958496,2025-11-20,The Family Plan 2,0.0,0,https://image.tmdb.org/t/p/w342/semFxuYx6HcrkZzslgAkBqfJvZk.jpg,https://image.tmdb.org/t/p/w780/olxGhqvRqlE4IuN2sHBHuez6jD8.jpg,2025,11,very high,,"['Action', 'Comedy']","Action, Comedy"
1180831,no,Troll 2,"Nora, Andreas and Captain Kris leap back into action when a dangerous new troll awakes — and this time they'll need more help to take it down.",3.7599000930786133,2025-12-01,Troll 2,0.0,0,https://image.tmdb.org/t/p/w342/ppcDeziFymu7DBbjItsMHJ70Smd.jpg,https://image.tmdb.org/t/p/w780/eqqG7FoUFDmDQeXlhj8wLlImUYO.jpg,2025,12,very high,,"['Fantasy', 'Action', 'Adventure']","Fantasy, Action, Adventure"
1549519,tl,Sex Trip,Details Here,3.7544000148773193,2025-11-28,Sex Trip,0.0,0,https://image.tmdb.org/t/p/w342/sr4sLilBbPx4TfPnX2zzUxlySgu.jpg,https://image.tmdb.org/t/p/w780/q2UhJtqp4ONeARofhpIHx4S0ElU.jpg,2025,11,very high,,['Drama'],Drama
1523345,zh,营救飞虎,"During the 1944 Japanese occupation of Hong Kong, a Communist-led guerrilla squad and an undercover operative must unite their conflicting missions to rescue a downed Flying Tigers pilot, James, successfully breaking through an intense Japanese siege to secure his escape.",3.7137999534606934,2025-09-03,Against All Odds,4.5,2,https://image.tmdb.org/t/p/w342/mzQPeg0Oh1h9uCwTDD2zFOotcZW.jpg,https://image.tmdb.org/t/p/w780/ruNB9YCe7AkYfqmaiqlqRvsw4l9.jpg,2025,9,very high,poor,"['Drama', 'War']","Drama, War"
1295026,ja,ひゃくえむ。,"Gifted runner Togashi dominates 100m races until transfer student Komiya arrives, motivating him to train harder. Years later, they compete as rivals on the racetrack.",3.6733999252319336,2025-09-19,100 METERS,9.0,1,https://image.tmdb.org/t/p/w342/w2pzrRTevXrW3vgIK4CCYaXvtIc.jpg,https://image.tmdb.org/t/p/w780/qtZYZeE9Ijx8bvWSBy5dI9Y3Wkg.jpg,2025,9,very high,excellent,"['Animation', 'Drama']","Animation, Drama"
1143973,it,Il maestro,"Il Maestro is set in the late 80s, and tells the story of a former tennis player with mediocre career, who finds himself for the first time to coach a shy boy who carries on his shoulders all the weight of his father’s expectations. From tournament to tournament, the student and teacher learn that on the field, as in life, you can not hide and must play without fear, to the last ball.",3.6668999195098877,2025-11-13,My Tennis Maestro,6.0,1,https://image.tmdb.org/t/p/w342/dlSyaYtUP5icug5SkNmLCAejd29.jpg,https://image.tmdb.org/t/p/w780/iOpMyusRcyTn4IsvdgeIxrNVwVn.jpg,2025,11,very high,average,['Drama'],Drama
1283320,en,Urchin,"Mike, a rough sleeper in London, is trapped in a cycle of self-destruction as he attempts to turn his life around. Along the way, he encounters unexpected chances for a fresh start.",3.6635000705718994,2025-10-03,Urchin,7.0,10,https://image.tmdb.org/t/p/w342/zc8n3hm3S2VxFxlNH1MNN28LVMa.jpg,https://image.tmdb.org/t/p/w780/8eSY7xtqB4lfZNwyiSIFjJESMBj.jpg,2025,10,very high,average,['Drama'],Drama
1066298,zh,满江红,"During China's Song Dynasty, a mysterious murder occurs at Chancellor Quin Hui's palace after meeting delegates from the neighboring Jin Dynasty. The members become embroiled not just in a murder mystery, but a larger conspiracy concerning the fate of the empire.",3.6602001190185547,2023-01-22,Full River Red,5.920000076293945,163,https://image.tmdb.org/t/p/w342/kOoxkXTYTi4OipM5G97gK9jnYIk.jpg,https://image.tmdb.org/t/p/w780/hcWXnOL7ScXpFQVjJruYUODeQxX.jpg,2023,1,very high,average,"['Mystery', 'Comedy', 'Thriller', 'History']","Mystery, Comedy, Thriller, History"
1114072,en,Frankenstein: Legacy,"Frankenstein’s secrets did not die with him. As graves are torn up and patience disappear from asylum, William Browning sets out to find who stole his father’s body - and finds horrors close to home as his mother descends into madness.",3.657099962234497,2025-11-27,Frankenstein: Legacy,0.0,0,https://image.tmdb.org/t/p/w342/cnqyaHpZ7CpgKBlmBgbgqyKicJX.jpg,https://image.tmdb.org/t/p/w780/jzhQGjzfsrxPwIkSZPMTpfhh27h.jpg,2025,11,very high,,"['Horror', 'Thriller', 'Drama']","Horror, Thriller, Drama"
1410189,ro,Kontinental '25,"Orsolya is a bailiff in Cluj, the main city in Transylvania. One day she has to evict a homeless man from a cellar, an action with tragic consequences that triggers a moral crisis which Orsolya must weather as best she can.",3.6422998905181885,2025-09-24,Kontinental '25,6.599999904632568,9,https://image.tmdb.org/t/p/w342/zilOI4BxPxKK3BbyJSHEdOTiTaJ.jpg,https://image.tmdb.org/t/p/w780/1FOSov1BN00fJAWl3fF91Bihykr.jpg,2025,9,very high,average,"['Comedy', 'Drama']","Comedy, Drama"
1001270,tr,Öldürdüğün Şeyler,"Questioning the suspicious death of his mother, a university professor and his enigmatic gardener descend into a hypnotic maze of mirrors and memories. As family secrets surface and painful truths emerge, they spiral toward a devastating reckoning with the darkness lurking within us all.",3.6284000873565674,2025-04-25,The Things You Kill,7.800000190734863,6,https://image.tmdb.org/t/p/w342/kR8CHANk8KwQLWarMIQsk2mthhW.jpg,https://image.tmdb.org/t/p/w780/81aIon8MEVc22269MqR6tVkt9rx.jpg,2025,4,very high,good,"['Thriller', 'Drama']","Thriller, Drama"
1326886,ko,나혼자 프린스,A star encounters the true love he had long forgotten when he gets lost in nowhere!,3.6226999759674072,2025-10-03,Love Barista,0.0,0,https://image.tmdb.org/t/p/w342/Anuwb1noodgi2sIyxGrQ2NiAo1p.jpg,https://image.tmdb.org/t/p/w780,2025,10,very high,,"['Romance', 'Comedy']","Romance, Comedy"
534780,hi,अंधाधुन,A series of mysterious events changes the life of a blind pianist who now must report a crime that was actually never witnessed by him.,3.5980000495910645,2018-10-05,Andhadhun,7.623000144958496,575,https://image.tmdb.org/t/p/w342/dy3K6hNvwE05siGgiLJcEiwgpdO.jpg,https://image.tmdb.org/t/p/w780/ArvKQJv3nEpnBoVyjWDUT7TtJOL.jpg,2018,10,very high,good,"['Crime', 'Mystery', 'Thriller', 'Comedy']","Crime, Mystery, Thriller, Comedy"
1429348,fr,L'Étranger,"Algiers, 1938. Meursault, a quiet and unassuming employee in his early thirties, attends his mother's funeral without shedding a tear. The next day, he begins a casual affair with Marie, a work colleague. He quickly slips back into his usual routine. However, his daily life is soon about to be disrupted by his neighbor, Raymond Sintès, who draws Meursault into his shady dealings. Until one blisteringly hot day, a tragic event occurs on a beach...",3.558799982070923,2025-10-29,The Stranger,7.25,42,https://image.tmdb.org/t/p/w342/11lx7Isd86SIPeNuWlAPjYTfr57.jpg,https://image.tmdb.org/t/p/w780/sGBTulujyLiPSfzTovHnNxJkubp.jpg,2025,10,very high,good,"['Drama', 'Crime']","Drama, Crime"
1541169,ja,金髪,"A middle school teacher's life is thrown into turmoil when dozens of students dye their hair gold and his girlfriend suddenly proposes marriage, triggering a media frenzy and government intervention, forcing him to team up with the student mastermind behind the hair trend to navigate the chaos and confront his own journey from a jaded, reluctant adult to a mature, responsible one.",3.5532000064849854,2025-11-21,Blonde,0.0,0,https://image.tmdb.org/t/p/w342/uaTSHqpWBuI5RvZCK3d6YBLdNHA.jpg,https://image.tmdb.org/t/p/w780/wkZJ7tC3ouj0E83fQXSgNB0fpS6.jpg,2025,11,very high,,['Drama'],Drama
1205229,en,Night of the Zoopocalypse,A wolf and mountain lion team up when a meteor unleashes a virus turning zoo animals into zombies. They join forces with other survivors to rescue the zoo and stop the deranged mutant leader from spreading the virus.,3.5388998985290527,2025-01-23,Night of the Zoopocalypse,6.300000190734863,35,https://image.tmdb.org/t/p/w342/nCejOVZcOxKS27nnbh28NKXOdXF.jpg,https://image.tmdb.org/t/p/w780/h2SEtzuABKmcZAnKBJ1za3kETTY.jpg,2025,1,very high,average,"['Animation', 'Comedy', 'Adventure', 'Science Fiction', 'Horror']","Animation, Comedy, Adventure, Science Fiction, Horror"
1160360,en,If I Had Legs I'd Kick You,"With her life crashing down around her, Linda attempts to navigate her child's mysterious illness, her absent husband, a missing person, and an increasingly hostile relationship with her therapist.",3.5157999992370605,2025-10-10,If I Had Legs I'd Kick You,7.428999900817871,7,https://image.tmdb.org/t/p/w342/gkIFK1HzqfgQg4v4ifeNKogHtPG.jpg,https://image.tmdb.org/t/p/w780/eLVKuHGx9k8JgLk5JINQDmh9tRH.jpg,2025,10,very high,good,"['Comedy', 'Drama']","Comedy, Drama"
1078814,hi,Yugantar,These movies are based on the research of changes in humans due to Vedic changes born in humans over time.,3.46589994430542,2025-11-14,Yugantar,0.0,0,https://image.tmdb.org/t/p/w342/jkQ6FDJ4Wmla3tID7mG27j6c5Mp.jpg,https://image.tmdb.org/t/p/w780,2025,11,very high,,"['Mystery', 'Drama']","Mystery, Drama"
1406657,ja,果てしなきスカーレット,"After failing to avenge her father's murder, Princess Scarlet, wakes up in the ""Land of the Dead."" In this world filled with madness, if she does not achieve her revenge against her nemesis and reach the ""No End Place,"" she will become ""Void"" and cease to exist. Can Scarlet find a way to live at the end of her endless journey?",3.4593000411987305,2025-11-21,Scarlet,0.0,0,https://image.tmdb.org/t/p/w342/kh0mCoyuSqd9tuU9VFmPDwp7BK8.jpg,https://image.tmdb.org/t/p/w780/1veW9CaejBZDHmWVmcgfYAUvirT.jpg,2025,11,very high,,"['Animation', 'Action', 'Romance', 'Fantasy']","Animation, Action, Romance, Fantasy"
1449863,ja,佐藤さんと佐藤さん,"It’s easy to promise ‘for better or worse’ in a wedding vow, but how many marriages can truly weather every storm? Sachi decides to study for the bar exam with her boyfriend Tamotsu as an act of solidarity. However, Sachi ends up becoming a lawyer, while Tamotsu, who fails the exam repeatedly, is relegated to stay-at-home dad.",3.446000099182129,2025-11-28,Sato and Sato,0.0,0,https://image.tmdb.org/t/p/w342/v7PNtL4bpXxIWie6KATByZjrkf3.jpg,https://image.tmdb.org/t/p/w780/Jlbup1kBr5DCV9QTWLXL4zaxZp.jpg,2025,11,very high,,"['Drama', 'Romance']","Drama, Romance"
904759,ja,鬼太郎誕生 ゲゲゲの謎,"1955. Kitaro's father, Medama Oyaji, comes to Yagura Village in search of his missing wife. The village was ruled by the Ryuga clan, which controls Japan's political and business circles behind the scenes. Mizuki, who works at a blood bank, visits the village with a secret mission to mourn the death of the head of his family, and meets Kitaro's father. While an ugly fight unfolds over the succession of the head of the family, a member of the family is brutally murdered at the village shrine. It was the beginning of a terrifying chain of events.",3.4447999000549316,2023-11-17,The Birth of Kitaro: The Mystery of GeGeGe,7.428999900817871,21,https://image.tmdb.org/t/p/w342/5g1i5EJgMNI70titUJSIBKpmEVt.jpg,https://image.tmdb.org/t/p/w780/r74vv7gfru9wWfZdRq26Nk4ECrk.jpg,2023,11,very high,good,"['Animation', 'Comedy', 'Mystery', 'Fantasy', 'Horror']","Animation, Comedy, Mystery, Fantasy, Horror"
1401318,en,A Merry Little Ex-Mas,A recently separated couple attempts to have one last Christmas with their kids before the wife sells the family home to move and start fresh. But complications arise when the husband brings his amazing new girlfriend into the holiday mix.,3.363600015640259,2025-11-12,A Merry Little Ex-Mas,6.0,1,https://image.tmdb.org/t/p/w342/iHBN6wA2cGbTPG1MqRoqmsuFw4a.jpg,https://image.tmdb.org/t/p/w780/2GHJGnF2jgnzeqT3XTHjHXgk5Fx.jpg,2025,11,very high,average,"['Romance', 'Comedy']","Romance, Comedy"
1430593,en,Tinsel Town,"A washed-up Hollywood action hero is tricked into starring in a small English town’s chaotic Christmas pantomime, where a straight-talking dance instructor and his estranged daughter just might help him rediscover the magic of the season.",3.3027000427246094,2025-11-28,Tinsel Town,0.0,0,https://image.tmdb.org/t/p/w342/q4zydMZLGXsQ7GF3rNCTzjbJjSZ.jpg,https://image.tmdb.org/t/p/w780/psAGX272PFGdpKmSJI4x8sGPciZ.jpg,2025,11,very high,,"['Comedy', 'Romance']","Comedy, Romance"
1422004,en,Bunny,Two best friends rally the neighbors in their tenement building to help them hide a dead body over the best/worst night of their lives.,3.301300048828125,2025-11-14,Bunny,0.0,0,https://image.tmdb.org/t/p/w342/xKEbq5aqukhHu9ELbNxBDgEb7eX.jpg,https://image.tmdb.org/t/p/w780/m2iLJhONxXaC5HTfSX02pQrOcMH.jpg,2025,11,very high,,"['Crime', 'Comedy', 'Thriller']","Crime, Comedy, Thriller"
1410399,th,ธี่หยด 3,"After successfully defeated the black-suited ghost, Yak must now set out on another journey to find Yee, his youngest sister who has been kidnapped by a cult. Yak and his partner Sergeant Paphan are forced to enter a fearsome cursed village.",3.278700113296509,2025-09-30,Death Whisperer 3,5.199999809265137,3,https://image.tmdb.org/t/p/w342/iGKM5vTczW0U17Wi0Aek4Mkl1y.jpg,https://image.tmdb.org/t/p/w780/qZKxxIGL1wsjpJ7U38WrMwolcjr.jpg,2025,9,very high,average,"['Horror', 'Action', 'Thriller']","Horror, Action, Thriller"
1421071,cn,金童,"A decade ago, Cheung Lek was the brightest rising boxing star—known as “Golden Boy”—until a tragic incident stripped him of his freedom. Ten years later, released from prison, he comes face to face with Fong Yuen, the son he has never met. To claim the inheritance left by Fong Yuen’s mother, Cheung must learn to live with and take care of the boy. Thrust into fatherhood and confronted by past regrets, Cheung’s life is turned upside down once more. Through conflict and gradual reconciliation with his son, he begins to understand his true purpose. Confronting the ghosts of his past, Cheung decides to return to the ring—not only to reclaim his dream, but to become the role model his son deserves.",3.2701001167297363,2025-11-21,Golden Boy,0.0,0,https://image.tmdb.org/t/p/w342/rEm7CbnPAX2jpDTUXz6FExK41cL.jpg,https://image.tmdb.org/t/p/w780,2025,11,very high,,"['Drama', 'Action']","Drama, Action"
1287141,en,Pillion,"A timid man is swept off his feet when an enigmatic, impossibly handsome biker takes him on as his submissive.",3.2535998821258545,2025-10-31,Pillion,0.0,0,https://image.tmdb.org/t/p/w342/pp874TYSlt7cuDw3aCoVR4fBSjc.jpg,https://image.tmdb.org/t/p/w780/vqC6OjfU73Hn1ZOA7Is9gfnNaof.jpg,2025,10,very high,,"['Romance', 'Drama', 'Comedy']","Romance, Drama, Comedy"
1226141,cn,破·地獄,"A debt-ridden wedding planner inadvertently becomes a successful funeral planner. However, he must convince a traditional Taoist priest of his legitimacy to continue operating in the field.",3.2320001125335693,2024-11-09,The Last Dance,7.900000095367432,56,https://image.tmdb.org/t/p/w342/x4UT6SsBEnVzyeYm86WItNl4wGG.jpg,https://image.tmdb.org/t/p/w780/3gWzonuhwq7GUEdAywM3ykP1ekA.jpg,2024,11,very high,good,['Drama'],Drama
1295400,da,Den sidste viking,"Anker is released from prison after a fourteen year sentence for robbery. Anker’s brother, Manfred, is the only one who knows where the money from the heist is. Meanwhile, Manfred has developed a mental illness, causing him to forget where the loot is stashed. Together, the brothers now embark on an unexpected journey to both locate the money and discover who they really are.",3.2126998901367188,2025-10-09,The Last Viking,7.0,5,https://image.tmdb.org/t/p/w342/oviGe0fRUQn6dTqqCqRzMJ1RoSF.jpg,https://image.tmdb.org/t/p/w780/dcf2MSKj9wW074jXP7cljI78gMC.jpg,2025,10,very high,average,"['Comedy', 'Drama', 'Crime']","Comedy, Drama, Crime"
1171296,en,Baltimore,"Based on actual events that took place on 26 April 1974, former debutante turned IRA member Rose Dugdale and three comrades carried out an armed raid on Russborough House, Wicklow, in which nineteen masterpieces were stolen in an effort to support the IRA’s armed struggle. The film plays out over the course of the days following the raid, when Rose is in hiding in a remote cottage.",3.2060000896453857,2024-03-01,Baltimore,6.0,35,https://image.tmdb.org/t/p/w342/q8SXr3SCtHESHkmO2mFqzqlJ09L.jpg,https://image.tmdb.org/t/p/w780/xjU9tmtZTThyKtWnoRfoUnBj6z9.jpg,2024,3,very high,average,"['Thriller', 'History', 'Drama']","Thriller, History, Drama"
972435,ko,너와 나,"On the afternoon of the day before her school trip, Se-mi wakes up from her strange dream and heads to her Ha-eun. It was because she felt like she had to convey the feelings she had been holding back for a long time today. However, unlike her overflowing heart, the two keep falling apart.",3.183000087738037,2023-10-25,The Dream Songs,7.800000190734863,8,https://image.tmdb.org/t/p/w342/5Lx21r40NzMUdpXEVWkboj0LCTM.jpg,https://image.tmdb.org/t/p/w780/4Y8Z9zuaPBSDILRI82etKQuGnsq.jpg,2023,10,very high,good,"['Drama', 'Romance']","Drama, Romance"
1068544,en,Dog Patrol: Operation Santa Paws,"Samuel and his friends along with his trusted dog Athena have to go for the adventure of a lifetime, matching wits with a mob boss to solve Oscar's riddles in order to help Athena save Christmas for the whole town.",3.1389000415802,2025-11-13,Dog Patrol: Operation Santa Paws,0.0,0,https://image.tmdb.org/t/p/w342/eoNJWa84J6DskVZIzaFFZsvZ16e.jpg,https://image.tmdb.org/t/p/w780/cmnAAWD9Zn01m7gzqbS1ZCpho9b.jpg,2025,11,very high,,"['Adventure', 'Drama', 'Family']","Adventure, Drama, Family"
1555417,ko,제이홉 투어 '홉 온 더 스테이지' 더 무비,"Witness the full spectrum of j-hope's artistry, from the iconic tracks of his solo album “Jack In The Box” and special album “HOPE ON THE STREET VOL.1” to the world premiere of “Killin’ It Girl.” Experience his spectacular live performances on the big screen, complete with exclusive behind-the-scenes moments and special stages featuring Jin, Jung Kook, and Crush. Relive the unforgettable, sparkling moment between j-hope and ARMY - j-hope’s true “Safety Zone”- and experience the final stage of his first solo world tour in HOPE ON THE STAGE THE MOVIE.",3.1152000427246094,2025-11-12,j-hope Tour 'HOPE ON THE STAGE' THE MOVIE,0.0,0,https://image.tmdb.org/t/p/w342/g0DUaDV8Vn61MU62SVmmWpyeViV.jpg,https://image.tmdb.org/t/p/w780/2i63ELE0jc8lenShNBez1w0aCld.jpg,2025,11,very high,,"['Documentary', 'Music']","Documentary, Music"
1287571,id,Agak Laen: Menyala Pantiku!,"After repeatedly failing their missions, Detectives Bene, Boris, Jegel, and Oki are given one last chance: to go undercover in a nursing home in search of a fugitive wanted for the murder of the mayor’s child.",3.103100061416626,2025-11-27,Agak Laen: Menyala Pantiku!,0.0,0,https://image.tmdb.org/t/p/w342/48Lbiwc8QiaGXhpfHkWExLgIcaa.jpg,https://image.tmdb.org/t/p/w780/AvYsEYnj8h0495UhBYEXqK7hkFo.jpg,2025,11,very high,,"['Comedy', 'Crime', 'Drama', 'Mystery']","Comedy, Crime, Drama, Mystery"
1250508,ta,காந்தா,"Set in the backdrop of a film set, in the 1950’s in post colonial Madras, the film is centred around the professional rivalry between a film-maker trying to make his seminal film and the top reigning actor who the director once introduced. The rivalry spirals around the leading actress, a debutante and as the relationship between the three.",3.1008999347686768,2025-11-14,Kaantha,0.0,0,https://image.tmdb.org/t/p/w342/zQCIk2LlsA7714Ge4NkoMrAAS3u.jpg,https://image.tmdb.org/t/p/w780/id996nsidt35c8otLx5I9bTH6Kg.jpg,2025,11,very high,,"['History', 'Crime', 'Drama']","History, Crime, Drama"
1443996,ru,Искупление,"The film tells the story of a veteran of the Russian-Turkish War who returns to his village, where his son is accused of having connections with the devil. The story tells about the confrontation between different poles of faith in the struggle for the fate of a child.",3.094399929046631,2025-11-13,Redemption,0.0,0,https://image.tmdb.org/t/p/w342/2WcOMiK3AUCOzIhSSb44IToJ4UL.jpg,https://image.tmdb.org/t/p/w780,2025,11,very high,,['Drama'],Drama
1130053,en,Cinderella's Curse,"Desperate Cinderella summons her fairy godmother from an ancient flesh-bound book, seeking revenge on her evil stepmother and stepsisters who abuse and torment her daily.",3.0625,2024-05-31,Cinderella's Curse,6.046000003814697,76,https://image.tmdb.org/t/p/w342/8M4G8mRPCFE3kkNhDyUd5KpKiAs.jpg,https://image.tmdb.org/t/p/w780/orTQxcx2aoNpx1DIKTjBzpzvzd0.jpg,2024,5,very high,average,"['Horror', 'Fantasy']","Horror, Fantasy"
1516525,ko,원 인 어 밀리언,"In 2015, with the greeting ""ONE IN A MILL10N, TWICE!"", a new K-pop group stepped onto the world stage. From chart-topping anthems like ""CHEER UP,"" ""TT,"" ""What is Love?,"" ""FANCY,"" and ""Feel Special,"" TWICE captured hearts far beyond Korea, becoming a global phenomenon. This documentary follows their decade-long journey—countless hours of dedication, the dazzling spotlight of worldwide tours, and candid reflections on their growth, friendship, and even their dreams for the future. For ten years, brighter than any stage light, 'ONCE' has been at the very heart of their story. Through never-before-seen interviews and the heartfelt process of preparing a 10th anniversary celebration, the film reveals what TWICE has truly meant to one another—and to the fans who have walked beside them. On their 10th anniversary, 〈ONE IN A MILL10N〉 comes to the screen, revealing the true reason behind the existence of TWICE—a group like no other.",3.059000015258789,2025-10-20,ONE IN A MILL10N,8.0,2,https://image.tmdb.org/t/p/w342/i1Dqq0zJFiTByhwPSuLtVXHiuRj.jpg,https://image.tmdb.org/t/p/w780/5IN70AQJOje648Lwo07rpqGuhIs.jpg,2025,10,very high,good,"['Documentary', 'Music']","Documentary, Music"
1149614,he,Ken,"Israel, in the aftermath of October 7. Y., a jazz musician struggling to make ends meet, and his wife Jasmine, a dancer, sell their art, souls and bodies to the elite, and bring pleasure and consolation to a bleeding nation. Soon, Y. is given a mission of the highest importance: setting to music a new national anthem.",3.0580999851226807,2025-09-17,Yes,7.5,10,https://image.tmdb.org/t/p/w342/eUGYi75T6Tgf6VOmCz7f4qlcGgm.jpg,https://image.tmdb.org/t/p/w780/rOl9x0SK2x9CSl6bV9R7Zny8O2A.jpg,2025,9,very high,good,"['Drama', 'Comedy']","Drama, Comedy"
1134463,en,Dreams,"Fernando, a young ballet dancer from Mexico, dreams of international recognition and a life in the US. Believing his lover, Jennifer, a socialite and philanthropist, will support him, he leaves everything behind— narrowly escaping death in the process. However, his arrival disrupts Jennifer’s carefully curated world. She will do anything to protect both their futures— and the life she has built.",3.0434999465942383,2025-07-10,Dreams,5.300000190734863,3,https://image.tmdb.org/t/p/w342/xP2EodZfHUiSmblsd67yy3lqQ4F.jpg,https://image.tmdb.org/t/p/w780/7DpleF0PRfVLEm23AWkpanwpYnO.jpg,2025,7,very high,average,"['Drama', 'Romance']","Drama, Romance"
661568,fr,"Mektoub, My Love: Canto Due","Amin returns to Sète after studying in Paris, still dreaming of cinema. By chance, an American producer on vacation takes an interest in his project and wants his wife, Jess, to play the lead role. But fate, whimsical as ever, has its own rules.",3.0376999378204346,2025-12-03,"Mektoub, My Love: Canto Due",0.0,0,https://image.tmdb.org/t/p/w342/2KXy7ynSZxVyfYz5AbX413K41CD.jpg,https://image.tmdb.org/t/p/w780/cNRYvkHKoRw8AuZxf7XecRfSuvM.jpg,2025,12,very high,,"['Romance', 'Drama', 'Comedy']","Romance, Drama, Comedy"
1312157,it,FolleMente,"How much do we really know about ourselves when we make a decision? What if there are multiple versions of our I within us, each with something to say?",3.031399965286255,2025-02-20,Somebody to Love,7.214000225067139,499,https://image.tmdb.org/t/p/w342/j0FOPkEflJN0nnyCvjENWZ116Mq.jpg,https://image.tmdb.org/t/p/w780/tOwffsVVkPWaQGmWDoZxKhGmrNi.jpg,2025,2,very high,good,"['Comedy', 'Romance']","Comedy, Romance"
1145221,en,It Feeds,A clairvoyant therapist confronts her own personal demons while trying to save a young girl who believes a malevolent entity is feeding on her.,3.0274999141693115,2025-04-17,It Feeds,6.833000183105469,154,https://image.tmdb.org/t/p/w342/uC3lzzgOUgkubje7HR20qznAAGj.jpg,https://image.tmdb.org/t/p/w780/4FQoxqPxMQjlqluCvBQMlfX5hy2.jpg,2025,4,very high,average,['Horror'],Horror
1253708,ru,На выброс,"In a cruel turn of fate, Mac, a high-end necktie, is thrown in the trash. There he meets others in a similar predicament: a broken vase, an air freshener bottle, a boot with gum stuck on its sole, and a spool of thread down to her last bit of thread. Mac believes that he is better than this riff-raff and dreams of regaining his former life. The others want to reach a place called Paradise, thinking that's where they can make their wishes come true-and if you're stuck in a dumpster, you probably have something to wish for.",2.979300022125244,2025-11-20,Tied Up,0.0,0,https://image.tmdb.org/t/p/w342/3rtkPgGS39zCZPxal2a5lVVwINT.jpg,https://image.tmdb.org/t/p/w780/7fvRcRgLTECRvQUMOgRXBZUjcDE.jpg,2025,11,very high,,['Animation'],Animation
864772,ml,വിലായത്ത് ബുദ്ധ,"Set in a village called Marayur , the story revolves around an ego clash between a retired school teacher, his old student and a few other colorful characters surrounding them.",2.976900100708008,2025-11-21,Vilaayath Budha,0.0,0,https://image.tmdb.org/t/p/w342/smz0iNGX7AH6X75BsoVPGJCWcCi.jpg,https://image.tmdb.org/t/p/w780/ynn6vQEBwq1QvTCTv5Fv0rsY0Hk.jpg,2025,11,very high,,"['Action', 'Drama']","Action, Drama"
1359388,es,La bala,,2.9670000076293945,2025-11-21,La bala,0.0,0,https://image.tmdb.org/t/p/w342,https://image.tmdb.org/t/p/w780,2025,11,very high,,['Thriller'],Thriller
1211442,en,Rebuilding,"After wildfires take his ranch, a cowboy named Dusty winds up in a FEMA camp, finding community with others who lost homes, including his daughter and ex-wife.",2.7004001140594482,2025-11-14,Rebuilding,0.0,0,https://image.tmdb.org/t/p/w342/7cDCGKBA6XANFDw4km9GvDnFBHw.jpg,https://image.tmdb.org/t/p/w780/zfhAzbZXg24Z9INMcRfkr45mH91.jpg,2025,11,very high,,['Drama'],Drama
1461775,ja,兄を持ち運べるサイズに,"Ko Shibasaki will star in ""Ani wo mochihakoberu saizu ni,"" a film directed by Nakano Ryota of ""Hot Water's Love,"" his first in five years. She plays a younger sister who struggles with the sudden death of her good-for-nothing older brother, played by Joe Odagiri Joe, together with his ex-wife, played by Hikari Mitsushima.",2.365299940109253,2025-11-28,Bring Him Down to a Portable Size,0.0,0,https://image.tmdb.org/t/p/w342/6cfZI2G5EbiSMzd0lSMCAfmifFK.jpg,https://image.tmdb.org/t/p/w780/jgNRXM69ygunAnLHNMuI0RBpGiA.jpg,2025,11,very high,,['Drama'],Drama
1259443,zh,南方時光,"Chou, a sensitive teen craving independence, struggles as the 1996 Taiwan Strait crisis hits his family's finances and worsens tensions at home. He secretly works at a billiard hall, forming a bond with gang leader Button, but faces setbacks like Button's enlistment and peer conflicts. Caught by his father, their relationship worsens. At school, his crush Min leaves due to war fears, and pressure from a teacher deepens his uncertainty.",2.3406999111175537,2025-11-14,Before the Bright Day,0.0,0,https://image.tmdb.org/t/p/w342/xxqKfuocbtULhe7xGuiBKoJ8Q6o.jpg,https://image.tmdb.org/t/p/w780/5zkGkMs8l7oTgP1g8JI8xqOi6Zs.jpg,2025,11,very high,,['Drama'],Drama
1557351,ja,そこにきみはいて,"Kaori, an allomantic and asexual woman, is left shattered after her fiancé Takeru’s sudden suicide. Seeking closure, she embarks on a journey with Nakano, Takeru’s best friend, to the place of his death—unraveling hidden layers of love, identity, and the Takeru they never truly knew.",2.3747000694274902,2025-11-28,The Deepest Space in Us,0.0,0,https://image.tmdb.org/t/p/w342/t1h8BhEr5kDadPpLwu64An2aPDp.jpg,https://image.tmdb.org/t/p/w780/jR4Lj910RGx5our5VmeKssbOsDD.jpg,2025,11,very high,,['Drama'],Drama
1406894,ja,เพลงรัก,"An unfinished love song connects two people in Tokyo and Bangkok. Sota is an overly serious researcher who was suddenly ordered to work in Tokyo. One day he returns from Tokyo to Bangkok and reunites with Kai whom he had feelings for when they were students. Kai is active as a photographer and also pursuing music when they reunite. This makes Sota a bit nervous. Kai, however, is surprised that Sota recalls the 'unfinished song' he once sang for him. The duo slowly grow closer once again, but each have a secret as to why they can't complete the song. Yet this unfinished song connecting the two of them begins to resonate with both once again!",2.687999963760376,2025-10-31,(Love Song),0.0,0,https://image.tmdb.org/t/p/w342/zKstxIlSSiSMCYBSahUZQxzCwA3.jpg,https://image.tmdb.org/t/p/w780/hyXCUN3tCRkwK7gM9ArKLz9d7JX.jpg,2025,10,very high,,['Romance'],Romance
1361565,zh,不赦之罪,A Hong Kong pastor faces an impossible test of faith when the young man responsible for his daughter's death arrives at his church seeking both salvation and shelter.,2.302299976348877,2025-04-26,Valley of the Shadow of Death,8.0,2,https://image.tmdb.org/t/p/w342/gOg0gSK31fhGpPhGGgGU63lrDXH.jpg,https://image.tmdb.org/t/p/w780/2IuI0i5M21OvjpOVGxPrAToKAu0.jpg,2025,4,very high,good,"['Drama', 'Crime', 'Romance']","Drama, Crime, Romance"
1171296,en,Baltimore,"Based on actual events that took place on 26 April 1974, former debutante turned IRA member Rose Dugdale and three comrades carried out an armed raid on Russborough House, Wicklow, in which nineteen masterpieces were stolen in an effort to support the IRA’s armed struggle. The film plays out over the course of the days following the raid, when Rose is in hiding in a remote cottage.",3.2060000896453857,2024-03-01,Baltimore,6.0,35,https://image.tmdb.org/t/p/w342/q8SXr3SCtHESHkmO2mFqzqlJ09L.jpg,https://image.tmdb.org/t/p/w780/xjU9tmtZTThyKtWnoRfoUnBj6z9.jpg,2024,3,very high,average,"['Thriller', 'History', 'Drama']","Thriller, History, Drama"
1363123,en,The Family Plan 2,"Now that Dan's assassin days are behind him, all he wants for Christmas is quality time with his kids. But when he learns his daughter has her own plans, he books a family trip to London—putting them all in the crosshairs of an unexpected enemy.",3.7623000144958496,2025-11-20,The Family Plan 2,0.0,0,https://image.tmdb.org/t/p/w342/semFxuYx6HcrkZzslgAkBqfJvZk.jpg,https://image.tmdb.org/t/p/w780/olxGhqvRqlE4IuN2sHBHuez6jD8.jpg,2025,11,very high,,"['Action', 'Comedy']","Action, Comedy"
1130053,en,Cinderella's Curse,"Desperate Cinderella summons her fairy godmother from an ancient flesh-bound book, seeking revenge on her evil stepmother and stepsisters who abuse and torment her daily.",3.0625,2024-05-31,Cinderella's Curse,6.046000003814697,76,https://image.tmdb.org/t/p/w342/8M4G8mRPCFE3kkNhDyUd5KpKiAs.jpg,https://image.tmdb.org/t/p/w780/orTQxcx2aoNpx1DIKTjBzpzvzd0.jpg,2024,5,very high,average,"['Horror', 'Fantasy']","Horror, Fantasy"
1149614,he,Ken,"Israel, in the aftermath of October 7. Y., a jazz musician struggling to make ends meet, and his wife Jasmine, a dancer, sell their art, souls and bodies to the elite, and bring pleasure and consolation to a bleeding nation. Soon, Y. is given a mission of the highest importance: setting to music a new national anthem.",3.0580999851226807,2025-09-17,Yes,7.5,10,https://image.tmdb.org/t/p/w342/eUGYi75T6Tgf6VOmCz7f4qlcGgm.jpg,https://image.tmdb.org/t/p/w780/rOl9x0SK2x9CSl6bV9R7Zny8O2A.jpg,2025,9,very high,good,"['Drama', 'Comedy']","Drama, Comedy"
1294698,fr,Dossier 137,"Stéphanie, a police officer working for Internal Affairs, is assigned to a case involving a young man severely wounded during a tense and chaotic demonstration in Paris. While she finds no evidence of illegitimate police violence, the case takes a personal turn when she discovers the victim is from her hometown.",3.8006999492645264,2025-11-19,Case 137,0.0,0,https://image.tmdb.org/t/p/w342/t93h1ptV098Q6vzl9gfEymJQ6Qp.jpg,https://image.tmdb.org/t/p/w780/kjKxmpuPIvXjDP4reWCkMaeK2Es.jpg,2025,11,very high,,"['Crime', 'Drama']","Crime, Drama"
645560,tl,Quezon,"A historical drama focusing on Manuel L. Quezon years after the Philippine Revolution during the American occupation. When his fight for independence from the United States is put to the test, Quezon finds himself playing the brutal game of politics to outmaneuver his rivals — including Leonard Wood, Sergio Osmeña, and Joven Hernando. In Quezon’s relentless quest for power, he ultimately faces off with Emilio Aguinaldo in the 1935 presidential elections, using charm and favoritism as both weapons and currency, in a campaign that ultimately changes the face of Philippine politics and history.",3.9110000133514404,2025-10-15,Quezon,8.0,1,https://image.tmdb.org/t/p/w342/cdjr6ZAAm1rxdP1jR0tXdRqU7KO.jpg,https://image.tmdb.org/t/p/w780/zMkLaROlTXuBgWnx7DB1iHWPdSF.jpg,2025,10,very high,good,"['Drama', 'History']","Drama, History"
1078814,hi,Yugantar,These movies are based on the research of changes in humans due to Vedic changes born in humans over time.,3.46589994430542,2025-11-14,Yugantar,0.0,0,https://image.tmdb.org/t/p/w342/jkQ6FDJ4Wmla3tID7mG27j6c5Mp.jpg,https://image.tmdb.org/t/p/w780,2025,11,very high,,"['Mystery', 'Drama']","Mystery, Drama"
1400501,ko,윗집 사람들,"Jung-ah and her husband Hyeon-soo suffer sleepless nights from the passionate couple upstairs, Su-kyeong and Mr. Kim. Hoping to ease tensions, Jung-ah invites them to dinner — but polite chatter soon unravels into raw, boundary-breaking honesty, exposing hidden cracks in relationships with biting wit and emotional precision.",2.390899896621704,2025-12-03,The People Upstairs,0.0,0,https://image.tmdb.org/t/p/w342/AK3v5SXupCyjGtnv15fV4vfDBd.jpg,https://image.tmdb.org/t/p/w780/btcabMfY3Y64op4ZFtDnWDT8SrZ.jpg,2025,12,very high,,['Comedy'],Comedy
1142921,hi,तेरे इश्क़ में,"Shankar and Mukti's intense love story unfolds against the backdrop of Benaras, exploring surrender and transformation through an all-consuming romance that heals, hurts, and changes them",2.6572999954223633,2025-11-28,Tere Ishk Mein,0.0,0,https://image.tmdb.org/t/p/w342/7FsHlW9z7gDhDE4EXAE2WcXUVQj.jpg,https://image.tmdb.org/t/p/w780/s6N5CSXd9KL9npreIeOqVDzYVmb.jpg,2025,11,very high,,"['Romance', 'Action', 'Drama']","Romance, Action, Drama"
1313001,da,Sauna,"Johan is a completely ordinary young man who keeps all doors open when it comes to both love and sex. He has landed a job as a receptionist at Adonis, Copenhagen's only gay sauna, where he not only works but also gathers his very personal experiences and encounters with the sauna's other guests. For Johan, the city is like a boundless paradise of opportunities with bars, parties, and one-night stands, but it is only when he meets the transgender William that he experiences love up close. The love between the two is put to a tough test, as is often the case when living in a society governed by rigid ideas about gender, love, and identity.",2.5934998989105225,2025-04-24,Sauna,7.0,6,https://image.tmdb.org/t/p/w342/e14N7ZNiCxrb3pqR3I5eYXEjjw5.jpg,https://image.tmdb.org/t/p/w780/1KQyhUFGCbufmyDzsz6NvCfeTTA.jpg,2025,4,very high,average,"['Drama', 'Romance']","Drama, Romance"
969010,sv,Serietecknaren,"After doing the jump from comic-artist to standup comedian, Simon finds himself forced to return to the world of comics, after a line of surprising disasters.",2.6835999488830566,2025-02-21,The Comic Artist,7.0,1,https://image.tmdb.org/t/p/w342/3QiacMkF8UcxQIL44ASf3GluuM6.jpg,https://image.tmdb.org/t/p/w780/xCoDzlyd0meF1dp7yhL3nO76era.jpg,2025,2,very high,average,['Comedy'],Comedy
1214052,el,Σε μια άγνωστη χώρα,"Cousins Chatila and Reda are saving to pay for fake passports to get out of Athens. When Reda loses their hard-earned cash to his drug addiction, Chatila hatches an extreme plan to pose as smugglers in an attempt to get them out of their desperate situation before it is too late.",2.6138999462127686,2025-02-14,To a Land Unknown,7.111000061035156,9,https://image.tmdb.org/t/p/w342/wjr6q8kw1HkkpoeodvUOjQXFlom.jpg,https://image.tmdb.org/t/p/w780/vd500AWRxcBbKPcvzBHRN77sOcS.jpg,2025,2,very high,good,"['Drama', 'Thriller', 'Crime']","Drama, Thriller, Crime"
1385536,id,Sore: Istri Dari Masa Depan,"A young man living alone in Croatia encounters a woman who claims to be his wife from the future, sent on a mission to help him correct his bad habits and improve his lifestyle.",2.8989999294281006,2025-07-10,Sore: Wife From The Future,8.899999618530273,15,https://image.tmdb.org/t/p/w342/u4pNXPmBuYeTtksakUCZgJ1zpSB.jpg,https://image.tmdb.org/t/p/w780/eDN6JQIVdJSDDsmEV0vYKlKYzuO.jpg,2025,7,very high,excellent,"['Fantasy', 'Romance', 'Drama', 'Science Fiction']","Fantasy, Romance, Drama, Science Fiction"
661568,fr,"Mektoub, My Love: Canto Due","Amin returns to Sète after studying in Paris, still dreaming of cinema. By chance, an American producer on vacation takes an interest in his project and wants his wife, Jess, to play the lead role. But fate, whimsical as ever, has its own rules.",3.0376999378204346,2025-12-03,"Mektoub, My Love: Canto Due",0.0,0,https://image.tmdb.org/t/p/w342/2KXy7ynSZxVyfYz5AbX413K41CD.jpg,https://image.tmdb.org/t/p/w780/cNRYvkHKoRw8AuZxf7XecRfSuvM.jpg,2025,12,very high,,"['Romance', 'Drama', 'Comedy']","Romance, Drama, Comedy"
1186830,fr,Belladone,"The story takes us to an island with no future, given that it’s already partly submerged underwater. A woman is caring for ten or so very elderly individuals, but the arrival of five travellers turns their lives upside down…",2.7149999141693115,2025-03-26,The Islanders,6.166999816894531,9,https://image.tmdb.org/t/p/w342/MyDCKQmHTV5y9EtB4860XR2DOl.jpg,https://image.tmdb.org/t/p/w780/kkbqoM9pQnOXnBhvrz6y35fNpx4.jpg,2025,3,very high,average,"['Drama', 'Comedy']","Drama, Comedy"
1364904,th,ผีใช้ได้ค่ะ,"After dying from a respiratory disease, a mother's spirit possesses a vacuum cleaner to protect her husband when he begins showing the same symptoms.",2.7121999263763428,2025-08-27,A Useful Ghost,6.400000095367432,9,https://image.tmdb.org/t/p/w342/mMv0WJPlZ0jc9wIhbiwhu0SobxK.jpg,https://image.tmdb.org/t/p/w780/nZxI8LN5Xm4fX947KfjfN4Fa69g.jpg,2025,8,very high,average,"['Comedy', 'Drama', 'Fantasy']","Comedy, Drama, Fantasy"
1211442,en,Rebuilding,"After wildfires take his ranch, a cowboy named Dusty winds up in a FEMA camp, finding community with others who lost homes, including his daughter and ex-wife.",2.7004001140594482,2025-11-14,Rebuilding,0.0,0,https://image.tmdb.org/t/p/w342/7cDCGKBA6XANFDw4km9GvDnFBHw.jpg,https://image.tmdb.org/t/p/w780/zfhAzbZXg24Z9INMcRfkr45mH91.jpg,2025,11,very high,,['Drama'],Drama
1377278,es,Seres,"In a dystopian future gripped by water and medicine shortages, inventor Lucio races against time to repair his malfunctioning medical robot—a last hope for survival in a crumbling world.",2.6972999572753906,2025-11-20,Beings,0.0,0,https://image.tmdb.org/t/p/w342/96Kmg7xHsKFKc1kVM4brBNJLBpo.jpg,https://image.tmdb.org/t/p/w780/XRswxgFwXNrco9BOvPgM2f5HNc.jpg,2025,11,very high,,[],
1255778,fr,La bonne étoile,"In 1940, in France, Jean Chevalin lives with his family in great poverty after deserting the army. Convinced that some people manage better than others, he decides to pretend to be Jewish in order to receive help from smugglers and reach the free zone. This ruse will lead his family on a journey that will gradually dismantle his prejudices.",2.6935999393463135,2025-11-12,La bonne étoile,4.0,2,https://image.tmdb.org/t/p/w342/hurLECr5mu4QA2NuDIKp5Z7GXDS.jpg,https://image.tmdb.org/t/p/w780/d9u2cmCNARuRmLBFNzWZCWpjPcn.jpg,2025,11,very high,poor,"['Comedy', 'Drama']","Comedy, Drama"
1406894,ja,เพลงรัก,"An unfinished love song connects two people in Tokyo and Bangkok. Sota is an overly serious researcher who was suddenly ordered to work in Tokyo. One day he returns from Tokyo to Bangkok and reunites with Kai whom he had feelings for when they were students. Kai is active as a photographer and also pursuing music when they reunite. This makes Sota a bit nervous. Kai, however, is surprised that Sota recalls the 'unfinished song' he once sang for him. The duo slowly grow closer once again, but each have a secret as to why they can't complete the song. Yet this unfinished song connecting the two of them begins to resonate with both once again!",2.687999963760376,2025-10-31,(Love Song),0.0,0,https://image.tmdb.org/t/p/w342/zKstxIlSSiSMCYBSahUZQxzCwA3.jpg,https://image.tmdb.org/t/p/w780/hyXCUN3tCRkwK7gM9ArKLz9d7JX.jpg,2025,10,very high,,['Romance'],Romance
10234,de,Funny Games,"Two psychotic young men take a mother, father, and son hostage in their vacation cabin and force them to play sadistic ""games"" with one another for their own amusement.",2.6877999305725098,1997-08-23,Funny Games,7.307000160217285,1966,https://image.tmdb.org/t/p/w342/vUJxLlRGM6KfXQDeAHqyMyhrI59.jpg,https://image.tmdb.org/t/p/w780/79SBe1bU30Dy6QPwJ2KQ3LTr1lr.jpg,1997,8,very high,good,"['Drama', 'Horror', 'Thriller']","Drama, Horror, Thriller"
969010,sv,Serietecknaren,"After doing the jump from comic-artist to standup comedian, Simon finds himself forced to return to the world of comics, after a line of surprising disasters.",2.6835999488830566,2025-02-21,The Comic Artist,7.0,1,https://image.tmdb.org/t/p/w342/3QiacMkF8UcxQIL44ASf3GluuM6.jpg,https://image.tmdb.org/t/p/w780/xCoDzlyd0meF1dp7yhL3nO76era.jpg,2025,2,very high,average,['Comedy'],Comedy
1284807,en,Desperate Journey,"The true story of Freddie Knoller, a young Jewish man who flees Vienna following the Nazi occupation in 1938 and finds solace in the vibrant world of Paris's burlesque scene.",2.6802000999450684,2025-11-28,Desperate Journey,0.0,0,https://image.tmdb.org/t/p/w342/grdQFUidfWcrgOhHgOhYeEkyAse.jpg,https://image.tmdb.org/t/p/w780/pgesMfLfc7x4oyshj2qSJ3MIOLQ.jpg,2025,11,very high,,"['History', 'War', 'Thriller']","History, War, Thriller"
1476460,it,40 secondi,"It explores the tragic events leading up to the murder of 21-year-old Willy Monteiro Duarte, highlighting the intertwining of chance encounters, rivalries, and latent tensions.",2.6747000217437744,2025-11-19,40 secondi,0.0,0,https://image.tmdb.org/t/p/w342/17LsyedoI7cnkt5pe6BWpbWT215.jpg,https://image.tmdb.org/t/p/w780/xiy1gzKfpA0CIlynMnrK1DTVFNz.jpg,2025,11,very high,,['Drama'],Drama
1142921,hi,तेरे इश्क़ में,"Shankar and Mukti's intense love story unfolds against the backdrop of Benaras, exploring surrender and transformation through an all-consuming romance that heals, hurts, and changes them",2.6572999954223633,2025-11-28,Tere Ishk Mein,0.0,0,https://image.tmdb.org/t/p/w342/7FsHlW9z7gDhDE4EXAE2WcXUVQj.jpg,https://image.tmdb.org/t/p/w780/s6N5CSXd9KL9npreIeOqVDzYVmb.jpg,2025,11,very high,,"['Romance', 'Action', 'Drama']","Romance, Action, Drama"
946040,ta,தீயவர் குலைகள் நடுங்க,An Investigative Police officer teams up with an autism school teacher to solve the mystery of a cruel murder happened in a school for autistic children.,2.6465001106262207,2025-11-21,Theeyavar Kulaigal Nadunga,0.0,0,https://image.tmdb.org/t/p/w342/aAQ0I4EZUmg7dEyTwxYZi1dYB8Y.jpg,https://image.tmdb.org/t/p/w780/cCD39VDBFvU0J8Qci0nM5IRQW4p.jpg,2025,11,very high,,"['Crime', 'Thriller']","Crime, Thriller"
1208457,en,STZ,"When a trio of scientists inadvertently launch a bio-attack on a busful of gorgeous women, sex-crazed zombies are created, wreaking havoc on a small town.",2.639400005340576,2025-11-21,STZ,0.0,0,https://image.tmdb.org/t/p/w342/eAGnQkBXmAmQkNjalQYQgr75uZv.jpg,https://image.tmdb.org/t/p/w780,2025,11,very high,,"['Comedy', 'Horror']","Comedy, Horror"
1216571,en,June and John,John leads an ordinary life with a monotonous routine. One day John runs into a woman on the subway who is as beautiful as she is mysterious named June. His encounter with her finally leads him to have a goal in his bumptious life.,2.634999990463257,2025-04-17,June and John,5.916999816894531,48,https://image.tmdb.org/t/p/w342/xRa3VBDf9RRz26SYtCTgOu9lQK2.jpg,https://image.tmdb.org/t/p/w780/ocl96RW6AKrIv5se5MVtRMKJHZ.jpg,2025,4,very high,average,"['Romance', 'Thriller']","Romance, Thriller"
1214052,el,Σε μια άγνωστη χώρα,"Cousins Chatila and Reda are saving to pay for fake passports to get out of Athens. When Reda loses their hard-earned cash to his drug addiction, Chatila hatches an extreme plan to pose as smugglers in an attempt to get them out of their desperate situation before it is too late.",2.6138999462127686,2025-02-14,To a Land Unknown,7.111000061035156,9,https://image.tmdb.org/t/p/w342/wjr6q8kw1HkkpoeodvUOjQXFlom.jpg,https://image.tmdb.org/t/p/w780/vd500AWRxcBbKPcvzBHRN77sOcS.jpg,2025,2,very high,good,"['Drama', 'Thriller', 'Crime']","Drama, Thriller, Crime"
1001010,fr,Hiver à Sokcho,"In the snowy seaside town of Sokcho, 25-year-old Soo-Ha works at a guesthouse. She drifts between her mother’s fish stall and her boyfriend until a French artist’s arrival stirs questions about her identity. As winter deepens, Soo-Ha and the artist form an unspoken connection through food and art.",2.612600088119507,2025-01-08,Winter in Sokcho,6.800000190734863,29,https://image.tmdb.org/t/p/w342/tVF00d1iCOpEnPx73tUGzsh1uaV.jpg,https://image.tmdb.org/t/p/w780/uA0ckViu6Uqc2d3iCFWOZBqMgK9.jpg,2025,1,very high,average,"['Drama', 'Comedy', 'Romance']","Drama, Comedy, Romance"
931942,en,BLKNWS: Terms & Conditions,"Adapted from Kahlil Joseph’s renowned video art installation, BLKNWS: Terms &  Conditions is a distinctive cinematic experience that mirrors the sonic textures  of a record album, weaving fiction and history in an immersive journey where the  fictionalized figures of W. E. B Du Bois and Marcus Garvey join artists, musicians,  Joseph’s family, and even Twitter chats, in a vision for black consciousness.",2.5947999954223633,2025-11-28,BLKNWS: Terms & Conditions,0.0,0,https://image.tmdb.org/t/p/w342/uq5D15FDtvtcIbY7JLG1uEdt2uI.jpg,https://image.tmdb.org/t/p/w780/zOKM4aXeC0zT9M2QkaT2wt516Nc.jpg,2025,11,very high,,['Documentary'],Documentary
1313001,da,Sauna,"Johan is a completely ordinary young man who keeps all doors open when it comes to both love and sex. He has landed a job as a receptionist at Adonis, Copenhagen's only gay sauna, where he not only works but also gathers his very personal experiences and encounters with the sauna's other guests. For Johan, the city is like a boundless paradise of opportunities with bars, parties, and one-night stands, but it is only when he meets the transgender William that he experiences love up close. The love between the two is put to a tough test, as is often the case when living in a society governed by rigid ideas about gender, love, and identity.",2.5934998989105225,2025-04-24,Sauna,7.0,6,https://image.tmdb.org/t/p/w342/e14N7ZNiCxrb3pqR3I5eYXEjjw5.jpg,https://image.tmdb.org/t/p/w780/1KQyhUFGCbufmyDzsz6NvCfeTTA.jpg,2025,4,very high,average,"['Drama', 'Romance']","Drama, Romance"
1524465,kn,The Task,Two youngsters are given a task to ensure the safety of a witness in a murder case.,2.5910000801086426,2025-11-21,The Task,0.0,0,https://image.tmdb.org/t/p/w342/r3mvdt3vVLlSXJt08LVWxP6KuK4.jpg,https://image.tmdb.org/t/p/w780,2025,11,very high,,"['Drama', 'Crime', 'Action']","Drama, Crime, Action"
1511384,id,Si Paling Aktor,"Gilang is an extra actor with 10 years in the film industry but has been blacklisted by many directors due to his excessive effort. He struggles financially and loves actress Rachel Hesington, who is dating a rising actor, Kevin Sumitro. During a shooting, Kevin is kidnapped by Mr. Chen, who mistakes Gilang for Kevin. Gilang, Rachel, and the director are also taken. Gilang uses his experiences to conquer various challenges.",2.586899995803833,2025-10-30,The Ultimate Actor,6.800000190734863,3,https://image.tmdb.org/t/p/w342/jNIB48GvkGbf7EFBizSBVBXUQCw.jpg,https://image.tmdb.org/t/p/w780/oXnBaCfQStEGPXNL9hnnOTa2CZm.jpg,2025,10,very high,average,"['Comedy', 'Drama']","Comedy, Drama"
399031,fr,Happy End,A well-to-do French family living in Calais deal with a series of setbacks and crises while paying little attention to the grim conditions in the refugee camps within a few miles of their home.,2.5841000080108643,2017-06-21,Happy End,6.199999809265137,413,https://image.tmdb.org/t/p/w342/tAHzP9O0MOswvWFv5jtWGTyMYXl.jpg,https://image.tmdb.org/t/p/w780/97mRqLyRHDeNd3rdHukMu7u46hN.jpg,2017,6,very high,average,['Drama'],Drama
1254590,ml,കളങ്കാവൽ,"Early 2010s. A routine Kerala Police inquiry in the quiet village of Kottayikonam takes an unexpected turn when a trail of seemingly minor clues unravels into a string of disturbing cases. The investigation soon crosses into Tamil Nadu, revealing unsolved mysteries that have lingered for years.",2.5678999423980713,2025-11-27,Kalamkaval,0.0,0,https://image.tmdb.org/t/p/w342/5vdogNH72GrriiZ45H8U7CPWGfO.jpg,https://image.tmdb.org/t/p/w780/hfY3diz5XNhP1mimdEHHNYzB4cP.jpg,2025,11,very high,,"['Crime', 'Drama']","Crime, Drama"
1481600,hu,Sárkányok Kabul felett,"Based on the true story of Operation Shaman Shield, when Hungarian soldiers evacuated 540 people, including 180 children, from Afghanistan as NATO forces withdrew. Coming Fall 2025.",2.5541000366210938,2025-11-20,Operation Sámán,0.0,0,https://image.tmdb.org/t/p/w342/zHJ6fTLGsihOjddR2A9fuXTgZVc.jpg,https://image.tmdb.org/t/p/w780/qVXQFsX0bORRZELh0kLoqlIPWyp.jpg,2025,11,very high,,"['Action', 'History', 'Drama']","Action, History, Drama"
1495245,eu,Karmele,"Karmele is a Basque nurse exiled to France towards the end of the thirties. There, she meets Txomin, a master trumpeter, with whom she shares a love story and political commitment between Paris, Caracas and the Basque Country. Together, they build a family and seem to have a great mutual understanding; until the time comes to choose between loyalty to family or ideas.",2.550600051879883,2025-10-10,Karmele,0.0,0,https://image.tmdb.org/t/p/w342/kLEyA5z6agJ2uQkfahtRg2tVkf4.jpg,https://image.tmdb.org/t/p/w780/9mBbalgawrjW8v1FSgYobPhnEir.jpg,2025,10,very high,,"['Drama', 'Romance']","Drama, Romance"
1407251,ru,Авиатор,A person with amnesia writes down his memories in an attempt to reconstruct his life history.,2.5455000400543213,2025-11-20,Aviator,0.0,0,https://image.tmdb.org/t/p/w342/vklkJVzCng5l5dIJL8bqq63zb5k.jpg,https://image.tmdb.org/t/p/w780/fJyZtrqZbmkIjyuc3JX7km1PSCh.jpg,2025,11,very high,,['Science Fiction'],Science Fiction
1286185,en,The Carpenter's Son,"A remote village in Roman-era Egypt explodes into spiritual warfare when a carpenter, his wife and their child are targeted by supernatural forces.",2.529099941253662,2025-11-13,The Carpenter's Son,0.0,0,https://image.tmdb.org/t/p/w342/9Qm95wCcD02PnGFB2ckbj9oS7Sl.jpg,https://image.tmdb.org/t/p/w780/93XmVprgOBYALHp40a4agOh4BhM.jpg,2025,11,very high,,"['Horror', 'Fantasy']","Horror, Fantasy"
524635,en,The Chronology of Water,"Growing up in an environment torn apart by violence and alcohol, a young woman struggles to find her path. She manages to escape her family and enters university, where she finds refuge in literature. Gradually, words offer her an unexpected freedom...",2.526400089263916,2025-10-15,The Chronology of Water,6.699999809265137,7,https://image.tmdb.org/t/p/w342/sNRz8yrITUqTj4unz985rHRflm.jpg,https://image.tmdb.org/t/p/w780/7MZ7WlYIcZ5YdAKnUDsPbEyFpOA.jpg,2025,10,very high,average,['Drama'],Drama
1325495,ja,逃走,"In 2024, Kirishima Satoshi, a wanted member of the East Asian Anti-Japan Armed Front, passed away after he gave his own name at a hospital.",2.514699935913086,2025-03-15,Escape,7.0,2,https://image.tmdb.org/t/p/w342/l8v8L2OC95tB4za2oex6wye4TwW.jpg,https://image.tmdb.org/t/p/w780/cnvDBgVBZ7D0KbBdLWQ1dwsSB8H.jpg,2025,3,very high,average,['Drama'],Drama
1078822,it,Testa o croce?,"When cowboy Billi and his sweetheart Rosa run away together, he is accused of her husband's death and becomes the symbol of a local uprising. Everyone wants his head and only Rosa knows the secret that could finally set them free.",2.514699935913086,2025-10-02,Heads or Tails?,6.5,17,https://image.tmdb.org/t/p/w342/Tv6fscEsGNVk9op70Mm5ctIqfl.jpg,https://image.tmdb.org/t/p/w780/bbntAQGbL0E54CiyC9ficb70UEj.jpg,2025,10,very high,average,"['Western', 'Comedy']","Western, Comedy"
1418297,th,มือปืน,"Petch wants out of the assassin's life, but escaping the past isn't easy. Torn between love, loyalty, and revenge, he's forced into one last job. With every shot, the stakes rise—his future and freedom rest on the final bullet.",2.4928998947143555,2025-11-27,The Last Shot,0.0,0,https://image.tmdb.org/t/p/w342/3q8l68PtcEVm5KYjbljlcvzMsHH.jpg,https://image.tmdb.org/t/p/w780/rvWdpDn2WWvtcg30IYCvIEFtWtd.jpg,2025,11,very high,,"['Crime', 'Drama', 'Action']","Crime, Drama, Action"
1537715,ms,Banduan,"Ex-convict Dali longs to meet his daughter for the first time. But when a drug raid shatters his chance at redemption, he is hurled into a deadly night that tests his survival and courage.",2.470400094985962,2025-11-06,Banduan,7.0,1,https://image.tmdb.org/t/p/w342/5P8mDRh7IV4b10QBa1jasg3g3FA.jpg,https://image.tmdb.org/t/p/w780/zVErlNqgiAaegmD1m4D3g9qzDr2.jpg,2025,11,very high,average,"['Action', 'Crime', 'Thriller']","Action, Crime, Thriller"
1501239,ja,君の顔では泣けない,"Since high school, Manami and Riku have been living in each other's bodies for 15 years. The future they choose will touch your heart.",2.4665000438690186,2025-11-14,Can't Cry with Your Face,0.0,0,https://image.tmdb.org/t/p/w342/jSZZr0rkP1rtBytkK1lR9UXPPbG.jpg,https://image.tmdb.org/t/p/w780/jwbAupZDLO9ZRDULCVLvmdi5zsw.jpg,2025,11,very high,,"['Drama', 'Fantasy']","Drama, Fantasy"
1107215,fr,"Ma mère, Dieu et Sylvie Vartan","In 1963, Esther gives birth to Roland, the youngest of a large family. Roland is born with a club foot that prevents him from standing. Against everyone's advice, she promises her son that he will walk like the others and that he will have a fabulous life. From then on, Esther will do everything in her power to keep this promise. Through decades of trials and miracles of life, this film is the story of a true, funny and moving story, that of an incredible destiny and the greatest love there is: that of a mother for her child.",2.4630000591278076,2025-03-19,Once Upon My Mother,6.928999900817871,196,https://image.tmdb.org/t/p/w342/rBgbsL6DOyLLqPD9JL2NIfv2bcY.jpg,https://image.tmdb.org/t/p/w780/qMYb0pTEnsYsYPVD1uJIpOMumYB.jpg,2025,3,very high,average,"['Drama', 'Comedy']","Drama, Comedy"
1558574,en,The Secret Santa Project,A group of discouraged office workers band together to undergo a festive experiment.,2.4576001167297363,2025-11-25,The Secret Santa Project,0.0,0,https://image.tmdb.org/t/p/w342/gsrP9WgXheYm26zR1YGUcvpJYLt.jpg,https://image.tmdb.org/t/p/w780,2025,11,very high,,['Comedy'],Comedy
1437198,de,Tafiti - Ab durch die Wüste,"Tafiti, a young meerkat, initially rejects friendship with Bristles, a bush pig. When his grandpa is bitten by a snake, Tafiti sets off to find the flower for the cure. Bristles wants to prove that adventures are always better with friends.",2.430999994277954,2025-09-04,Tafiti - Across the Desert,9.0,1,https://image.tmdb.org/t/p/w342/ohB1fdL0p9nHllCsQddgOTnDhPD.jpg,https://image.tmdb.org/t/p/w780/uSpnZfWdxfBiIJ3IcwzRrYiRMuP.jpg,2025,9,very high,excellent,"['Animation', 'Family']","Animation, Family"
30970,fr,Code inconnu,"A series of events unfold like a chain reaction, all stemming from a minor event that brings the film's five characters together. Set in Paris, France, Anne is an actress whose boyfriend Georges photographs the war in Kosovo. Georges' brother, Jean, is looking for the entry code to Georges' apartment. These characters' lives interconnect with a Romanian immigrant and a deaf teacher.",2.428299903869629,2000-11-15,Code Unknown,6.699999809265137,264,https://image.tmdb.org/t/p/w342/kJJx2FNmiaep8WT21uMPY9qPzxL.jpg,https://image.tmdb.org/t/p/w780/bTUBuFR25xvTiFel7q6pq0ejacY.jpg,2000,11,very high,average,['Drama'],Drama
1069905,en,Jay Kelly,"Famous movie actor Jay Kelly embarks on a journey of self discovery confronting both his past and present, accompanied by his devoted manager Ron.",2.3993000984191895,2025-11-14,Jay Kelly,5.0,1,https://image.tmdb.org/t/p/w342/lEXYpY9X17pGC7xYYy17Guv0L3J.jpg,https://image.tmdb.org/t/p/w780/x3hRnPXuYKlgb7MwAHjMuD8BzYF.jpg,2025,11,very high,poor,"['Drama', 'Comedy']","Drama, Comedy"
1557691,bs,Testament,"Testament is a humorous and emotional story set in a Bosnian village and the industrial city of Zenica in the early 1990s. It portrays, in a uniquely local way, the importance of a will and the consequences of its absence within Bosnian culture. Through the lives of ordinary people, the film weaves together a series of small conflicts and misunderstandings over inheritance, tradition, and human relationships, where old customs collide with a reality full of human flaws: gambling, gossip, love, and petty theft.  The main character, Asad, after losing his father’s inheritance, must navigate the world of industrial Zenica, local taverns, and everyday rural troubles, aided by his best friend Dževad, a charming man constantly facing his own challenges while seeking shortcuts to every solution.",2.394399881362915,2025-10-15,The Will,9.0,2,https://image.tmdb.org/t/p/w342/aLaMKqIPZSHzOh72fV8s75LHXTa.jpg,https://image.tmdb.org/t/p/w780/vNDRQXtSNetR3vXTNNlUDt5knha.jpg,2025,10,very high,excellent,['Comedy'],Comedy
1400501,ko,윗집 사람들,"Jung-ah and her husband Hyeon-soo suffer sleepless nights from the passionate couple upstairs, Su-kyeong and Mr. Kim. Hoping to ease tensions, Jung-ah invites them to dinner — but polite chatter soon unravels into raw, boundary-breaking honesty, exposing hidden cracks in relationships with biting wit and emotional precision.",2.390899896621704,2025-12-03,The People Upstairs,0.0,0,https://image.tmdb.org/t/p/w342/AK3v5SXupCyjGtnv15fV4vfDBd.jpg,https://image.tmdb.org/t/p/w780/btcabMfY3Y64op4ZFtDnWDT8SrZ.jpg,2025,12,very high,,['Comedy'],Comedy
1218762,en,Jingle Bell Heist,"At the height of the holiday season, two strangers team up to rob one of New York's most famous department stores while accidentally falling in love.",2.3822999000549316,2025-11-26,Jingle Bell Heist,0.0,0,https://image.tmdb.org/t/p/w342/95RcregcwJi58nKEdbowK5NaHJ2.jpg,https://image.tmdb.org/t/p/w780/xz9d71CvFHkKIDSzv4rztPPsVKn.jpg,2025,11,very high,,"['Romance', 'Crime', 'Comedy']","Romance, Crime, Comedy"
1216571,en,June and John,John leads an ordinary life with a monotonous routine. One day John runs into a woman on the subway who is as beautiful as she is mysterious named June. His encounter with her finally leads him to have a goal in his bumptious life.,2.634999990463257,2025-04-17,June and John,5.916999816894531,48,https://image.tmdb.org/t/p/w342/xRa3VBDf9RRz26SYtCTgOu9lQK2.jpg,https://image.tmdb.org/t/p/w780/ocl96RW6AKrIv5se5MVtRMKJHZ.jpg,2025,4,very high,average,"['Romance', 'Thriller']","Romance, Thriller"
1107215,fr,"Ma mère, Dieu et Sylvie Vartan","In 1963, Esther gives birth to Roland, the youngest of a large family. Roland is born with a club foot that prevents him from standing. Against everyone's advice, she promises her son that he will walk like the others and that he will have a fabulous life. From then on, Esther will do everything in her power to keep this promise. Through decades of trials and miracles of life, this film is the story of a true, funny and moving story, that of an incredible destiny and the greatest love there is: that of a mother for her child.",2.4630000591278076,2025-03-19,Once Upon My Mother,6.928999900817871,196,https://image.tmdb.org/t/p/w342/rBgbsL6DOyLLqPD9JL2NIfv2bcY.jpg,https://image.tmdb.org/t/p/w780/qMYb0pTEnsYsYPVD1uJIpOMumYB.jpg,2025,3,very high,average,"['Drama', 'Comedy']","Drama, Comedy"
1312157,it,FolleMente,"How much do we really know about ourselves when we make a decision? What if there are multiple versions of our I within us, each with something to say?",3.031399965286255,2025-02-20,Somebody to Love,7.214000225067139,499,https://image.tmdb.org/t/p/w342/j0FOPkEflJN0nnyCvjENWZ116Mq.jpg,https://image.tmdb.org/t/p/w780/tOwffsVVkPWaQGmWDoZxKhGmrNi.jpg,2025,2,very high,good,"['Comedy', 'Romance']","Comedy, Romance"
1214052,el,Σε μια άγνωστη χώρα,"Cousins Chatila and Reda are saving to pay for fake passports to get out of Athens. When Reda loses their hard-earned cash to his drug addiction, Chatila hatches an extreme plan to pose as smugglers in an attempt to get them out of their desperate situation before it is too late.",2.6138999462127686,2025-02-14,To a Land Unknown,7.111000061035156,9,https://image.tmdb.org/t/p/w342/wjr6q8kw1HkkpoeodvUOjQXFlom.jpg,https://image.tmdb.org/t/p/w780/vd500AWRxcBbKPcvzBHRN77sOcS.jpg,2025,2,very high,good,"['Drama', 'Thriller', 'Crime']","Drama, Thriller, Crime"
1001010,fr,Hiver à Sokcho,"In the snowy seaside town of Sokcho, 25-year-old Soo-Ha works at a guesthouse. She drifts between her mother’s fish stall and her boyfriend until a French artist’s arrival stirs questions about her identity. As winter deepens, Soo-Ha and the artist form an unspoken connection through food and art.",2.612600088119507,2025-01-08,Winter in Sokcho,6.800000190734863,29,https://image.tmdb.org/t/p/w342/tVF00d1iCOpEnPx73tUGzsh1uaV.jpg,https://image.tmdb.org/t/p/w780/uA0ckViu6Uqc2d3iCFWOZBqMgK9.jpg,2025,1,very high,average,"['Drama', 'Comedy', 'Romance']","Drama, Comedy, Romance"
1558640,ko,피렌체,,1.6569000482559204,2025-11-26,Florence Knockin' on You,0.0,0,https://image.tmdb.org/t/p/w342/oziUans4Koj5TeG1ygAZFo6Xddf.jpg,https://image.tmdb.org/t/p/w780,2025,11,very high,,['Drama'],Drama
1319482,en,Traumatika,Mikey's night terrors become reality when his mother begins showing signs of demonic possession. What he's about to experience will haunt him for the rest of his life and claim countless lives across generations.,2.86929988861084,2025-11-13,Traumatika,4.0,1,https://image.tmdb.org/t/p/w342/jnINnXC7KHAVodspt9xIepEE9f6.jpg,https://image.tmdb.org/t/p/w780/gdVOvkG10Axz7mYnucVbzT9uT8O.jpg,2025,11,very high,poor,['Horror'],Horror
1407251,ru,Авиатор,A person with amnesia writes down his memories in an attempt to reconstruct his life history.,2.5455000400543213,2025-11-20,Aviator,0.0,0,https://image.tmdb.org/t/p/w342/vklkJVzCng5l5dIJL8bqq63zb5k.jpg,https://image.tmdb.org/t/p/w780/fJyZtrqZbmkIjyuc3JX7km1PSCh.jpg,2025,11,very high,,['Science Fiction'],Science Fiction
1286185,en,The Carpenter's Son,"A remote village in Roman-era Egypt explodes into spiritual warfare when a carpenter, his wife and their child are targeted by supernatural forces.",2.529099941253662,2025-11-14,The Carpenter's Son,0.0,0,https://image.tmdb.org/t/p/w342/9Qm95wCcD02PnGFB2ckbj9oS7Sl.jpg,https://image.tmdb.org/t/p/w780/93XmVprgOBYALHp40a4agOh4BhM.jpg,2025,11,very high,,"['Horror', 'Fantasy']","Horror, Fantasy"
524635,en,The Chronology of Water,"Growing up in an environment torn apart by violence and alcohol, a young woman struggles to find her path. She manages to escape her family and enters university, where she finds refuge in literature. Gradually, words offer her an unexpected freedom...",2.526400089263916,2025-10-15,The Chronology of Water,6.699999809265137,7,https://image.tmdb.org/t/p/w342/sNRz8yrITUqTj4unz985rHRflm.jpg,https://image.tmdb.org/t/p/w780/7MZ7WlYIcZ5YdAKnUDsPbEyFpOA.jpg,2025,10,very high,average,['Drama'],Drama
1476460,it,40 secondi,"It explores the tragic events leading up to the murder of 21-year-old Willy Monteiro Duarte, highlighting the intertwining of chance encounters, rivalries, and latent tensions.",2.6747000217437744,2025-11-19,40 secondi,0.0,0,https://image.tmdb.org/t/p/w342/17LsyedoI7cnkt5pe6BWpbWT215.jpg,https://image.tmdb.org/t/p/w780/xiy1gzKfpA0CIlynMnrK1DTVFNz.jpg,2025,11,very high,,['Drama'],Drama
1418297,th,มือปืน,"Petch wants out of the assassin's life, but escaping the past isn't easy. Torn between love, loyalty, and revenge, he's forced into one last job. With every shot, the stakes rise—his future and freedom rest on the final bullet.",2.4928998947143555,2025-11-27,The Last Shot,0.0,0,https://image.tmdb.org/t/p/w342/3q8l68PtcEVm5KYjbljlcvzMsHH.jpg,https://image.tmdb.org/t/p/w780/rvWdpDn2WWvtcg30IYCvIEFtWtd.jpg,2025,11,very high,,"['Crime', 'Drama', 'Action']","Crime, Drama, Action"
1386813,es,La quinta,"Rudi and Silvia, with their children Martín, Federico and Silvina, escape from the city to spend a few days in their country house. Rudi gets into arguments with the neighborhood landlord. Children wander around the area. Martín likes fire. Fede is scared. One day, the abandoned house in the background suffers an unexpected fire and a dead person appears: a homeless man suffocated by the smoke. The children did something. Something horrible. Now, we will have to see a way to return to the desired calm.",1.7558000087738037,2025-06-05,The Cottage,10.0,1,https://image.tmdb.org/t/p/w342/swm56zrwqIg2XJwzmmQYAbS6S8b.jpg,https://image.tmdb.org/t/p/w780/pwuk3LcVWqAr9TU45xttsj7ygQK.jpg,2025,6,very high,excellent,['Drama'],Drama
1437198,de,Tafiti - Ab durch die Wüste,"Tafiti, a young meerkat, initially rejects friendship with Bristles, a bush pig. When his grandpa is bitten by a snake, Tafiti sets off to find the flower for the cure. Bristles wants to prove that adventures are always better with friends.",2.430999994277954,2025-09-04,Tafiti - Across the Desert,9.0,1,https://image.tmdb.org/t/p/w342/ohB1fdL0p9nHllCsQddgOTnDhPD.jpg,https://image.tmdb.org/t/p/w780/uSpnZfWdxfBiIJ3IcwzRrYiRMuP.jpg,2025,9,very high,excellent,"['Animation', 'Family']","Animation, Family"
30970,fr,Code inconnu,"A series of events unfold like a chain reaction, all stemming from a minor event that brings the film's five characters together. Set in Paris, France, Anne is an actress whose boyfriend Georges photographs the war in Kosovo. Georges' brother, Jean, is looking for the entry code to Georges' apartment. These characters' lives interconnect with a Romanian immigrant and a deaf teacher.",2.428299903869629,2000-11-15,Code Unknown,6.699999809265137,264,https://image.tmdb.org/t/p/w342/kJJx2FNmiaep8WT21uMPY9qPzxL.jpg,https://image.tmdb.org/t/p/w780/bTUBuFR25xvTiFel7q6pq0ejacY.jpg,2000,11,very high,average,['Drama'],Drama
931942,en,BLKNWS: Terms & Conditions,"Adapted from Kahlil Joseph’s renowned video art installation, BLKNWS: Terms &  Conditions is a distinctive cinematic experience that mirrors the sonic textures  of a record album, weaving fiction and history in an immersive journey where the  fictionalized figures of W. E. B Du Bois and Marcus Garvey join artists, musicians,  Joseph’s family, and even Twitter chats, in a vision for black consciousness.",2.5947999954223633,2025-11-28,BLKNWS: Terms & Conditions,0.0,0,https://image.tmdb.org/t/p/w342/uq5D15FDtvtcIbY7JLG1uEdt2uI.jpg,https://image.tmdb.org/t/p/w780/zOKM4aXeC0zT9M2QkaT2wt516Nc.jpg,2025,11,very high,,['Documentary'],Documentary
1563547,cn,霧海微瀾,"Wai leaves Hong Kong without telling anyone and drift across Taiwan, reconnecting with old friends. Ling flies from Hong Kong to Australia to bring her deceased friend home, trying to piece together her state of mind before her death. The two journeys converge, bearing witness to a young generation's struggles while holding a glimmer of hope for the present time.",1.555299997329712,2025-11-14,Ripples in the Mist,0.0,0,https://image.tmdb.org/t/p/w342/4lM7Wgpbrn8m8J8J11VC1kyyGkY.jpg,https://image.tmdb.org/t/p/w780/sBnKIBCqbCRjM7Yvzn0f1dQgDk7.jpg,2025,11,very high,,['Drama'],Drama
1337267,id,Air Mata di Ujung Sajadah 2,"Baskara celebrated his ninth birthday with Aqilla, but on the other hand, he was also celebrating it with Yumna and his adoptive family in Solo. So, in the next story, will Baskara return to his biological mother, Aqilla? Or will he continue to grow up with his adoptive family in Solo?",2.0097999572753906,2025-10-23,Air Mata di Ujung Sajadah 2,5.0,1,https://image.tmdb.org/t/p/w342/v9y2THJ7zP475phyQ9RmhjldsK4.jpg,https://image.tmdb.org/t/p/w780/uAOY8gbyxPnvqFiNI8K2Q85wDAh.jpg,2025,10,very high,poor,['Drama'],Drama
1218762,en,Jingle Bell Heist,"At the height of the holiday season, two strangers team up to rob one of New York's most famous department stores while accidentally falling in love.",2.3822999000549316,2025-11-26,Jingle Bell Heist,0.0,0,https://image.tmdb.org/t/p/w342/95RcregcwJi58nKEdbowK5NaHJ2.jpg,https://image.tmdb.org/t/p/w780/xz9d71CvFHkKIDSzv4rztPPsVKn.jpg,2025,11,very high,,"['Romance', 'Crime', 'Comedy']","Romance, Crime, Comedy"
1127625,en,The Salt Path,A couple lose their home and later discover the husband has been diagnosed with a terminal illness as they embark on a year long coastal trek.,1.8833999633789062,2025-05-01,The Salt Path,6.599999904632568,46,https://image.tmdb.org/t/p/w342/yBtmFkjzPzd6KvNgoJwwsm1nyXL.jpg,https://image.tmdb.org/t/p/w780/oY30dFV3r2tMYsBB79bsGPXq8GY.jpg,2025,5,very high,average,['Drama'],Drama
1168404,es,Versalles,"After losing his chance at the Mexican presidency, ambitious politician Chema retreats with his elegant wife Carmina to a countryside hacienda. Exile soon turns into delusion: they crown themselves king and queen of a fabricated realm, household staff are recast as courtiers, halls transform into stages of decadent ceremony, and fantasies spill into cruel punishments and bizarre rituals.",2.181299924850464,2025-11-16,Versailles,0.0,0,https://image.tmdb.org/t/p/w342/eCV9689Te5JLJguEyjSmNmZ52mR.jpg,https://image.tmdb.org/t/p/w780/b4bvkmPn3brMvGGoc70078pr9Om.jpg,2025,11,very high,,"['Comedy', 'Drama']","Comedy, Drama"
1072269,fr,Le Successeur,"Happy and accomplished, Ellias becomes the new artistic director of a famous French Haute Couture house. When he learns that his father, whom he has not seen for many years, has just died of a heart attack, Ellias goes to Quebec to settle the estate. The young creator will discover that he has inherited much worse than his father's fragile heart.",2.1775999069213867,2023-11-07,The Successor,6.465000152587891,85,https://image.tmdb.org/t/p/w342/7Tu8EBsjLGEdzXeCD9HbhhVKXHK.jpg,https://image.tmdb.org/t/p/w780/yWXFxxqNDKJsbWaNv1CSG6JLXoo.jpg,2023,11,very high,average,"['Drama', 'Thriller']","Drama, Thriller"
1237082,es,31 Minutos: Calurosa Navidad,"Titirilquén, the town of 31 Minutos, faces such an infernally hot Christmas that Santa Claus cancels his visit! Bodoque the rabbit heroically volunteers to rescue the presents from the North Pole, while his friends improvise a disastrous Christmas show. But what they don't expect is Bodoque giving in to some irresistible temptations along the way.",2.1747000217437744,2025-11-19,31 Minutes: One Hot Christmas,0.0,0,https://image.tmdb.org/t/p/w342/eYghQKl5HR7IF9sNDjTb7hWWEvL.jpg,https://image.tmdb.org/t/p/w780/3NNoi1GC26017b40g38QBQDZCe5.jpg,2025,11,very high,,"['Family', 'Comedy', 'Adventure', 'Music']","Family, Comedy, Adventure, Music"
1157322,cs,Franz,"Conceived as a kaleidoscopic mosaic, the film follows the imprint Franz Kafka left on the world from his birth in 19th-century Prague to his death in post-WW1 Vienna.",2.1554999351501465,2025-09-25,Franz,5.333000183105469,3,https://image.tmdb.org/t/p/w342/cCRBkb1U9eKz1DYa4UMGZBSkcjC.jpg,https://image.tmdb.org/t/p/w780/3IAZipdv2EESahqaGA2iEOKNFDt.jpg,2025,9,very high,average,"['Drama', 'History']","Drama, History"
1567787,ja,しびれ,"In a coastal town by the Sea of Japan, a tyrannical father has rendered his son mute. Now the boy lives with his mother, but she is barely home working in the nightlife industry. Without a place to belong, the boy decides to go to his birthplace to search for his father. This action changes the course of his life.",2.151900053024292,2025-11-22,NUMB,0.0,0,https://image.tmdb.org/t/p/w342,https://image.tmdb.org/t/p/w780/dgj1drC2yeBa8If4CrBEfpgVPpL.jpg,2025,11,very high,,['Drama'],Drama
1220566,ar,Eagles of the Republic,"Egypt's most adored actor, George Fahmy is pressured to star in a film commissioned by the highest authorities. He reluctantly accepts the role and finds himself thrown into the inner circle of power. Like a moth drawn to the flame he begins an affair with the mysterious wife of the general overseeing the film.",2.1454999446868896,2025-09-19,Eagles of the Republic,0.0,0,https://image.tmdb.org/t/p/w342/b46cbfCnTKc0JXMFhizMTw4Efxh.jpg,https://image.tmdb.org/t/p/w780/fzxCOdmWIEPGUusIhJOfUxCvXii.jpg,2025,9,very high,,"['Drama', 'Thriller']","Drama, Thriller"
1557659,bn,লক্ষ্মীকান্তপুর লোকাল,Upcoming Ram Kamal Mukherjee Film.,2.1419999599456787,2025-11-21,Lokkhikantopur Local,0.0,0,https://image.tmdb.org/t/p/w342/hmiWkhJAdysWLd0VAov7ed2KlCv.jpg,https://image.tmdb.org/t/p/w780,2025,11,very high,,['Drama'],Drama
1129573,zh,三滴血,"The story follows an estranged father, nicknamed Reindeer, who is involved in a gruelling human trafficking run on China’s northeaster border with a young pregnant woman and a boy who has been kidnapped before.",2.124300003051758,2025-11-15,Family At Large,0.0,0,https://image.tmdb.org/t/p/w342/gpOVtRZ1Rrstx6gPABGdZUSDcPs.jpg,https://image.tmdb.org/t/p/w780/4hAL9idXa8punHe7EyBaymMPlkU.jpg,2025,11,very high,,"['Drama', 'Crime']","Drama, Crime"
1213227,ta,ட்ரெயின்,,2.110100030899048,2025-11-28,Train,0.0,0,https://image.tmdb.org/t/p/w342/kdR0jx7i8AmRn3UijWLb9j7osi2.jpg,https://image.tmdb.org/t/p/w780/fUoV7p1nzoajpGFsEMRfAPD4T8.jpg,2025,11,very high,,"['Thriller', 'Drama']","Thriller, Drama"
1567508,el,The Megalomaniacs,"What happens when desire, intellect, and ego collide under the guise of art and science? Sparks fly – and not just the cerebral kind. Sophia, a fervent archaeologist intoxicated by her own theory, is convinced that ancient amphorae can trap echoes of the past – sound waves sealed in clay, waiting to be played back like forbidden music. Enter Potter, a sardonic artisan whose hands speak the language of form, but not of faith. Their collaboration begins as scholarly curiosity and evolves into a seductive duel of wit, vanity, and power.",2.103800058364868,2025-11-15,The Megalomaniacs,0.0,0,https://image.tmdb.org/t/p/w342/fPJG45lVfuZt4VI6G7AhJpvmNKv.jpg,https://image.tmdb.org/t/p/w780/mOfb1hq5hePtwupOXkS8CkNEdiG.jpg,2025,11,very high,,"['Drama', 'Comedy']","Drama, Comedy"
1388608,id,Ketindihan,"Under unbearable pressure, a young tennis star summons a djinn who begins to prey on people in their sleep, threatening the lives of her loved ones.",2.076900005340576,2025-01-09,Sleep Paralysis,4.5,4,https://image.tmdb.org/t/p/w342/lGAqDi4IeLTzLmFXOEwNPSLBU3Z.jpg,https://image.tmdb.org/t/p/w780/3nqyezODb6EiGW8dGUmFDd9Senf.jpg,2025,1,very high,poor,"['Horror', 'Thriller']","Horror, Thriller"
1567608,en,Aftershock: The Nicole P. Bell Story,"On the very morning Nicole Paultre-Bell was set to marry the love of her life, Sean Bell was killed in a senseless barrage of 50 police bullets. Plunged into sudden grief, the mother of two faced a second devastating blow when the officers involved were shockingly acquitted.",2.065999984741211,2025-11-28,Aftershock: The Nicole P. Bell Story,0.0,0,https://image.tmdb.org/t/p/w342,https://image.tmdb.org/t/p/w780,2025,11,very high,,['Drama'],Drama
1329578,ja,たべっ子どうぶつ THE MOVIE,,2.063699960708618,2025-05-01,Tabekko Doubutsu: THE MOVIE,8.800000190734863,4,https://image.tmdb.org/t/p/w342/hdrhkGu0meufVFwD4C1hX7ct0ro.jpg,https://image.tmdb.org/t/p/w780/blQoqQ5WFr8TbQ54PpvZOPrU6J1.jpg,2025,5,very high,excellent,['Animation'],Animation
1448628,ja,劇場版 うたの☆プリンスさまっ♪ TABOO NIGHT XXXX,,2.0622000694274902,2025-05-09,Uta no☆Prince-sama♪ Movie: Taboo Night Kisses,4.0,1,https://image.tmdb.org/t/p/w342/cMufuZ6eHH7xlfdE4b7awP624lp.jpg,https://image.tmdb.org/t/p/w780,2025,5,very high,poor,"['Animation', 'Music']","Animation, Music"
1079244,en,Bonhoeffer: Pastor. Spy. Assassin,"As the world teeters on the brink of annihilation, Dietrich Bonhoeffer joins a deadly plot to assassinate Hitler, risking his faith and fate to save millions of Jews from genocide.",2.0601999759674072,2024-11-20,Bonhoeffer: Pastor. Spy. Assassin,6.800000190734863,58,https://image.tmdb.org/t/p/w342/9WtImcI6k9XOcnPmSeN2Kzpf4ay.jpg,https://image.tmdb.org/t/p/w780/7e9tSzepYj8ZNbVF9P7KJ3BLlxD.jpg,2024,11,very high,average,"['History', 'Drama', 'War']","History, Drama, War"
1561134,zh,水火山,"A mortuary in Taiwan stores the bodies of deceased children whose parents, for whatever reason, have disappeared. Their remains are kept at the top of a freezer, sometimes for years, until the funeral home organizes a ceremony. Houses and horses made of paper are burned to accompany the children on their solitary journey to the afterlife.",2.0599000453948975,2025-11-15,Paper Houses and Horses,0.0,0,https://image.tmdb.org/t/p/w342/KQNPasiAo243V5pfcZePIpuPEo.jpg,https://image.tmdb.org/t/p/w780/gl7p6Lbig5hP1wHrZ3jTecN9xMc.jpg,2025,11,very high,,['Drama'],Drama
1290432,fr,Vie privée,"Psychiatrist Lilian Steiner moonlights as an amateur sleuth following the death of Paula, one of her long-time patients. Convinced that Paula’s supposed death by suicide is actually an unsolved murder, Lilian pursues her nagging suspicions.",2.056299924850464,2025-09-27,A Private Life,6.0,1,https://image.tmdb.org/t/p/w342/7ylXdRScvHQD3qPXHF9ekvom34y.jpg,https://image.tmdb.org/t/p/w780/4218cv3nH0RrrfMdwaTnenguqOQ.jpg,2025,9,very high,average,"['Drama', 'Crime', 'Mystery']","Drama, Crime, Mystery"
1564124,zh,美好生活,"Young Taiwanese worker Lin spends his days crafting intricate paper houses for funeral offerings. When his boss arranges a blind date for him, he begins to envision his future through the burning paper houses. What does an ideal life look like?",2.053299903869629,2025-11-18,Paper Life,0.0,0,https://image.tmdb.org/t/p/w342/4EfO7T7LjTCWw1c9h8xwAHLcoSt.jpg,https://image.tmdb.org/t/p/w780/y8DRt0J0U1VJieJ09z1Z77GpgJg.jpg,2025,11,very high,,['Documentary'],Documentary
1538906,ja,仮面ライダーガヴギルティ・パルフェ,"After the events of the series, Shoma continues his research for ""Light Treats"" to replace Dark Treats, Hanto continues his research as a freelance writer as keep daily records of the battle of the Kamen Riders, and Rakia remains alone in the Granute World. However, a new incident occurs in the once peaceful human world, forcing Shoma to rush back to the battlefield. What serious abnormality has occured to Hanto's body? What is the current state of the president's daughter, Lizel Jaldak, who is stuck in the human world? The final battle of the candy Kamen Riders begin!",2.04830002784729,2025-11-28,Kamen Rider Gavv: Guilty Parfait,0.0,0,https://image.tmdb.org/t/p/w342/xALW2RPKoC8W2CXPF8oxGXpz8jK.jpg,https://image.tmdb.org/t/p/w780/6SyBYUHCxIk2tOA9zcC9It2Quo3.jpg,2025,11,very high,,"['Action', 'Fantasy', 'Adventure']","Action, Fantasy, Adventure"
923387,nl,Het smelt,"Many years after a sweltering summer that spun out of control, Eva returns to the village she grew up in with an ice block in the back of her car. In the dead of winter, she confronts her past and faces up to her tormentors.",2.0469000339508057,2023-10-25,When It Melts,6.599999904632568,25,https://image.tmdb.org/t/p/w342/qRIumYQP6kni5HLcCio175uPmTd.jpg,https://image.tmdb.org/t/p/w780/mbyjLkbVcHdTdc3gEUeHEWn8kmw.jpg,2023,10,very high,average,['Drama'],Drama
1369243,pt,(Des)controle,,2.02810001373291,2025-11-13,(Des)controle,0.0,0,https://image.tmdb.org/t/p/w342/8OicQRbw0Km6akzwZ5NACZbgPxk.jpg,https://image.tmdb.org/t/p/w780,2025,11,very high,,['Drama'],Drama
1564061,zh,皮囊,"A woman's long-lost son, kidnapped by a demon years ago, returns and the subsequent strange events reveal a shocking, long-held conspiracy.",2.0139999389648438,2025-11-28,Skin,0.0,0,https://image.tmdb.org/t/p/w342/jWcEjEeX93sNohXSRr9uAuaWmA8.jpg,https://image.tmdb.org/t/p/w780,2025,11,very high,,"['Thriller', 'Fantasy']","Thriller, Fantasy"
1337267,id,Air Mata di Ujung Sajadah 2,"Baskara celebrated his ninth birthday with Aqilla, but on the other hand, he was also celebrating it with Yumna and his adoptive family in Solo. So, in the next story, will Baskara return to his biological mother, Aqilla? Or will he continue to grow up with his adoptive family in Solo?",2.0097999572753906,2025-10-23,Air Mata di Ujung Sajadah 2,5.0,1,https://image.tmdb.org/t/p/w342/v9y2THJ7zP475phyQ9RmhjldsK4.jpg,https://image.tmdb.org/t/p/w780/uAOY8gbyxPnvqFiNI8K2Q85wDAh.jpg,2025,10,very high,poor,['Drama'],Drama
1303095,en,Truth or Dare,Puck and Jasko explore their bodies for the first time. Sexworker Jorge feels shy towards porn performer Bishop. Kate & Adrienne end their poly-relationship & dive into a bittersweet sexual en-counter. The film offers an intimate perspective in the discourse about gender diversity and sex-positivity.,2.004300117492676,2025-11-06,Truth or Dare,0.0,0,https://image.tmdb.org/t/p/w342/8qBofI35vjilJ5UezluXyvwPNrS.jpg,https://image.tmdb.org/t/p/w780/jMSTrmBRgkRk3unQYkVQf5yX1cn.jpg,2025,11,very high,,['Documentary'],Documentary
1394496,pt,O Velho Fusca,,1.9925999641418457,2025-08-14,O Velho Fusca,0.0,0,https://image.tmdb.org/t/p/w342,https://image.tmdb.org/t/p/w780,2025,8,very high,,"['Comedy', 'Drama']","Comedy, Drama"
1576198,en,Madulas,"At the luxurious Wet & Wild Resort, a group of glamorous women become infatuated with a charming new pool boy whose irresistible allure draws them in. But as passion turns to obsession, they soon uncover a dark secret that reveals he’s not as innocent as he seems.",1.9919999837875366,2025-11-14,Madulas,0.0,0,https://image.tmdb.org/t/p/w342/x8HY4w0QycADecaEPdMca0aWROU.jpg,https://image.tmdb.org/t/p/w780/udC3bXSd5bxp3etb6i0DTV4vEPO.jpg,2025,11,very high,,['Drama'],Drama
1480424,de,Karla,"Twelve-year-old Karla testifies in court. She makes serious accusations against her own father, who should have guaranteed her safety. Judge Lamy supports her in this difficult trial and becomes her most important confidant.",1.986899971961975,2025-10-02,Karla,8.375,3,https://image.tmdb.org/t/p/w342/mgwGAFh2DjjRJsdH1u3jZqZuK90.jpg,https://image.tmdb.org/t/p/w780/ztwFWXeYnDQ9JQ57aRBnOoC6Sh.jpg,2025,10,very high,good,['Drama'],Drama
1244806,ko,신의악단,"North Korea, facing international sanctions, seeks assistance from a Hungarian NGO to build churches in Pyongyang as a way to bypass the sanctions.",1.9859000444412231,2025-12-03,Choir of God,0.0,0,https://image.tmdb.org/t/p/w342/sHMUMRSYjqFCIt1O9sJPwgih0Yz.jpg,https://image.tmdb.org/t/p/w780/yXVccmoKDtWuihoNMTDEJ8gGY2r.jpg,2025,12,very high,,"['Drama', 'Music']","Drama, Music"
1246729,en,Run,"The film follows a boat carrying migrants from various African countries through the Mediterranean sea to Italy. When the boat loses orientation and goes off course, things turn violent as the migrants blame the smugglers. After finally making it to shore, the desperate passengers try to evade police and a few manage to get away.",1.978600025177002,2025-11-14,Run,0.0,0,https://image.tmdb.org/t/p/w342,https://image.tmdb.org/t/p/w780,2025,11,very high,,['Thriller'],Thriller
931404,zh,熊出没·重返地球,"When an unknown object from space lands on Earth, Bramble gains new abilities and an extraterrestrial sidekick.",1.9766000509262085,2022-02-01,Boonie Bears: Back to Earth,6.599999904632568,16,https://image.tmdb.org/t/p/w342/9tOF6yTtzFP2p7q4GB1lSEMrfIq.jpg,https://image.tmdb.org/t/p/w780/rzdKg189HXwWDlJugQuGND9Gg3o.jpg,2022,2,very high,average,"['Animation', 'Family', 'Science Fiction', 'Adventure', 'Comedy']","Animation, Family, Science Fiction, Adventure, Comedy"
1567510,en,Sons of Detroit,"Jeremy Xido revisits Detroit to reconnect with a ""cousin"" from his past, examining themes of race and chosen family bonds.",1.9692000150680542,2025-11-13,Sons of Detroit,0.0,0,https://image.tmdb.org/t/p/w342,https://image.tmdb.org/t/p/w780,2025,11,very high,,['Documentary'],Documentary
1108336,fr,Diamant brut,"Liane, 19 years old, daring and fiery, lives with her mother and little sister under the dusty sun of Fréjus in the South of France. Obsessed with beauty and the need to become “someone”, she sees reality TV as her opportunity to be loved... Fate smiles upon her when she auditions for “Miracle Island”.",1.9635000228881836,2024-10-09,Wild Diamond,6.394000053405762,80,https://image.tmdb.org/t/p/w342/eEF2q2e3vntpKsHa4hQfaF0CVR8.jpg,https://image.tmdb.org/t/p/w780/rCwzI7prQhPMRxOY2r5x7Zb34Yq.jpg,2024,10,very high,average,['Drama'],Drama
38004,it,Dopo mezzanotte,"A beautiful fugitive draws a shy film buff out of his shell while she hides in the museum — the cavernous interiors of the Mole Antonelliana in Turin, Italy — where he works as night watchman.",1.9434000253677368,2004-04-23,After Midnight,6.400000095367432,51,https://image.tmdb.org/t/p/w342/9i2kGn1n2tQJurXDfEbB1DRU6Yw.jpg,https://image.tmdb.org/t/p/w780/bh2STDcRZSsPmf49CcuTkMpybYH.jpg,2004,4,very high,average,"['Comedy', 'Romance']","Comedy, Romance"
1448028,ru,Маша и Медведи,"Masha has to save her brother, who fell under the spell of the forest's evil spirits and turned into a goat. To break the terrible curse, the girl has to join forces with the fairy tale heroes she has known since childhood—the three bears.",1.9404000043869019,2025-11-20,Masha and the Bears,0.0,0,https://image.tmdb.org/t/p/w342/5Bz4MibUNuOcC8f2B0AWUgM1L2I.jpg,https://image.tmdb.org/t/p/w780,2025,11,very high,,"['Adventure', 'Fantasy']","Adventure, Fantasy"
1237398,fr,La fonte des glaces,"Louise Denoncourt, a parole officer, skillfully operates an experimental rehabilitation wing for criminals who have committed homicides. When she finds herself in front of Marc St-Germain, a new inmate whom her father suspects of being her mother's murderer, she embarks on a mission that quickly overwhelms her. She then puts everything at stake, even her life, in order to prevent any desire to reoffend. But will she be overtaken by the desire to avenge her family history?",1.9400999546051025,2024-03-22,The Thawing of Ice,0.0,0,https://image.tmdb.org/t/p/w342/ld8yUOTFO3WbXu0LxGqRt8SHaWv.jpg,https://image.tmdb.org/t/p/w780/gahggx4sirA8hyuBSNCHSjbvcRC.jpg,2024,3,very high,,['Drama'],Drama
1261333,xx,Samsara,"Darta, a man from an impoverished family, is rejected by the wealthy parents of the woman he loves. Desperate, he strikes a bargain with the Monkey King, performing a dark ritual to gain wealth. However, in doing so, he accidentally curses his wife and child to a life of suffering. Rooted in Indonesian mysticism, this universal narrative explores the insatiable hunger to become something one is not and the boundaries one is willing to cross to achieve it.",1.9398000240325928,2024-12-05,Samsara,9.0,2,https://image.tmdb.org/t/p/w342/d14SB0YZjjPPbmhwPNwkAW1vHQQ.jpg,https://image.tmdb.org/t/p/w780/5Jrvcu5D29SBQbnhiaHWC0rqJxJ.jpg,2024,12,very high,excellent,"['Drama', 'Music']","Drama, Music"
1396088,en,Meadowlarks,"The film tells the story of four Cree siblings, Connie, Marianne, Gwen, and Anthony, separated as babies through Canada’s notorious Sixties Scoop, which saw indigenous children taken from their homes to be adopted by white families. Excited and curious, but also scared and afraid of rejection, they agree to meet for the first time over a holiday weekend in the mountains of Banff.",1.9361000061035156,2025-09-07,Meadowlarks,0.0,0,https://image.tmdb.org/t/p/w342/1UeRG1aRbx9N8lOMHVdg9EYKChB.jpg,https://image.tmdb.org/t/p/w780/jmANrjxSA54qfB2qf1BFyncRARb.jpg,2025,9,very high,,['Drama'],Drama
1421634,id,Sukma,"Arini and her family went to a small town to start a new life, but it turns into a disaster after they find an ancient mirror in a secret warehouse.",1.9306999444961548,2025-09-11,Sukma,6.5,2,https://image.tmdb.org/t/p/w342/qL2mNWO116SSL9x40szobFsXlsS.jpg,https://image.tmdb.org/t/p/w780/jXD4NE91Gaju5CRPMILOnWbFE33.jpg,2025,9,very high,average,"['Horror', 'Thriller']","Horror, Thriller"
1560229,en,Happy And You Know It,Explores musical performers for children.,1.920300006866455,2025-11-15,Happy And You Know It,0.0,0,https://image.tmdb.org/t/p/w342,https://image.tmdb.org/t/p/w780,2025,11,very high,,['Documentary'],Documentary
1483631,cs,Bubák,"The story begins at the moment when the parents of twelve-year-old Nikca and six-year-old Tomas leave for the weekend, and the children have their apartment to themselves for the very first time. And without supervision! Nikca decides to put her little brother away in his room and invite her friend Gabča over, planning to order pizza, watch a horror movie on video, and just have fun. But watching a forbidden scary film is not meant for them.",1.9193999767303467,2025-11-13,The Bugaboo,0.0,0,https://image.tmdb.org/t/p/w342/6vAMM3ercUUHPaYBboHBgQ40SCy.jpg,https://image.tmdb.org/t/p/w780/yN48L65aiHCg2IDhPcDYRSRDWMl.jpg,2025,11,very high,,['Family'],Family
1560229,en,Happy And You Know It,Explores musical performers for children.,1.920300006866455,2025-11-15,Happy And You Know It,0.0,0,https://image.tmdb.org/t/p/w342,https://image.tmdb.org/t/p/w780,2025,11,very high,,['Documentary'],Documentary
1483631,cs,Bubák,"The story begins at the moment when the parents of twelve-year-old Nikca and six-year-old Tomas leave for the weekend, and the children have their apartment to themselves for the very first time. And without supervision! Nikca decides to put her little brother away in his room and invite her friend Gabča over, planning to order pizza, watch a horror movie on video, and just have fun. But watching a forbidden scary film is not meant for them.",1.9193999767303467,2025-11-13,The Bugaboo,0.0,0,https://image.tmdb.org/t/p/w342/6vAMM3ercUUHPaYBboHBgQ40SCy.jpg,https://image.tmdb.org/t/p/w780/yN48L65aiHCg2IDhPcDYRSRDWMl.jpg,2025,11,very high,,['Family'],Family
1242015,fr,Jeunes mères,"Housed in a shelter for young mothers, Jessica, Perla, Julia, Ariane, and Naïma, all of whom have grown up in difficult circumstances, struggle to obtain a better life for themselves and their children.",1.9169000387191772,2025-05-23,Young Mothers,6.800000190734863,18,https://image.tmdb.org/t/p/w342/okfaa71H1P0WC1uzYliOgYS2gte.jpg,https://image.tmdb.org/t/p/w780/7UsW6pKkCdCmceBmdQ0MvV6zKhL.jpg,2025,5,very high,average,['Drama'],Drama
1235304,fr,La Venue de l'avenir,"United by the unexpected inheritance of a house in Normandy, four estranged cousins discover their family history by retracing their ancestor's steps.",1.9127999544143677,2025-05-22,Colours of Time,7.554999828338623,145,https://image.tmdb.org/t/p/w342/hPj1RiuhW72lIfa8UrIncDGSSD0.jpg,https://image.tmdb.org/t/p/w780/lUUQXoOyR6BQD9HatKz63wec2QT.jpg,2025,5,very high,good,"['Drama', 'Comedy']","Drama, Comedy"
1042910,pt,As Estações,"A journey through the real history and the tales of a region in southern Portugal and a portrait of the people who have lived there, weaving together accounts of rural workers and field notes of archaeologists, amateur footage and scientific drawings, legends, poems, and songs.",1.910599946975708,2025-12-03,The Seasons,0.0,0,https://image.tmdb.org/t/p/w342/zgrxIJAidXRbscUhG9pmHQLtkyq.jpg,https://image.tmdb.org/t/p/w780/atpdTJCPSt4K7jZ6wNzRlH2HeB4.jpg,2025,12,very high,,['Documentary'],Documentary
962851,hi,Kaal Trighori,Three nights waited a hundred years… to give birth to the Trighori and Three lives are ensnared in this Vicious cycle. When Reality begins to blur one question remains: is this a perfectly crafted trap… or is something far more sinister at play?,1.9101999998092651,2025-11-14,Kaal Trighori,0.0,0,https://image.tmdb.org/t/p/w342/bFwWxy1e6FGIoEAh3z4Y7KKwMmT.jpg,https://image.tmdb.org/t/p/w780,2025,11,very high,,"['Thriller', 'Horror']","Thriller, Horror"
1491908,lt,Smėlis tavo plaukuose,"Malvina, a once celebrated ballerina now in her mid-eighties, now languishes in a monotonous routine. After she unexpectedly meets Kipras, a talented painter of her age, he becomes the catalyst for change. Together, they defy society's expectations about seniors, transcending age and challenging taboos. As they escape from relatives and institutions, they discover that freedom isn't merely physical; it's about breaking free from invisible chains. Their journey unfolds as a pas de deux – a dance of resilience, rebellion and redemption.",1.9076999425888062,2025-11-12,Sand in Your Hair,0.0,0,https://image.tmdb.org/t/p/w342/wiVfcaO3B9AgTKPRE9e7QnqzZto.jpg,https://image.tmdb.org/t/p/w780/m2BwPDO8Y2Y65tT3eL8RydTkeKW.jpg,2025,11,very high,,['Drama'],Drama
1174334,zh,大濛,"Yue's brother was executed by the government. Determined to bring his body back home, Yue goes to Taipei alone and is nearly sold by human traffickers. Luckily, she is saved by Chao Kung-tao, a discharged soldier. Seeing no prospects in his own life, he decides to help Yue. Two people with no relations become friends in need, embarking on a journey that could cost them their lives.",1.904099941253662,2025-11-27,A Foggy Tale,0.0,0,https://image.tmdb.org/t/p/w342/hwSNRrNOhXmF8g3O6RgmGoujGk2.jpg,https://image.tmdb.org/t/p/w780/gKMJ2u5jzLQIDD9uhHk7tgtOrmP.jpg,2025,11,very high,,"['Adventure', 'Family', 'History']","Adventure, Family, History"
1096846,fa,Reading Lolita in Tehran,"As Islamic morality squads stage arbitrary raids in Tehran and as fundamentalists seize hold of the universities, Azar Nafisi, an inspired teacher, secretly gathers six of her most committed female students to read forbidden western classics. Unaccustomed to being asked to speak their minds, they soon removed their veils, their stories intertwining with the novels they read: just like the heroines of Nabokov, F. Scott Fitzgerald, Henry James or Jane Austen, the women in Nafisi’s living room dare to dream, hope and love as we experience the complexity of the lives of individuals facing political, moral and personal siege.",1.9036999940872192,2024-11-21,Reading Lolita in Tehran,7.199999809265137,45,https://image.tmdb.org/t/p/w342/r4f3uSsiTpFFMH0PUiT0gNShqUh.jpg,https://image.tmdb.org/t/p/w780/7VaR9bGnX9PSgtiAPl6D5TchWeW.jpg,2024,11,very high,good,['Drama'],Drama
1525598,de,Love Roulette,"Charlie and Tom have been a couple for fifteen years. Now in their thirties, they want to take the next step and get married - and get cold feet: What if they later regret never having lived it up? A story about the challenges of love in a world where one click is enough to reshuffle the cards.",1.9013999700546265,2025-11-13,Love Roulette,0.0,0,https://image.tmdb.org/t/p/w342/7HoFa5T0kKnnn5FZwyMCabodJVf.jpg,https://image.tmdb.org/t/p/w780,2025,11,very high,,['Romance'],Romance
1517130,mk,Приказната за Силјан,"Inspired by the folktale of the boy Siljan, who, after a quarrel with his father, turns into a stork and leaves home, the film is a story about the relationship between a farmer and a white stork.",1.9005999565124512,2025-09-22,The Tale of Silyan,0.0,0,https://image.tmdb.org/t/p/w342/pr4kRAXsQE97CpHv3s5L0cW9w38.jpg,https://image.tmdb.org/t/p/w780/3VZ3cAvYRzou2nOxH3UOQM6pLES.jpg,2025,9,very high,,['Documentary'],Documentary
1379223,ko,달팽이 농구단,"Wheelchair basketball is often associated with disability sports. However, wheelchair basketball is a sport for both people with and without disabilities. Inspired by the dedication to wheelchair basketball of national team coach Lee Won-woo, known as the ‘fox of the court’ in the 1990s, and his protégé, coach Han Sa-hyun, this human-action sports story follows a middle-aged basketball star past his prime, an arrogant basketball genius, and men with rounded steel legs due to accidents. Together, they unite through wheelchair basketball to pursue their dreams.",1.8889000415802002,2025-11-12,Go Snails,0.0,0,https://image.tmdb.org/t/p/w342/nTAl5KsTGCX0FIvL726F9B8CwlN.jpg,https://image.tmdb.org/t/p/w780/4MR1h9NH06gmVobQ5wuHjrvDbsl.jpg,2025,11,very high,,['Drama'],Drama
1127625,en,The Salt Path,A couple lose their home and later discover the husband has been diagnosed with a terminal illness as they embark on a year long coastal trek.,1.8833999633789062,2025-05-01,The Salt Path,6.599999904632568,46,https://image.tmdb.org/t/p/w342/yBtmFkjzPzd6KvNgoJwwsm1nyXL.jpg,https://image.tmdb.org/t/p/w780/oY30dFV3r2tMYsBB79bsGPXq8GY.jpg,2025,5,very high,average,['Drama'],Drama
1559760,en,Thoughts & Prayers,"In a dystopic America, children are taught how to prepare for school shootings through elaborate drills. Yet what are intended as self-defense mechanisms are themselves deeply traumatic for students, parents, educators, and entire communities.",1.879699945449829,2025-11-12,Thoughts & Prayers,0.0,0,https://image.tmdb.org/t/p/w342/9jHj76EZHoR4gceyIkL0EaBKYFW.jpg,https://image.tmdb.org/t/p/w780/d3HiAPXEzs7l8oUWrqPC8FszxWt.jpg,2025,11,very high,,['Documentary'],Documentary
1535221,en,A Grand Ole Opry Christmas,"Gentry Woods, who gave up music after her father's death decades ago, must confront her past when Nashville's Grand Ole Opry invites her to honor her late country star dad at their Christmas celebration.",1.8645000457763672,2025-11-29,A Grand Ole Opry Christmas,0.0,0,https://image.tmdb.org/t/p/w342/zo0ahbyFTXq23EeVedvF6oerGU4.jpg,https://image.tmdb.org/t/p/w780,2025,11,very high,,"['Drama', 'Romance']","Drama, Romance"
1427833,no,Hvis ingen går i fella,"A small mouse family plans a quiet Christmas outside the city, but their celebration is disrupted when humans unexpectedly appear. As the mice try to hide their preparations, the humans react to the noises behind the walls with determination.",1.864300012588501,2025-11-06,A Mouse Hunt for Christmas,0.0,0,https://image.tmdb.org/t/p/w342/6YyG8iqdc7FZfdZcpy0cDsKJiNw.jpg,https://image.tmdb.org/t/p/w780/89jQ1wpkewGznbHj0xUXNX5dt3o.jpg,2025,11,very high,,"['Comedy', 'Family', 'Animation']","Comedy, Family, Animation"
90342,it,Joe... cercati un posto per morire!,An outcast Confederate soldier protects a woman from bandits trying to steal her gold mine.,1.857100009918213,1968-09-21,Find a Place to Die,4.422999858856201,13,https://image.tmdb.org/t/p/w342/vq2KPnoTLqXqikXnSEa3N2h0n1L.jpg,https://image.tmdb.org/t/p/w780/1rtlJByQpAARRkXjs6HdMcsflN5.jpg,1968,9,very high,poor,['Western'],Western
1367125,eu,Gaua,"Spain, Basque Country, 17th century. At night and through the mountains, Kattalin escapes from her farmhouse and, while wandering through the deep forest, she senses a presence that stalks her.",1.8344000577926636,2025-11-14,Gaua (The Night),0.0,0,https://image.tmdb.org/t/p/w342/hWSY7OdBBJplNMWNPT1NIGYTRH2.jpg,https://image.tmdb.org/t/p/w780/348c4GOIeT0RQTT1fCM6PVAk8hS.jpg,2025,11,very high,,"['Drama', 'Horror', 'Fantasy']","Drama, Horror, Fantasy"
1213191,en,Trifole,"In this bittersweet portrait of a vanishing rural way of life, Dalia travels to Piedmont to care for her aging grandfather Igor, an expert forager. Armed with his field notes and loyal dog Birba, she searches for a prizewinning truffle to save his home.",1.8327000141143799,2024-10-10,Trifole,6.900000095367432,6,https://image.tmdb.org/t/p/w342/ydbwLJZnuwPMfhiupdZzWNPNAnk.jpg,https://image.tmdb.org/t/p/w780/yJJiJ9KAJFI9Q6xaf50PsaSeS8c.jpg,2024,10,very high,average,"['Adventure', 'Family', 'Drama']","Adventure, Family, Drama"
1033842,ur,نیلوفار,A love story between a writer and a blind woman.,1.8212000131607056,2025-11-28,Neelofar,0.0,0,https://image.tmdb.org/t/p/w342/kGvR8gfJcwqmz8oM0AVvKkjZCVR.jpg,https://image.tmdb.org/t/p/w780,2025,11,very high,,"['Drama', 'Romance']","Drama, Romance"
1205916,th,ตาโขน,"The mysterious story from the case of missing persons who disappear without any trace. The local people believe that it could be related to folk traditions, called ""Phi Ta Khon"" or the ghost who follows people.",1.7848999500274658,2025-11-20,The Cursed Mask,0.0,0,https://image.tmdb.org/t/p/w342/1vXsCKl8FrFUzX6Ku3knUQrhVCT.jpg,https://image.tmdb.org/t/p/w780/5KUaoVZTHlHzMkRAnYXqED05Dl8.jpg,2025,11,very high,,"['Horror', 'Thriller']","Horror, Thriller"
1510003,en,Invisibles,"Elizabeth, a burlesque performer and sex worker in Montreal, is passionate about her jobs. But after years of keeping her life as an escort a secret, Elizabeth wonders if she can continue living like this. As she prepares to move on, she accepts one last client, a man with a disability. Their unexpected encounter overturns her certainties and leads her on an intimate and transformative journey.",1.783400058746338,2025-11-13,Invisibles,0.0,0,https://image.tmdb.org/t/p/w342/mTDkCmdOOirI5xVjIq64Mwi96kI.jpg,https://image.tmdb.org/t/p/w780/tLLXeHJqxdRwi5pxaRojOj9Wl9t.jpg,2025,11,very high,,['Drama'],Drama
1560615,en,Jump Scare,The female metal band ‘JUMP SCARE’ retreat to a remote cabin to write their next album only to be terrorized by the family of cannibals next door.,1.7833000421524048,2025-10-28,Jump Scare,0.0,0,https://image.tmdb.org/t/p/w342/jKQXqalNkei7puN7oFNtoqFG3zG.jpg,https://image.tmdb.org/t/p/w780/eA6IHD6FH60xP2gZAShRCx8uUdK.jpg,2025,10,very high,,"['Horror', 'Comedy']","Horror, Comedy"
1522377,tr,İki Dünya Bir Dilek,"Bilge and Can met in a hospital on New Year's Eve 1998 due to health issues. A magical moment shared as children forged a magical bond between them. Years passed, and life led them in different directions. Bilge became a successful lawyer, while Can made a significant discovery as an archaeologist. However, fate once again intertwined, and years later, their paths crossed once more. This time, the strength of that magical bond, which blossomed in their childhood, would be put to the test.",1.7832000255584717,2025-11-27,İki Dünya Bir Dilek,0.0,0,https://image.tmdb.org/t/p/w342,https://image.tmdb.org/t/p/w780,2025,11,very high,,[],
1448256,id,Panggil Aku Ayah,"Little Intan was used as collateral for a debt by her mother, who was forced to become a migrant worker and leave her behind. But from that moment, her life took a turn. Dedi, the debt collector — a stranger who initially just came to collect — ended up becoming an important figure in Intan’s life. Together with Tatang, they grew into an unusual kind of “family.”",1.781499981880188,2025-08-07,Panggil Aku Ayah,8.100000381469727,4,https://image.tmdb.org/t/p/w342/hI5L6a2RjMmQ4bg9bWxKm1V5UaY.jpg,https://image.tmdb.org/t/p/w780/jlI3FmYcrkLfLFg046InnQquSGy.jpg,2025,8,very high,good,"['Drama', 'Comedy', 'Family']","Drama, Comedy, Family"
1546071,ja,むっちり未亡人　暴かれた秘め事,"Three years have passed since Akane lost her husband, but she still hasn't been able to forget him and lives a lonely life. Her father-in-law and mother-in-law encourage her to remarry, a college junior confesses his love to her, and even her husband's lover shows up...",1.780900001525879,2025-09-05,Mutchiri mibōjin abaka reta himegoto,0.0,0,https://image.tmdb.org/t/p/w342/xRMccxpO6SH7phzYTDbVqY2fAy9.jpg,https://image.tmdb.org/t/p/w780/7OLv43YfOZqmtkUx2nainnS3OiO.jpg,2025,9,very high,,[],
1565586,zh,遇见不同的遇见,"A ""lying flat"" youth exposes a loan shark, falls in love with a ""super striver,"" and their turbulent romance overcomes various scams and financial disasters.",1.7755000591278076,2025-11-27,Love is on the Way,0.0,0,https://image.tmdb.org/t/p/w342/ouAaqGz1aAzPXbnt7zciIVMB20E.jpg,https://image.tmdb.org/t/p/w780/jjEUYqfMBw7v4aFpwRQCRfN9QA.jpg,2025,11,very high,,"['Comedy', 'Mystery', 'Romance']","Comedy, Mystery, Romance"
1245532,cn,像我這樣的愛情,A woman with cerebral palsy experiences emotional and physical emancipation when she visits an organization that provides sexual services for the disabled.,1.774999976158142,2025-11-27,Someone Like Me,0.0,0,https://image.tmdb.org/t/p/w342/gh8w351Z6owD38euLj2BzpddyWJ.jpg,https://image.tmdb.org/t/p/w780,2025,11,very high,,"['Romance', 'Drama']","Romance, Drama"
1386813,es,La quinta,"Rudi and Silvia, with their children Martín, Federico and Silvina, escape from the city to spend a few days in their country house. Rudi gets into arguments with the neighborhood landlord. Children wander around the area. Martín likes fire. Fede is scared. One day, the abandoned house in the background suffers an unexpected fire and a dead person appears: a homeless man suffocated by the smoke. The children did something. Something horrible. Now, we will have to see a way to return to the desired calm.",1.7558000087738037,2025-06-05,The Cottage,10.0,1,https://image.tmdb.org/t/p/w342/swm56zrwqIg2XJwzmmQYAbS6S8b.jpg,https://image.tmdb.org/t/p/w780/pwuk3LcVWqAr9TU45xttsj7ygQK.jpg,2025,6,very high,excellent,['Drama'],Drama
1245119,en,The Yellow Tie,"The extraordinary life of Sergiu Celibidache, from his childhood in Romania to his exile in pursuit of a career in music, his struggle for survival in wartime Germany and his rise, fall and rise again, in an unimaginable life journey.",1.7548999786376953,2025-11-14,The Yellow Tie,0.0,0,https://image.tmdb.org/t/p/w342/vOJHXAy2k7yhC0COaptHZT7NupO.jpg,https://image.tmdb.org/t/p/w780/ogrYtKgvQsA2iV8XGgcQBRtoquV.jpg,2025,11,very high,,"['Music', 'Drama', 'Adventure']","Music, Drama, Adventure"
1351923,hi,120  बहादुर,"The film is based on the Battle of Rezang La, in which soldiers of the 13th battalion of the Kumaon Regiment put up a valiant fight against the 5,000-strong Chinese military troops in the 1962 Indo-China war, preventing a possible",1.7515000104904175,2025-11-21,120 Bahadur,0.0,0,https://image.tmdb.org/t/p/w342/zbPXlTkuI3OdT3NwAETqsoP7wkS.jpg,https://image.tmdb.org/t/p/w780/vdZY6co1YN1TkcHGOE9oUsDe5PV.jpg,2025,11,very high,,"['Action', 'War', 'Thriller']","Action, War, Thriller"
1545317,ja,ブルーボーイ事件,"1960s Japan—economic boom, Olympic pride, and a crackdown on “public morals.” An anti-prostitution law targets women but spares male sex workers, the so-called “blue boys.” When police arrest the doctor performing their sex reassignment surgeries, the sensational “Blue Boy Trial” begins. Three transgender women take the stand, igniting a national debate on identity, medicine, and happiness—long before the language of LGBT existed. Though the court ruled surgery legal, the verdict cast a shadow: no such operations would occur in Japan for 29 years. Half a century later, this buried history still reverberates in the lives of sexual minorities.",1.749500036239624,2025-11-14,Blue Boy Trial,0.0,0,https://image.tmdb.org/t/p/w342/r4YIwFp5MI2Rfb140LK1QwjpOac.jpg,https://image.tmdb.org/t/p/w780/iZ2BfrTmTJPLRar2yxmOfWockIK.jpg,2025,11,very high,,[],
1228681,no,Sex,"Two men in heterosexual marriages whose unexpected experiences challenge their perceptions of sexuality, gender and identity.",1.7350000143051147,2024-03-01,Sex,6.521999835968018,45,https://image.tmdb.org/t/p/w342/hJATFCmmMIdYUZiLyxAFdkNOAwj.jpg,https://image.tmdb.org/t/p/w780/mRP3qmD2JffBQqYRKOkbTZEI8VY.jpg,2024,3,very high,average,['Drama'],Drama
1278983,en,Under the Stars,"A struggling romance novelist stuck in a passionless relationship goes to Italy seeking inspiration, and unexpectedly finds the girl of his dreams.",1.7324999570846558,2025-11-09,Under the Stars,6.0,1,https://image.tmdb.org/t/p/w342/pIms6OJnKjfCRIWpW97oCgj5KEp.jpg,https://image.tmdb.org/t/p/w780/3NoOZppaNBXr9UUDZdzO3bQRPee.jpg,2025,11,very high,average,"['Romance', 'Comedy']","Romance, Comedy"
1431089,ja,劇場版総集編 ガールズバンドクライ 【後編】 なぁ、未来。,Second-part theatrical compilation of Girls Band Cry.,1.7294000387191772,2025-11-14,"Girls Band Cry The Movie Part 2: Nā, Mirai.",0.0,0,https://image.tmdb.org/t/p/w342/fNbYAOboVhKju2RZOOGDmEfhfRx.jpg,https://image.tmdb.org/t/p/w780,2025,11,very high,,"['Animation', 'Drama', 'Comedy', 'Music']","Animation, Drama, Comedy, Music"
1561921,zh,李子洲,"Li Zizhou, a young revolutionary builds a secret network in northern Shaanxi to spread communist ideals and train future leaders. Despite facing betrayal, arrest, and ultimate sacrifice, his efforts ignite a revolutionary fire that inspires the next generation to continue the fight for justice and freedom.",1.7243000268936157,2025-11-22,Igniter,0.0,0,https://image.tmdb.org/t/p/w342/l5kJuSIlCk9sfR6RyItCi2NJHCo.jpg,https://image.tmdb.org/t/p/w780/w4WgXGuOSFv4kz3IdaKcESbPjID.jpg,2025,11,very high,,['Drama'],Drama
1221724,fr,Les Rêveurs,,1.7216999530792236,2025-11-12,Les Rêveurs,0.0,0,https://image.tmdb.org/t/p/w342/v9xNYxNxh3Dj3nWLTp40sUz6vKQ.jpg,https://image.tmdb.org/t/p/w780/oT0hoo5V933lWktpE9VdRS0Jxei.jpg,2025,11,very high,,"['Drama', 'Comedy']","Drama, Comedy"
1233186,ja,BanG Dream! It's MyGO!!!!! 後編：うたう、僕らになれるうた & FILM LIVE,Theatrical compilation of BanG Dream! It's MyGO!!!!!,1.7192000150680542,2024-11-08,BanG Dream! It's MyGO!!!!! Movie 2,0.0,0,https://image.tmdb.org/t/p/w342/rU1RszAWTtmrR8m8Q7Z8VmUV5zC.jpg,https://image.tmdb.org/t/p/w780/dtqffEWIFFaZKZSkfc7XjjSzC1J.jpg,2024,11,very high,,"['Music', 'Animation']","Music, Animation"
1458322,en,Two Sleepy People,"Two office colleagues become spouses each night, only to return as strangers when morning comes.",1.7164000272750854,2025-11-14,Two Sleepy People,0.0,0,https://image.tmdb.org/t/p/w342/5EjVkMVZroBXTgDFdkW27NS6CD9.jpg,https://image.tmdb.org/t/p/w780/rjq6oS2g5wmWyJN4OSh1ZkDuVYJ.jpg,2025,11,very high,,"['Romance', 'Comedy', 'Drama']","Romance, Comedy, Drama"
1513775,ur,Jujji,"Two officers—one idealistic, one cynical —pursue a brutal serial killer. As they close in on the elusive Jujji, their inner conflicts rise to the surface, exposing inner demons and challenging their notions of justice and morality.",1.711400032043457,2025-11-21,Jujji,0.0,0,https://image.tmdb.org/t/p/w342/bXGD77TMjGboLPDABu8alAYcnxg.jpg,https://image.tmdb.org/t/p/w780,2025,11,very high,,['Thriller'],Thriller
1458322,en,Two Sleepy People,"Two office colleagues become spouses each night, only to return as strangers when morning comes.",1.7164000272750854,2025-11-14,Two Sleepy People,0.0,0,https://image.tmdb.org/t/p/w342/5EjVkMVZroBXTgDFdkW27NS6CD9.jpg,https://image.tmdb.org/t/p/w780/rjq6oS2g5wmWyJN4OSh1ZkDuVYJ.jpg,2025,11,very high,,"['Romance', 'Comedy', 'Drama']","Romance, Comedy, Drama"
1513775,ur,Jujji,"Two officers—one idealistic, one cynical —pursue a brutal serial killer. As they close in on the elusive Jujji, their inner conflicts rise to the surface, exposing inner demons and challenging their notions of justice and morality.",1.711400032043457,2025-11-21,Jujji,0.0,0,https://image.tmdb.org/t/p/w342/bXGD77TMjGboLPDABu8alAYcnxg.jpg,https://image.tmdb.org/t/p/w780,2025,11,very high,,['Thriller'],Thriller
1309587,en,Hell in Paradise,"Migrant Nina takes a hotel job in the Maldives, but her island paradise turns nightmarish after an incident. Falsely accused, she must evade traps to escape her unjust life sentence.",1.7024999856948853,2025-11-26,Hell in Paradise,0.0,0,https://image.tmdb.org/t/p/w342/oJHfro8AC5v7chDt5AvZpArBmnC.jpg,https://image.tmdb.org/t/p/w780,2025,11,very high,,['Thriller'],Thriller
1205938,sr,Hajduk u Beogradu,"In the 1980s, a boy named Hajduk moves with his family from a small village to the capitol of Yugoslavia, where he's going to start spreading his way of honor and true values.",1.701200008392334,2025-11-13,Hajduk in Belgrade,0.0,0,https://image.tmdb.org/t/p/w342/NzewQPQ4v2C00pV1L22BJV5Nkw.jpg,https://image.tmdb.org/t/p/w780/qBgARoFeBx2ln0YSu6cC5GJ16iy.jpg,2025,11,very high,,"['Drama', 'Family']","Drama, Family"
1321764,en,The Estate,"The story of the Wellsleys, an aristocratic family unable to save their ancestral estate because of debts. As they struggle to find a solution, a series of disturbing apparitions begin to haunt them, forcing the Wellsleys to confront the deep injustices they and other landowners, past and present, have wrought.",1.6955000162124634,2025-11-25,The Estate,0.0,0,https://image.tmdb.org/t/p/w342,https://image.tmdb.org/t/p/w780,2025,11,very high,,[],
1446595,ru,Есть только МиГ,"1944. After the hospital or because of problems with vision and speech, several officers are ""written off"" to a false airfield. The Nazis take this airfield for the real one, and pilot Ivan Polivanov learns about it at the most inopportune moment.",1.6921000480651855,2025-11-27,Есть только МиГ,0.0,0,https://image.tmdb.org/t/p/w342,https://image.tmdb.org/t/p/w780,2025,11,very high,,"['War', 'Comedy']","War, Comedy"
1407862,id,Lupa Daratan,"On the cusp of landing a lead role in a prestigious biopic, a celebrated actor suddenly finds himself losing all his acting abilities.",1.6832000017166138,2025-12-02,Lost in the Spotlight,0.0,0,https://image.tmdb.org/t/p/w342/gVufCABbj6NqBYyLaw6eptem28e.jpg,https://image.tmdb.org/t/p/w780/kMGZK18hxu8y2HeNRvF94pkdefq.jpg,2025,12,very high,,"['Drama', 'Comedy']","Drama, Comedy"
1085752,te,Janata Bar,"Mothers, children, sisters, and ordinary revolutionaries frequently make huge personal sacrifices in the fight for the right to live equally under the law. 'Janata Bar' is the story of one such woman who fought for justice.",1.6828999519348145,2025-11-21,Janata Bar,0.0,0,https://image.tmdb.org/t/p/w342/2Zpk5lM4hR6KferfpQ0iqZcTM3o.jpg,https://image.tmdb.org/t/p/w780/q4sZYVhIZtzqC3KJwT6JG6LIQGn.jpg,2025,11,very high,,[],
1544976,ta,கும்கி 2,"Bhumi sees an elephant in the jungle growing up without his others love. His teacher advises him to love nature and protect the birds and animals in the forest and live in harmony with them and he decided to protect the elephant. The broker offers the elephant as a sacrifice for the ministers post. Hearing this, Bhumi fights with them.",1.680400013923645,2025-11-14,Kumki 2,0.0,0,https://image.tmdb.org/t/p/w342/wBz0uP5urY0JqNERnCCTtSVB0HK.jpg,https://image.tmdb.org/t/p/w780/9vVPNdNp2qCuV4oPeZ42QwOI18U.jpg,2025,11,very high,,"['Drama', 'Adventure']","Drama, Adventure"
1074048,ta,ரிவால்வர் ரீட்டா,,1.6779999732971191,2025-11-28,Revolver Rita,0.0,0,https://image.tmdb.org/t/p/w342/7chr4m0OLkGX2curIk57ax27kk3.jpg,https://image.tmdb.org/t/p/w780/nSNs7C73oXGaT6RYvwxdI7s4b01.jpg,2025,11,very high,,"['Comedy', 'Action', 'Crime']","Comedy, Action, Crime"
1372124,bn,দি অ্যাকাডেমি ওফ ফাইন আর্টস,"A crew of criminals execute the perfect heist, stealing a priceless liquor bottle from a notorious gang leader. But what begins as a clean getaway spirals into a storm of betrayal, bloodshed, and long-buried secrets. As the truth unravels, they discover the real battle isn't for the loot - it's for survival.",1.6722999811172485,2025-11-14,The Academy of Fine Arts,0.0,0,https://image.tmdb.org/t/p/w342/2HdyzQsdJelOgxrytDx1qhoVTOD.jpg,https://image.tmdb.org/t/p/w780,2025,11,very high,,"['Thriller', 'Action', 'Comedy']","Thriller, Action, Comedy"
1018847,ko,동에 번쩍 서에 번쩍,"Seolhee and Hwajeong make an impromptu trip to the East Sea while waiting to hear the results of their recent job interviews. The purpose of the trip is to make a wish while watching the sunrise, but nothing happens as they hope. The two argue during the trip and have an accidental meeting while going their separate ways.",1.6692999601364136,2025-11-26,A Wing and a Prayer,0.0,0,https://image.tmdb.org/t/p/w342/yRjn3YzlGYBWFalgT9f8lPBhYgA.jpg,https://image.tmdb.org/t/p/w780/u0hzuXCqSnzGX0lYpe1OoeNwiFE.jpg,2025,11,very high,,['Drama'],Drama
1313226,fr,Kika,"While pregnant with her second child, Kika faces the sudden death of her partner. Totally heartbroken, and broke, she sets her priorities straight : 1.⁠ ⁠make money fast 2.⁠ ⁠stay strong. Dirty underwear, dildos and neurotic parents will unexpectedly help.",1.6651999950408936,2025-11-05,Kika,6.199999809265137,2,https://image.tmdb.org/t/p/w342/2w4UGKh9ZEfezsWBbrLteMw95pf.jpg,https://image.tmdb.org/t/p/w780/6q3gGVYj36im8OswF80CdsFH6BC.jpg,2025,11,very high,average,"['Drama', 'Comedy']","Drama, Comedy"
1445445,en,Stargazed,Mia joins her friends for a high school graduation party to distract from an incoming asteroid expected to bring the inevitable end of the world.,1.6598000526428223,2025-11-30,Stargazed,0.0,0,https://image.tmdb.org/t/p/w342/4hRlBanvchKUguFlLapzyDOs7jX.jpg,https://image.tmdb.org/t/p/w780,2025,11,very high,,"['Drama', 'Comedy']","Drama, Comedy"
1558640,ko,피렌체,,1.6569000482559204,2025-11-26,Florence Knockin' on You,0.0,0,https://image.tmdb.org/t/p/w342/oziUans4Koj5TeG1ygAZFo6Xddf.jpg,https://image.tmdb.org/t/p/w780,2025,11,very high,,['Drama'],Drama
1400382,en,Predators,"In the mid-aughts, Dateline NBC’s To Catch a Predator drew millions of weekly viewers to watch sting operations: men planning to meet minors for sex would instead be confronted by polished host Chris Hansen, then by the police — all on hidden camera.",1.652999997138977,2025-09-19,Predators,0.0,0,https://image.tmdb.org/t/p/w342/epjqcM33F3PKRZmj3KbpsXlJ3gY.jpg,https://image.tmdb.org/t/p/w780/jQvOJnSydZOT4LBSK3rnXBgddla.jpg,2025,9,very high,,['Documentary'],Documentary
1422404,ja,TOKYOタクシー,"One day, taxi driver Koji Usami is tasked with driving 85-year-old Sumire Takano from Shibamata, Tokyo to a senior care facility in Hayama, Kanagawa. Sumire asks Koji to make some detours. Gradually opening up to her, Sumire begins to tell the story of her grand past...",1.6514999866485596,2025-11-21,TOKYO Taxi,0.0,0,https://image.tmdb.org/t/p/w342/iJHARu7sCkQy419txqTwKCgQQWQ.jpg,https://image.tmdb.org/t/p/w780/1uKSxvt2gt4wtP1HY1ySLVFDCl9.jpg,2025,11,very high,,['Drama'],Drama
1160984,ko,정보원,"Tae-bong, an informant in a smuggling operation, gets exposed during his mission. Meanwhile, bumbling detective Nam-hyuk stumbles into the chaos while attempting his own scheme. Forced into an uneasy alliance, the two must recover their losses and take down the criminals.",1.6509000062942505,2025-12-03,The Informant,0.0,0,https://image.tmdb.org/t/p/w342/7K0RZ3ZdTwd4xSfRkw9SzWM6Kwz.jpg,https://image.tmdb.org/t/p/w780,2025,12,very high,,"['Comedy', 'Action']","Comedy, Action"
340374,en,The Gettysburg Address,"In the midst of the Civil War, President Lincoln went to Gettysburg. ""The Gettysburg Address"" investigates the five extant copies of Lincoln's famous speech, separating fact from fiction along the way. Lincoln's greater journey to Gettysburg is chronicled, from his early anti-slavery sentiments as a poor farmer's son to his rousing orations as one of America's greatest leaders.",1.6450999975204468,2025-11-19,The Gettysburg Address,0.0,0,https://image.tmdb.org/t/p/w342/rjtqFyduM5YMy8zNOraxMzCMZ2.jpg,https://image.tmdb.org/t/p/w780,2025,11,very high,,"['Documentary', 'History']","Documentary, History"
1563582,zh,西瓜樂園,"To escape her father's violence, running away has become a familiar part of Chou Mu-ding's life. But on her birthday, she makes a quiet and yet resolute decision to stop fleeing and finally confront what she once feared.",1.6383999586105347,2025-11-18,Neverland,0.0,0,https://image.tmdb.org/t/p/w342/mS5MBJ1LDxbGaGtyt74V6RXkzFo.jpg,https://image.tmdb.org/t/p/w780/lryl4GGa1fVeMF6c7sSSQZtxXe6.jpg,2025,11,very high,,['Drama'],Drama
1429127,sr,Povratak Žikine dinastije,"A violinist named Misha struggles to support his family by playing at weddings. He has two sons, each named after their grandfathers. The boys are navigating the challenges of puberty as their father tries to make ends meet.",1.6282000541687012,2025-12-02,The Return of Žika's Dynasty,0.0,0,https://image.tmdb.org/t/p/w342/9v8LotF9J7iOK6uW0K3Iq7xi1st.jpg,https://image.tmdb.org/t/p/w780,2025,12,very high,,['Comedy'],Comedy
1406277,zh,菜肉馄饨,"The film tells the story of a retired father who comes to the park's dating corner to find a marriage partner for his son, but inadvertently gets involved in an emotional whirlpool.",1.6243000030517578,2025-11-15,Shanghai Wonton,0.0,0,https://image.tmdb.org/t/p/w342/m87N5Frll6gtWxTyaoY1F0qKq5u.jpg,https://image.tmdb.org/t/p/w780/fDklLaIn20lB7jQ1OEpgbGuniuj.jpg,2025,11,very high,,"['Drama', 'Comedy', 'Romance']","Drama, Comedy, Romance"
1570917,it,Il protagonista,,1.6202000379562378,2025-11-23,Il protagonista,0.0,0,https://image.tmdb.org/t/p/w342/lfs4lCsfSQBWit8uKXA2l3UQQS4.jpg,https://image.tmdb.org/t/p/w780,2025,11,very high,,[],
1547922,en,The Christmas Cup,"After an injury, Staff Sergeant Kelly Brandt returns home for the holidays and her family pushes her to get involved in the annual Christmas Cup against the rival town; with that, she teams up with Fire Captain Quinn Stokley.",1.611899971961975,2025-11-30,The Christmas Cup,0.0,0,https://image.tmdb.org/t/p/w342,https://image.tmdb.org/t/p/w780,2025,11,very high,,['Romance'],Romance
1003504,fr,On ira,"An unexpected road trip brings a dysfunctional family together for one last journey with their elder, sparking moments of connection, joy, and reconciliation.",1.6110999584197998,2025-03-12,We Will Go,7.300000190734863,80,https://image.tmdb.org/t/p/w342/aKeBqIoBGtXUuWc2RkZdUPVuoyc.jpg,https://image.tmdb.org/t/p/w780/oTai2zngbGbAIuq9wGZvtXyuoJF.jpg,2025,3,very high,good,"['Comedy', 'Drama']","Comedy, Drama"
1430382,en,Being Frank,A young man manipulates an older woman with Alzheimers into believing he is her deceased husband.,1.6088999509811401,2025-11-20,Being Frank,0.0,0,https://image.tmdb.org/t/p/w342/5Obf8HCNIsdPmBJrbxFwJqnaSsD.jpg,https://image.tmdb.org/t/p/w780,2025,11,very high,,['Drama'],Drama
1395140,ja,LUPIN THE IIIRD THE MOVIE 不死身の血族,A special invitation has been sent to Lupin and his crew to an uncharted island. The invitee is believed to be the mastermind who controls the world's top mercenaries and is connected to crimes throughout the world! Who could this mysterious person be? The answer lies on the uncharted island hidden away from existence.,1.6033999919891357,2025-06-27,LUPIN THE IIIRD THE MOVIE: The Immortal Bloodline,9.5,8,https://image.tmdb.org/t/p/w342/6X1LxZvMK8NCUBbvxBGMTt8ZeJQ.jpg,https://image.tmdb.org/t/p/w780/4zh2QNUFoVwfnOeppEKWPXGmg0y.jpg,2025,6,very high,excellent,"['Animation', 'Action', 'Crime']","Animation, Action, Crime"
1391772,en,Serious People,A successful music video director and expectant father pushes his work/life balance to the extreme as he hires a doppelgänger to work in his stead.,1.586300015449524,2025-11-14,Serious People,0.0,0,https://image.tmdb.org/t/p/w342/g8gBavq9eHw2d2zeZ3Iy6eGhpxj.jpg,https://image.tmdb.org/t/p/w780/yuU7sx6NGNrgiXcuBTnhSi0nlqO.jpg,2025,11,very high,,"['Comedy', 'Drama']","Comedy, Drama"
1238164,hi,गुस्ताख इश्क़,"The film follows Nawabuddin aka Pappan, who visits the home of Urdu poet Ajiz to learn the art of shayari. There, he meets Ajiz’s daughter, and soon blossoms a heartfelt romance. But, will circumstances let Pappan and Minni’s love trump them all? Does Pappan have any ulterior motive?",1.5794999599456787,2025-11-28,Gustaakh Ishq,0.0,0,https://image.tmdb.org/t/p/w342/1pNoxfVyBoyxVQJPyhKxplM2hK7.jpg,https://image.tmdb.org/t/p/w780/lFq65LulkPYZEeKo8cEId4N2s07.jpg,2025,11,very high,,"['Romance', 'Drama']","Romance, Drama"
1207183,hi,द फेस ऑफ द फेसलेस,"Based on Sr. Rani Maria, this tale depicts the trials and tribulations of a woman who rose above the boundaries of her religion, realized the universal oneness, and committed her life to women's empowerment.",1.5721999406814575,2023-02-07,The Face of the Faceless,0.0,0,https://image.tmdb.org/t/p/w342/4b2DafWcP0tOWQZU4W4hBtNQvyP.jpg,https://image.tmdb.org/t/p/w780,2023,2,very high,,['Drama'],Drama
1443959,zh,马腾你别走！,"Old Lin, a retired steel mill veteran with mobility issues, lives a materially comfortable yet emotionally desolate life. His routine is unexpectedly disrupted when he crosses paths with Ma Teng, an idle drifter brimming with ""useless knowledge"" and a chronic habit of abandoning projects midway, during a botched caregiver interview. What begins as a comedic clash of misunderstandings evolves into an extraordinary companionship. Through their unlikely journey bridging generational and social divides, the mismatched pair transforms from chaotic strangers into mutual pillars of support. This transgenerational bond defying conventional boundaries of age and mortality becomes a profound testament to human resilience. In each other's flawed existence, they discover the courage to confront physical decline and mortality, ultimately unearthing the fortitude to embrace life's uncertainties with renewed bravery.",1.5641000270843506,2025-11-14,Every Dog Has Its Day,0.0,0,https://image.tmdb.org/t/p/w342/yHm9g96FXYaDFiWz0AuxBvqDTuc.jpg,https://image.tmdb.org/t/p/w780,2025,11,very high,,"['Comedy', 'Drama']","Comedy, Drama"
1499101,ja,ナイトフラワー,"Driven to the brink, Natsuki makes a desperate gamble: selling drugs to make her children's dreams come true. Living a double life—mother by day, dealer by dark—where will this dangerous path lead her—?",1.5556000471115112,2025-11-28,Night Flower,0.0,0,https://image.tmdb.org/t/p/w342/iK6MDIDlmWK7JxYXVwBr1WG2Cn2.jpg,https://image.tmdb.org/t/p/w780/g8HqOlJyh4UvSdUa0zuz4dE8hzE.jpg,2025,11,very high,,['Drama'],Drama
1563547,cn,霧海微瀾,"Wai leaves Hong Kong without telling anyone and drift across Taiwan, reconnecting with old friends. Ling flies from Hong Kong to Australia to bring her deceased friend home, trying to piece together her state of mind before her death. The two journeys converge, bearing witness to a young generation's struggles while holding a glimmer of hope for the present time.",1.555299997329712,2025-11-14,Ripples in the Mist,0.0,0,https://image.tmdb.org/t/p/w342/4lM7Wgpbrn8m8J8J11VC1kyyGkY.jpg,https://image.tmdb.org/t/p/w780/sBnKIBCqbCRjM7Yvzn0f1dQgDk7.jpg,2025,11,very high,,['Drama'],Drama
1221061,de,In die Sonne schauen,"Over the course of a century, as four girls from different time periods experience their youth on a German farm, their lives become intertwined until time seems to dissolve.",1.5535999536514282,2025-08-28,Sound of Falling,7.885000228881836,13,https://image.tmdb.org/t/p/w342/nvJh2AiDRwNXiV2VpEVlv0NBTn4.jpg,https://image.tmdb.org/t/p/w780/oz5DLjcI66iDpOdKU7QG9JrGARe.jpg,2025,8,very high,good,"['Drama', 'History']","Drama, History"
1390095,bn,হাঁটি হাঁটি পা পা,A relationship drama.,1.5521999597549438,2025-11-22,Haati Haati Paa Paa,0.0,0,https://image.tmdb.org/t/p/w342/uJBg5qG1nsqjJQAJZ1DUE1gv5GO.jpg,https://image.tmdb.org/t/p/w780,2025,11,very high,,['Drama'],Drama
1315477,ko,한란,"Set against the backdrop of the Jeju Uprising in 1948, which was sparked by an armed revolt of islanders fearing the division of Korea into North and South, the film portrays the tragic consequences of an indiscriminate punitive expedition by the South Korean government. Under the guise of an anti-communist campaign, more than 25,000 civilians were slaughtered. Through the story of a mother fiercely protecting her young daughter, the film highlights the resilience and strength of Jeju women amidst the chaos.",1.5501999855041504,2025-11-26,Hallan,0.0,0,https://image.tmdb.org/t/p/w342/uP15BTEFRIG8WPrilCjmf2vgPBQ.jpg,https://image.tmdb.org/t/p/w780/23e8ZmjWNsqIm48la02xJTEW8Jx.jpg,2025,11,high,,['Drama'],Drama
1513222,ru,Письмо Деду Морозу,"There is no place for fantasies in the life of lawyer Pyotr Bezuglov. His life is nothing but rules, which he strictly observes. One day, his son Vanechka finds the letters that Pyotr wrote to Santa Claus as a child and puts them in the New Year's mailbox. In the morning, all of Bezuglov's childhood wishes begin to come true and not only Pyotr himself is in danger, but also his family and, possibly, the whole world.",1.5410000085830688,2025-11-27,Письмо Деду Морозу,0.0,0,https://image.tmdb.org/t/p/w342,https://image.tmdb.org/t/p/w780,2025,11,high,,['Comedy'],Comedy
1396085,en,The Great Departure,"Plot explores patriarchy in society through the prism of a man and woman who accidentally meet in Varanasi, and have very different experiences while on the same road trip as they fall in love.",1.5331000089645386,2025-11-12,The Great Departure,0.0,0,https://image.tmdb.org/t/p/w342/flkQxFIRKQwMa5a8rKqOoFaXvwz.jpg,https://image.tmdb.org/t/p/w780,2025,11,high,,"['Drama', 'Romance']","Drama, Romance"
1175842,de,Momo,"Momo is a young orphan girl who lives in the ruins of an old Roman amphitheater and becomes friends with everybody in the neighborhood. But when a powerful international corporation starts stealing everybody’s time, nobody has any time left for her, let alone their friends or families. Momo, together with Master Hora, the custodian of time, are the only ones who can go up against the time thieves before all is lost forever.",1.5321999788284302,2025-10-02,Momo,8.300000190734863,5,https://image.tmdb.org/t/p/w342/6rEOd8GCiAYXfPHZkXsGyoulDm4.jpg,https://image.tmdb.org/t/p/w780/swZCE9zuNvOD5ndqISiYMVmmJmi.jpg,2025,10,high,good,"['Adventure', 'Fantasy', 'Drama']","Adventure, Fantasy, Drama"
1329071,ar,صيف 67,"During President Nasser's reign, Cairo was a place of quirky chaos, suspicion and mistrust, full of sharp jokes and overpriced dreams. The post office only delivers recruitment and scholarship letters. Surprisingly, Elizabeth from the capital of classical music sends a letter to Ahmed, a stubborn pianist. His family loves football. Nobody wants a pianist or a writer in the family.",1.531999945640564,2025-11-16,The Stories,0.0,0,https://image.tmdb.org/t/p/w342,https://image.tmdb.org/t/p/w780/3UVjBmDvTjp6yBSNewAMj6SZLZ4.jpg,2025,11,high,,"['Drama', 'Music']","Drama, Music"
1400743,mk,Диџеј Ахмет,"15-year-old Ahmet, from a remote Yuruk village in North Macedonia, finds refuge in music while navigating his father’s expectations, a conservative community, and his first experience with love — a girl already promised to someone else.",1.5169999599456787,2025-11-06,DJ Ahmet,7.5,2,https://image.tmdb.org/t/p/w342/pYrGVzVMzQ2Urc7JNsao18lQS9O.jpg,https://image.tmdb.org/t/p/w780/nJuvjdbdCOwosvnOyPrcNmJr97h.jpg,2025,11,high,good,"['Comedy', 'Drama', 'Music']","Comedy, Drama, Music"
1535413,en,Reggae Girlz,"The inspiring journey of the Jamaican women's soccer team, on and off the pitch, on their way to the FIFA Women's World Cup 2023.",1.5168999433517456,2025-11-20,Reggae Girlz,0.0,0,https://image.tmdb.org/t/p/w342,https://image.tmdb.org/t/p/w780,2025,11,high,,['Documentary'],Documentary
1565589,zh,英雄三元里,"In the dark days following the 1840 Opium War, a local gentry member, He Yucheng, strives to defend Guangzhou after being entrusted by Guan Tianpei, a mission that intersects with local martial arts figures' initial attempts to resist the British by burning foreign ships.",1.513700008392334,2025-11-28,Hero Sanyuanli,0.0,0,https://image.tmdb.org/t/p/w342/3iYluR1oKtfXzxxVHBeeiy6ls6k.jpg,https://image.tmdb.org/t/p/w780,2025,11,high,,"['Drama', 'War', 'History']","Drama, War, History"
1037352,en,Went Up the Hill,"Jack ventures to remote New Zealand for the funeral of his estranged mother and meets her widow Jill. But his mother's spirit returns to inhabit each of their bodies, instigating a life-threatening three-way nocturnal dance.",1.5109000205993652,2025-08-15,Went Up the Hill,8.0,1,https://image.tmdb.org/t/p/w342/aDNgBFBlO61lNVCcP2L37oC9M7E.jpg,https://image.tmdb.org/t/p/w780/dQ4MeunffSq7K4rgTW4KNHUbHfN.jpg,2025,8,high,good,"['Drama', 'Fantasy', 'Horror', 'Romance', 'Thriller']","Drama, Fantasy, Horror, Romance, Thriller"
1560677,ja,銀魂オンシアター2D かぶき町四天王篇,,1.5084999799728394,2025-02-21,Gintama on Theater 2D: Kabukicho Four Devas Arc,0.0,0,https://image.tmdb.org/t/p/w342/fEx14F172kzzDO056XOep5ZbuH7.jpg,https://image.tmdb.org/t/p/w780,2025,2,high,,"['Animation', 'Action', 'Science Fiction', 'Comedy', 'Fantasy']","Animation, Action, Science Fiction, Comedy, Fantasy"
36724,en,The Decline of Western Civilization Part II: The Metal Years,"An exploration of the heavy metal scene in Los Angeles, with particular emphasis on glam metal. It features concert footage and interviews of legendary heavy metal and hard rock bands and artists such as Aerosmith, Alice Cooper, Kiss, Megadeth, Motörhead, Ozzy Osbourne and W.A.S.P..",1.5009000301361084,1988-06-17,The Decline of Western Civilization Part II: The Metal Years,6.801000118255615,78,https://image.tmdb.org/t/p/w342/4XoeABOgfPzYIzv2UoGKAdZbbR7.jpg,https://image.tmdb.org/t/p/w780/AlpslskDPx4RuAXdRcdRakzRn7U.jpg,1988,6,high,average,"['Documentary', 'Music']","Documentary, Music"
1509633,id,Air Mata Mualaf,"Anggie, a woman who is a victim of her boyfriend's violence and finds guidance after being saved by a girl who runs a mosque.",1.496399998664856,2025-11-27,Tears of Faith,0.0,0,https://image.tmdb.org/t/p/w342/ejkXEpahvqFDdpdlUfRITLQkEk1.jpg,https://image.tmdb.org/t/p/w780/caLno9a9TO7hx7Fu3GxsLgOw2G2.jpg,2025,11,high,,['Drama'],Drama
1309012,en,Altered,"In an alternate present, genetically enhanced humans dominate society. Outcasts Leon and Chloe fight for justice against corrupt politicians exploiting genetic disparity, risking everything to challenge the oppressive system.",1.4952000379562378,2025-09-18,Altered,6.199999809265137,5,https://image.tmdb.org/t/p/w342/n8Gn8xNIeOxAzHP6uusdGlUYu4s.jpg,https://image.tmdb.org/t/p/w780/q5b7dopXtsj1oZMxL74BWxG9OzF.jpg,2025,9,high,average,"['Science Fiction', 'Action']","Science Fiction, Action"
1141993,en,Reprieve,A happy couple's quiet evening at home becomes a living nightmare after a visit from some uninvited guests.,1.4888999462127686,2025-11-21,Reprieve,0.0,0,https://image.tmdb.org/t/p/w342/wzaJh4k8KiNRW92YBBgV6CIsHuP.jpg,https://image.tmdb.org/t/p/w780/cVYSNfJZtmCxbIubBTRW04cElzY.jpg,2025,11,high,,"['Horror', 'Thriller']","Horror, Thriller"
1266816,fr,Le Gang des Amazones,"Early 1990’s, south of France. Katy, Hélène, Laurence and Carole have been best friends since childhood. Now in their twenties, they find themselves struggling with hardship and limited opportunities in their sunny small hometown. Despite their challenging circumstances, they have maintained a resilient and cheerful spirit, supporting each other throughout life’s ups and downs. But their lives take a dramatic turn when Hélène, a single mother of three, receives a sudden notification that her welfare checks have been reduced, threatening her ability to support her family.Overwhelmed by this injustice and feeling powerless in the face of societal inequalities, the five women are driven by a fierce desire to change the course of their lives. They make the shocking decision to rob a bank, and soon, commit a series of increasingly daring heists.",1.48580002784729,2025-11-12,Unsubmissives,0.0,0,https://image.tmdb.org/t/p/w342/nkcOY9SMzYbaHlf04Ai5WxlglRL.jpg,https://image.tmdb.org/t/p/w780/dJuYviHLMpKvi2ehV0p0Onj7wKK.jpg,2025,11,high,,"['Drama', 'Crime']","Drama, Crime"
1435139,ta,ஆண்பாவம் பொல்லாதது,"A year into their marriage, unable to distinguish between toxicity and mere misunderstandings, Sakthi decides to part ways with Siva. The couple navigate their separation, and whether they ultimately proceed with divorce forms the emotional climax.",1.4853999614715576,2025-10-31,Aanpaavam Pollathathu,0.0,0,https://image.tmdb.org/t/p/w342/5eZzBvETRK8uDz3mUK0Feio2T5C.jpg,https://image.tmdb.org/t/p/w780/5rJpJlq1Yc25bqamWnwSzTlE79o.jpg,2025,10,high,,"['Comedy', 'Romance', 'Drama']","Comedy, Romance, Drama"
1255674,es,Vieja loca,"Pedro receives a desperate message from an ex-girlfriend asking him to look after her senile mother, Alicia. What seems like a simple mission soon becomes his worst nightmare. Pedro needs to escape; but Alicia won’t let him...",1.483199954032898,2025-10-10,Crazy Old Lady,0.0,0,https://image.tmdb.org/t/p/w342/7BggjGhQyqmQgFbMnQeD5hz9xWr.jpg,https://image.tmdb.org/t/p/w780/A1prqBBKiwfnahBnNgM1t5y5vmA.jpg,2025,10,high,,"['Horror', 'Thriller', 'Comedy']","Horror, Thriller, Comedy"
977168,fr,Bardot,"An intimate look at the life of international icon Brigitte Bardot. With exclusive access and the full support of Brigitte Bardot and her team, we will uncover her life, with its hardships, trials and struggles, her work and her legacy.",1.483199954032898,2025-12-03,Bardot,0.0,0,https://image.tmdb.org/t/p/w342/zOYIJhhzPL1iCtanG3kzm8olt6s.jpg,https://image.tmdb.org/t/p/w780/pClZVluNW1ZNi9BJij8FxmI6Dsp.jpg,2025,12,high,,['Documentary'],Documentary
1412074,ja,《鋼之鍊金術師BROTHERHOOD 15週年特別版》,A special re-edited movie version of the last six episodes of the anime.,1.482200026512146,2024-10-25,Fullmetal Alchemist 15th Anniversary Special Edition,10.0,1,https://image.tmdb.org/t/p/w342/bEgXvq7dxI5QCMwutzpxteiLBgo.jpg,https://image.tmdb.org/t/p/w780/eCJwrXmMPY5rlaRGC8IMU6Pb6iQ.jpg,2024,10,high,excellent,"['Action', 'Animation']","Action, Animation"
1559594,en,Every Contact Leaves a Trace,"Since 1990, filmmaker Lynne Sachs has collected 600 business cards—from a hairdresser, a therapist, a textile artist. Together they form an archive of encounters.",1.4778000116348267,2025-11-17,Every Contact Leaves a Trace,0.0,0,https://image.tmdb.org/t/p/w342/7lzZMHPgLfw34raHhkgvYkDtFYA.jpg,https://image.tmdb.org/t/p/w780/dgu22vVi8TO8jkdhRuoCkAWVRv4.jpg,2025,11,high,,['Documentary'],Documentary
1452033,fr,Antoine de Caunes : La vie « rêvée » d'un enfant du rock,,1.4723000526428223,2025-12-03,Antoine de Caunes : La vie « rêvée » d'un enfant du rock,0.0,0,https://image.tmdb.org/t/p/w342/nax6QNfgLMWdaC0FIPyweDubXL2.jpg,https://image.tmdb.org/t/p/w780,2025,12,high,,['Documentary'],Documentary
1429738,th,ตี๋ใหญ่ ฤกษ์ดาวโจร,"In 1980s Bangkok, two criminals face rough times when a determined detective strains their bond and hunts down an infamous crew of robbers.",1.4628000259399414,2025-11-13,Tee Yai: Born to Be Bad,0.0,0,https://image.tmdb.org/t/p/w342/ig00LBM2rv4fmCJOPATyRWOJnlL.jpg,https://image.tmdb.org/t/p/w780/xmnqFHhGNYHf5JFy4GSfiIEG0ly.jpg,2025,11,high,,"['Crime', 'Action', 'Drama']","Crime, Action, Drama"
1547363,de,Hallo Betty,"In 1956, advertising copywriter Emmi Creola invents the fictional character Betty Bossi, who quickly becomes a Swiss culinary icon. But as her creation rises to fame, Emmi finds herself caught between growing professional expectations and her own personal struggles — a tension that threatens to consume her.",1.457800030708313,2025-11-20,Hallo Betty,0.0,0,https://image.tmdb.org/t/p/w342/82vMVYGP14R6YxQN3xQVme4qiwS.jpg,https://image.tmdb.org/t/p/w780/qEVZEncYjfFfPMBYmnwTEtFULlG.jpg,2025,11,high,,"['Drama', 'Comedy']","Drama, Comedy"
1407437,te,Andhra King Taluka,A fun filled slice of life entertainer,1.4524999856948853,2025-11-28,Andhra King Taluka,0.0,0,https://image.tmdb.org/t/p/w342/6oiUCkXb0GXqAhLSL3zCGtp8Ez3.jpg,https://image.tmdb.org/t/p/w780,2025,11,high,,"['Action', 'Drama', 'Romance']","Action, Drama, Romance"
1310830,it,Fuori,"Rome. The 1980s. After the magnum opus The Art of Joy she has been working on for a decade is rejected by the Italian publishing world, writer Goliarda Sapienza commits a desperate theft that costs her her reputation and social position. Incarcerated in Italy’s largest female prison, she finds herself living alongside thieves, junkies, sex workers and revolutionaries. After her release, she continues to meet with these women and over the course of a sweltering summer, a life-changing relationship flowers – a relationship that will reawaken her the desire to live and to write.",1.4503999948501587,2025-05-22,Fuori,6.642000198364258,53,https://image.tmdb.org/t/p/w342/zFo7tZqQes1JASl1eDefZoG1AHV.jpg,https://image.tmdb.org/t/p/w780/k9Oe0KXL1qYnEddxr1WR4VkB8eW.jpg,2025,5,high,average,"['Drama', 'History']","Drama, History"
1564000,en,The Christmas Cookbook,"Newly single at Christmas, Veronica Cearley finds unexpected comfort in The X-Mas Club — a festive group of food lovers who cook, give back, and celebrate the season solo. But when sparks fly with the club’s warm-hearted founder, Cullen Murdock, she realizes that the best part of Christmas might not be the food or the traditions—but the people who feel like home.",1.4392999410629272,2025-12-03,The Christmas Cookbook,0.0,0,https://image.tmdb.org/t/p/w342,https://image.tmdb.org/t/p/w780,2025,12,high,,"['Comedy', 'Romance', 'TV Movie']","Comedy, Romance, TV Movie"
1481597,en,I Fell in Love with a Z-Grade Director in Brooklyn,"A jaded Japanese movie star stranded in NYC without money or phone meets a passionate indie filmmaker and his crew, leading to an unexpected creative journey that could reignite her love for cinema.",1.434499979019165,2025-11-20,I Fell in Love with a Z-Grade Director in Brooklyn,0.0,0,https://image.tmdb.org/t/p/w342/lOVkjcvOK6TLrGWYqQeSiS5Q647.jpg,https://image.tmdb.org/t/p/w780/uHknvhfZPIHT5yqGoN37HJIKz33.jpg,2025,11,high,,"['Comedy', 'Romance']","Comedy, Romance"
1422089,tl,Open Endings,"Four queer women in their 30s who are exes-turned-best-friends navigate adulthood, love, friendship, chosen families, and everything in between.",1.431399941444397,2025-11-14,Open Endings,0.0,0,https://image.tmdb.org/t/p/w342/wRrjJkbzIFNaKvFwvAkSdhP2bIY.jpg,https://image.tmdb.org/t/p/w780/jjHhol2Pxe020AEYvi0w7Q5hFtF.jpg,2025,11,high,,"['Drama', 'Comedy']","Drama, Comedy"
1569357,ja,丹下左膳～大岡越前外伝～,,1.4292999505996704,2025-11-29,丹下左膳～大岡越前外伝～,0.0,0,https://image.tmdb.org/t/p/w342/c3O7uFrwan02RIRJ175RIUAXfqD.jpg,https://image.tmdb.org/t/p/w780,2025,11,high,,[],
1439250,en,Broadway’s Leading Ladies,Join an extraordinary lineup of talent and the American Pops Orchestra to pay tribute to the women who have defined Broadway and those who are shaping its future. This March 2025 concert at New York's Town Hall is a celebration of song and legacy.,1.4229999780654907,2025-11-28,Broadway’s Leading Ladies,0.0,0,https://image.tmdb.org/t/p/w342/n7wxEXIC6dYFHldDlyKENaXyIIp.jpg,https://image.tmdb.org/t/p/w780/rChDPsru59gt0tDQvGFcwzfv8a8.jpg,2025,11,high,,['Music'],Music
1454006,pt,Amílcar,"Poet, agricultural engineer and revolutionary Amílcar Cabral was born in Guinea-Bissau to Cape Verdean parents. After studying in Portugal, he emerged as the charismatic leader of the anti-colonial struggle against Portuguese rule. With his utopian ideas, he sparked a cultural and an armed uprising that went on to inspire other African liberation movements.",1.4220000505447388,2025-11-16,Amílcar,0.0,0,https://image.tmdb.org/t/p/w342/gmPYT122Ftyx0IaPYz1kDliY22w.jpg,https://image.tmdb.org/t/p/w780/qo6lJOCG6Z6W5RT0v5PjqRFrMFx.jpg,2025,11,high,,['Documentary'],Documentary
1547920,en,The Snow Must Go On,"Nearly a decade after appearing on Broadway, Isaiah visits his family in upstate New York for the holidays and is unexpectedly put back on stage — this time to save his niece’s Christmas show. To make things more complicated, he learns that “an influential Broadway producer’s daughter is in the school production.”",1.4180999994277954,2025-11-28,The Snow Must Go On,0.0,0,https://image.tmdb.org/t/p/w342,https://image.tmdb.org/t/p/w780/fCFYBPlrwLGRJtrXQmGmJLQS6ae.jpg,2025,11,high,,['Romance'],Romance
1127628,en,The Thing with Feathers,"After a tragic loss, a grieving father tries to raise his young sons whilst dealing with an unlikely, unpredictable, and uninvited houseguest.",1.4177000522613525,2025-10-17,The Thing with Feathers,8.5,2,https://image.tmdb.org/t/p/w342/niC58UPfKMislQ6l9hoD41CvTdX.jpg,https://image.tmdb.org/t/p/w780/uIXIQUDXUxvhjfKvpUnXTiVfvuB.jpg,2025,10,high,good,['Drama'],Drama
1288748,mr,साबर बोंडं,"A thirty-year-old city-dweller compelled to spend ten-day mourning of his father in the rugged countryside of Western India tenderly bonds with a local farmer struggling to stay unmarried. As the mourning ends, forcing his return, he must decide the fate of his relationship born under duress.",1.4163999557495117,2025-09-19,Cactus Pears,8.0,2,https://image.tmdb.org/t/p/w342/hb46tJ3nHg27dFsqFa1XhiZqnxY.jpg,https://image.tmdb.org/t/p/w780/h86QmJfX0mctboGY7oSv4GdqiB3.jpg,2025,9,high,good,"['Drama', 'Romance']","Drama, Romance"
1290242,en,Christy,"Seventeen-year-old Christy is at a crossroads. Thrown out of his suburban foster home, he has moved in temporarily with his estranged older brother, Shane, in Cork’s inner city.  But Shane wants something better for Christy. After so many years apart, the brothers are forced to reconcile their turbulent past, whilst deciding what the future looks like. Sometimes, to move forward, you have to go back.",1.4112000465393066,2025-08-29,Christy,6.300000190734863,3,https://image.tmdb.org/t/p/w342/8fglHSwUyEfrIhaAWXqRI8UHMsZ.jpg,https://image.tmdb.org/t/p/w780/3PpFCCrfVahrjXOurXKp2fmSVb7.jpg,2025,8,high,average,['Drama'],Drama
855785,en,Dedication,A young maid enlists supernatural help in order to escape her past.,1.4036999940872192,2021-07-04,Dedication,9.0,4,https://image.tmdb.org/t/p/w342/h9vfJcIYDOBh8jvyuIVCdI3QjNX.jpg,https://image.tmdb.org/t/p/w780/3AFoEMU5tJB9lSrnQqmsVsLxfu7.jpg,2021,7,high,excellent,"['Drama', 'Fantasy', 'Mystery']","Drama, Fantasy, Mystery"
1376046,fr,Que ma volonté soit faite,"Nawojka, 20, dreams of escaping her harsh life working at the family farm. Under the influence of the free-spirited Sandra, Naw experiences trance-like episodes and strange powers, just like her dead mother before her…",1.4019999504089355,2025-12-03,Her Will Be Done,0.0,0,https://image.tmdb.org/t/p/w342/vzA6JzicjTypzskMCUUw4H8NKys.jpg,https://image.tmdb.org/t/p/w780/aPQgALeD3UND09hRntBwIdwLoXr.jpg,2025,12,high,,"['Drama', 'Horror']","Drama, Horror"
1567732,es,En tierra,"Old DC-3s are the lifeline for residents of the Colombian Amazon. The film crew joins one of the planes on a flight to remote settlements. But this connection is under threat, and without it communities will face total isolation.",1.3946000337600708,2025-11-17,Grounded,0.0,0,https://image.tmdb.org/t/p/w342,https://image.tmdb.org/t/p/w780/hJtUqZjRAIlspuUMmp7ERQx1Pee.jpg,2025,11,high,,['Documentary'],Documentary
1572053,ja,淫欲のコード 誘惑エンジェル危機一発,"The story takes place in the near future. Bun, who works in the sex industry, brings home a stray sex doll named Fran, who seems to have a secret. Fran is being chased by Anna, so Bun and his fellow sex workers Minato and Hana try to protect Fran, but...",1.3819999694824219,2025-10-31,Inyoku no kōdo yuwaku enjeru kiki ippatsu,0.0,0,https://image.tmdb.org/t/p/w342/bsF0LZMO2T4LnDV2XI2cPMDABfc.jpg,https://image.tmdb.org/t/p/w780/tbjoe60V4A0lRd0uW6YqEJQUXgn.jpg,2025,10,high,,[],
1424906,en,ONE KLICK,"Horror strikes three friends on a desert hike when they are hunted by an unseen foe...  Releasing November 16, 2025  Instagram: @oneklickfilm",1.368899941444397,2025-11-16,ONE KLICK,0.0,0,https://image.tmdb.org/t/p/w342/rsL5yxmQUWkl2DPFHMlil0Kzjrn.jpg,https://image.tmdb.org/t/p/w780/uAZNo2jml8AFdNX4mL1RQiFvktH.jpg,2025,11,high,,"['Horror', 'Thriller', 'Action']","Horror, Thriller, Action"
874192,en,The Christmas Campaign,"Kayleigh Brooks is a driven, no-nonsense digital advertising executive who thrives on competition, while her counterpart Darren Morgan is a laid-back strategist with a creative flair. Their boss Monique puts them together to come up with a fun and festive spin on a holiday sales pitch for their top client, Santa’s Pajamas. Sparks fly—not only in the office but in their rivalry to nail the pitch. Kayleigh wants it all, and Alex is determined to win—no matter the cost. As they battle it out, their personal lives collide with their professional ambitions, and neither expects that the key to success might just be each other. From a Christmas Toy Drive to a family dinner full of surprises where Kayleigh introduces Darren to Denise, her mom, the two clash and connect in a series of moments that are both funny and heartfelt. But when their competition turns into something more, will their growing feelings for each other survive the pressure?",1.3668999671936035,2025-11-29,The Christmas Campaign,0.0,0,https://image.tmdb.org/t/p/w342,https://image.tmdb.org/t/p/w780,2025,11,high,,"['TV Movie', 'Comedy', 'Romance']","TV Movie, Comedy, Romance"
1277882,fr,Les enfants vont bien,"When Jeanne, a meticulous insurance assessor, is suddenly left to care for her estranged sister’s two children after their mother vanishes, her carefully ordered life begins to unravel. Confronted with unexpected responsibilities, she must balance the fragile task of earning the children’s trust while also tending to her own relationship with her girlfriend, who struggles to adjust to Jeanne’s new role. As grief, uncertainty, and shifting loyalties mount, Jeanne finds herself redefining what family and love truly mean.",1.364799976348877,2025-12-03,Out of Love,0.0,0,https://image.tmdb.org/t/p/w342/fuiCmgpiPwo3VYfhqBkT3Ar8YXH.jpg,https://image.tmdb.org/t/p/w780/fZmL1q8PMwdI6WEuXzj14On7QAa.jpg,2025,12,high,,['Drama'],Drama
1543803,sv,Ansiktet,"Mia tries to break up with Tim, but isn't honest about her feelings. Instead she lets a sock puppet do the talking. But at night, the reason why she's afraid of being blunt is made apparent when Tim's true face, the way only she sees him, is revealed.",1.3575999736785889,2025-11-15,The Face,0.0,0,https://image.tmdb.org/t/p/w342/7jSGjSKiIqrw5PTfXqaZD2ShXVF.jpg,https://image.tmdb.org/t/p/w780/1RxBuurKdVSG2vMkxoS7hNxQ3uG.jpg,2025,11,high,,"['Comedy', 'Horror']","Comedy, Horror"
1420270,id,Keadilan,"Raka, a court security officer, and his pregnant wife, Nina, celebrate her success in passing the bar exam. But their joyous celebration is shattered when Nina is found brutally murdered. As the trial spirals towards an unjust outcome, Raka resolves to overturn the corrupt verdict and seek justice for his late wife.",1.3464000225067139,2025-11-20,The Verdict,0.0,0,https://image.tmdb.org/t/p/w342/l2d2mFW6tFwdqtoI4iEOjT5ffAz.jpg,https://image.tmdb.org/t/p/w780/9IAJbkT8dGfE32xzPlRs4iIczLB.jpg,2025,11,high,,"['Action', 'Crime', 'Drama', 'Thriller']","Action, Crime, Drama, Thriller"
483766,en,Throbbin' 84,"The year in 1984. A self styled back street career criminal  in the exploding world of video production begins to take over the streets with his gang of punks. On the case cops, Davidson and Reynolds discover an intricate underground world of queer punks, gender benders, and an ex Top Dog prisoner with a secret.",1.3401999473571777,2025-11-17,Throbbin' 84,0.0,0,https://image.tmdb.org/t/p/w342/9ZlAhhyN2fMksemfbsS5eQiWCGl.jpg,https://image.tmdb.org/t/p/w780,2025,11,high,,"['Action', 'Comedy']","Action, Comedy"
1559428,zh,入學許可,"Every parent wants to secure the best possible future for their child. For Sun and Li, that means getting their six-year-old son, Yu, admitted to an elite international school. However, after the interview, whispers of rejection emerge, prompting the couple to meet with their trusted ""helpers"" – a board member and an admissions agent – in a hotel room to find out who is to blame. As suspicion mounts, hidden motives and quiet frustrations begin to surface, revealing that the school admission process is merely a reflection of deeper anxieties concerning success, security and self-worth.",1.3395999670028687,2025-11-15,Admission,0.0,0,https://image.tmdb.org/t/p/w342/zEDUwUQ81tJXCdNU5Vmyj2GkZCV.jpg,https://image.tmdb.org/t/p/w780/5w9XJNZkK5rayZYZ2uSWwVCte8i.jpg,2025,11,high,,['Drama'],Drama
1537084,en,Three Wisest Men,"Luke is expecting twins, Taylor is debating a life-changing job, and Stephan is planning a wedding — all while their mom is planning to put the family home up for sale.",1.336400032043457,2025-11-15,Three Wisest Men,0.0,0,https://image.tmdb.org/t/p/w342/yTMNjavrgr6BrYSb3BN7gRXPBcV.jpg,https://image.tmdb.org/t/p/w780/elepOKWDoaHMKJPuOL0LAl1XXpp.jpg,2025,11,high,,"['Romance', 'Comedy']","Romance, Comedy"
1082900,no,Elskling,"Maria finds herself at a crossroads when her husband suddenly announces that he wants to end their relationship. She must either let her whole world come crashing down, or come to terms with the life she has and find a way forward.",1.330299973487854,2024-09-19,Loveable,7.199999809265137,37,https://image.tmdb.org/t/p/w342/3g1ikwXdRC3PoVHSoH8JM97G0jx.jpg,https://image.tmdb.org/t/p/w780/sY44GAYod3VSUEVJYSgJiHvIQvE.jpg,2024,9,high,good,"['Drama', 'Romance']","Drama, Romance"
1564155,hr,Traje veliko finale,"After a chainsaw is stolen from his ill father, Toni must face the harsh truths and fears regarding his father's physical and mental state.",1.3233000040054321,2025-11-14,The Grand Finale Is Still Going,0.0,0,https://image.tmdb.org/t/p/w342/1mvmZZnI3NIuBaroB0xLZOOHgGY.jpg,https://image.tmdb.org/t/p/w780,2025,11,high,,['Drama'],Drama
1480596,it,Oi vita mia,"Pio runs a rehabilitation center for young people, Amedeo a nursing home.",1.323199987411499,2025-11-27,Oi vita mia,0.0,0,https://image.tmdb.org/t/p/w342/xbBW4jBZHLMclWn9D6Dfbp8ymMI.jpg,https://image.tmdb.org/t/p/w780/kz7iMc4u9x0i3KCfIu7vnWOYo84.jpg,2025,11,high,,['Comedy'],Comedy
1274163,en,Time Travel Is Dangerous!,"Best friends Ruth and Megan run a vintage shop in North London. One day, their lives are forever turned upside down when an abandoned time machine appears outside their shop. Mixing reality with fantasy, we explore the strange and outlandish world of The Unreason, as the girls traverse space and time sourcing items to sell.",1.3020999431610107,2025-03-28,Time Travel Is Dangerous!,5.400000095367432,5,https://image.tmdb.org/t/p/w342/uwEVch0nMz9bsAaeX9YZHgBuF4W.jpg,https://image.tmdb.org/t/p/w780/kKazf4vcLGDoJw0ZlRgVAsOu1QR.jpg,2025,3,high,average,"['Science Fiction', 'Fantasy', 'Comedy']","Science Fiction, Fantasy, Comedy"
1552559,fr,Vache folle,"In a remote Jura village, Cédric, a broken young father, tries to win back his daughter from a violent rival. Surrounded by silence and cows, haunted by his past, he makes desperate choices that pull them all into a downward spiral.",1.3014999628067017,2025-11-17,Vache folle,0.0,0,https://image.tmdb.org/t/p/w342/uXRoG6gaUU45wI6CTdlrLpotxdY.jpg,https://image.tmdb.org/t/p/w780/jZnUP8DdSW4WiLuhaeD9uNVaF3L.jpg,2025,11,high,,['Drama'],Drama
1565552,ko,몬스타엑스 : 커넥트엑스 인 시네마,"In July 2025, MONSTA X set the KSPO DOME ablaze over three unforgettable days with their show 2025 MONSTA X CONNECT X. From the powerful live band session and a setlist packed with spectacular performances, to never-before-seen behind-the-scenes footage of the preparation process, and exclusive, heartfelt interviews where the members reflect on their intense 10-year journey—this film captures it all. A chronicle of a decade-long story written together by MONSTA X and MONBEBE.",1.3013999462127686,2025-12-03,MONSTA X : CONNECT X IN CINEMAS,0.0,0,https://image.tmdb.org/t/p/w342/48oi07Yc87mUGiXroVsmLBmZRls.jpg,https://image.tmdb.org/t/p/w780,2025,12,high,,"['Music', 'Documentary']","Music, Documentary"
1160624,sr,За данас толико,"By baking his favorite dessert – coconut cubes, the siblings manage to lure their eldest brother back home. Time seems to cease to exist, and a tale of happy people unfolds. Seemingly ordinary summer days turn extraordinary. In love with life, they elevate reality above the ground, dispersing any and all dark clouds with their joyous spirit.",1.2943999767303467,2024-03-01,That's It for Today,8.300000190734863,3,https://image.tmdb.org/t/p/w342/lwMviSok7mbx3msNbNPKqMuDEnm.jpg,https://image.tmdb.org/t/p/w780/fk9yvxzTYDBZRiBpoKgrwjSbigQ.jpg,2024,3,high,good,['Drama'],Drama
1475372,id,Shutter,"Darwin, a senior photographer who consistently uses a manual camera, is shocked to discover the appearance of a woman's shadow in every photo he takes. Soon, the woman's figure appears in real life, terrorizing him. Pia, Darwin's girlfriend, decides to investigate the woman's identity. It turns out the woman is Lilies, an outstanding student who once studied at their university. When Darwin's friends die one by one, Pia is convinced this is related to a 'sin' Darwin committed in the past.",1.2755999565124512,2025-10-30,Shutter,6.800000190734863,2,https://image.tmdb.org/t/p/w342/7GXs0b8ZyeZ5tTajITMMO0aZX4J.jpg,https://image.tmdb.org/t/p/w780/ey31jdHYSf30Es3VLYTjZJEWGde.jpg,2025,10,high,average,"['Horror', 'Mystery', 'Thriller']","Horror, Mystery, Thriller"
1314448,ko,쥬라기캅스 극장판: 전설의 고대생물을 찾아라,,1.2730000019073486,2024-08-15,Jurassic Cops the Movie: The Search for Legendary Ancient Creatures,0.0,0,https://image.tmdb.org/t/p/w342/umwS08PAByehgTAULIroIQE4ng3.jpg,https://image.tmdb.org/t/p/w780,2024,8,high,,"['Animation', 'Adventure', 'Fantasy', 'Science Fiction']","Animation, Adventure, Fantasy, Science Fiction"
1567799,fa,قصه بر یاد است,"“There were so many of us, but when it all ended, each of us went our own way.” We see footage of the Green Movement, a wave of protests in Iran that began in the summer of 2009, in response to the presidential election fraud in favor of the incumbent president Mahmoud Ahmadinejad. We see the chaos, the solidarity among the people, and the amazement too: that this is possible, that this is actually happening. Shaky handheld images capture both the energy of the crowd and the panic when shots suddenly ring out. Meanwhile, a voice-over calmly recounts what happened to the people we see.",1.2725000381469727,2025-11-13,As I Lay Dying,0.0,0,https://image.tmdb.org/t/p/w342,https://image.tmdb.org/t/p/w780,2025,11,high,,['Documentary'],Documentary
1194903,ko,최초의 기억,"Actors and film students Geum-joo and Dong-geun descend on Muju, the hometown of their classmate Min-ju. Their task is to create the ""first memory"" of the person the play--the memory that has been kept in the character's mind for the longest time, the memory that has become the character's unconscious.",1.2674000263214111,2025-11-12,The Initial Memories,0.0,0,https://image.tmdb.org/t/p/w342/stb1PociHNhmnatJ6fd0LTASuCB.jpg,https://image.tmdb.org/t/p/w780/2XffnTQHNpnjT7SQo4adMgZgd8j.jpg,2025,11,high,,['Drama'],Drama
1326090,ko,멀고도 가까운,"Jun-ho brings up his ex Yeon-joo to Dong-seok, the guest. He fell in love with her at first sight, who looked like his ex Su-jeong, and suddenly disappeared. A few days later, the police came and said Yeon-ju died in front of the bar, adding that they interrogated him. Dong-seok confides to Jun-ho that Yeon-ju is actually his girlfriend, and today is the 49th day since she died. Eun-young asks Jun-ho about most memorable moment. Junho realizes that Yeon-ju was actually a fantasy and Eun-young was a real-life Yeon-ju.",1.2496000528335571,2025-12-03,So Far So Close,0.0,0,https://image.tmdb.org/t/p/w342/7e8ZqOj3z3bVRbJ5dskbp5mDMLC.jpg,https://image.tmdb.org/t/p/w780/6coA936bfEf0eyYuM63MH8aecRr.jpg,2025,12,high,,"['Drama', 'Romance', 'Mystery', 'Fantasy']","Drama, Romance, Mystery, Fantasy"
999689,cn,眾生相,A gay man impersonates men he has had sex with and brings this new persona with him to his next hook-up. Only by pretending to be someone else can he be truly himself.,1.2454999685287476,2025-11-26,Queerpanorama,0.0,0,https://image.tmdb.org/t/p/w342/7v5AqhHdRdozh2IAJj4hYSqu9nz.jpg,https://image.tmdb.org/t/p/w780/iRAW8WhFd1XOEEwAdZ0dZfpWURq.jpg,2025,11,high,,['Drama'],Drama
1091196,fr,On vous croit,"Today, Alice stands before a judge, knowing there is no room for error. She must speak up for her children, as her custody is being called into question. Can she protect them from their father before it is too late?",1.2384999990463257,2025-11-12,We Believe You,0.0,0,https://image.tmdb.org/t/p/w342/AiIsEnduSOXvTclU8MkyGtJdxWg.jpg,https://image.tmdb.org/t/p/w780/htutNBw9Se1FuOZgWgQJaAIVhW5.jpg,2025,11,high,,['Drama'],Drama
1181315,de,Maria Mutter Gottes,"White crosses, taped over mouths, screaming protesters. Since the death of her father, teenager Marie is regularly taken to anti-abortion protests by her dogmatic mother. Then Marie accidentally becomes pregnant herself. In the midst of a family still overshadowed by trauma, Marie struggles with the decision for or against an abortion. Together with her sister Lola, she fights to find her own voice.",1.2383999824523926,2025-11-13,"Mary, Mother of God",0.0,0,https://image.tmdb.org/t/p/w342/hyzBrjuRuk22L9CvkCzGiagtAAC.jpg,https://image.tmdb.org/t/p/w780,2025,11,high,,['Drama'],Drama
1537528,fr,Renaître,"After the death of her young actor husband, Rose, a 60-year-old artist, tries to overcome her grief with the help of her gay friend Ivan. He introduces her to ""hot guys"" just as she likes them, hoping to revive her taste for life. First off is Rémi, a homeless ex-teacher, then Omar, an undocumented, street living, dancer ready to do anything to get by... With Renaître, Remi Lange, surrounded by a group of friends, offers us a tender and simple film, camp and borderline, a film that navigates between moments of sadness, pleasure, fun and happiness. Queer and cheap but already a cult classic!",1.2232999801635742,2025-11-26,Renaître,0.0,0,https://image.tmdb.org/t/p/w342/bd6jdxGBu2RZelp5IOvKCNy1Jh7.jpg,https://image.tmdb.org/t/p/w780/LDgVyo5yDFIAh36jG09iuRGLjV.jpg,2025,11,high,,"['Comedy', 'Drama']","Comedy, Drama"
1555189,fr,Les Furies,"Waterloo will now have its own semi-pro men's hockey team, thus expelling the amateur women's leagues from the arena. To avenge their lost ice time, an impulsive hockey player and a ruthless octogenarian—a former derby champion—have a plan: recruit the city's disenfranchised and form an underground roller derby team. With the help of the Women's Club, they will prove that women's sports can also inspire crowds and that sisterhood is the ultimate act of resistance.",1.2207000255584717,2025-11-28,The Furies,0.0,0,https://image.tmdb.org/t/p/w342/cp4yXKSD5qLzofHffUkt0aWMbQC.jpg,https://image.tmdb.org/t/p/w780/qrCRVtRqbAJIuab3MOIRLz9bZRB.jpg,2025,11,high,,['Comedy'],Comedy
1563486,zh,祝你下輩子開心,,1.2177000045776367,2025-11-16,祝你下輩子開心,0.0,0,https://image.tmdb.org/t/p/w342/1recEwYIai4oBJuVrf5fbU8IKYA.jpg,https://image.tmdb.org/t/p/w780/9foPP8FKildmVFBCkW98EdYlvhX.jpg,2025,11,high,,['TV Movie'],TV Movie
1263189,ko,통잠,"Ji-yeon and Do-jin are exhausted from years of IVF treatment. They don't remember what life was like before. She continues to experience the pain of separation from a child she has never met. Do-jin is worried about her health and wants her to quit, but she can't. ""Why can't I be a mother?"" She won't give up.",1.2130999565124512,2025-02-28,Deprivation,0.0,0,https://image.tmdb.org/t/p/w342/3HcVAQBrn6Bk0Gjalw2k2v5257h.jpg,https://image.tmdb.org/t/p/w780/3iSNe3zVH9h1XX0TmU6BaHRjJAp.jpg,2025,2,high,,['Drama'],Drama
1455686,de,Mission Santa - Ein Elf rettet Weihnachten,"An underdog elf, driven by his unwavering passion for the holidays, becomes the North Pole's only hope of saving Christmas from a vengeful hacker.",1.208299994468689,2025-11-06,Mission Santa: Yoyo to the Rescue,5.0,1,https://image.tmdb.org/t/p/w342/t0OORtaTEQGbkATnR0Qfa5t4wgP.jpg,https://image.tmdb.org/t/p/w780/4AX0SJKG1aA2PMaixK6mOoOKEfx.jpg,2025,11,high,poor,"['Animation', 'Family', 'Adventure']","Animation, Family, Adventure"
1574355,zh,棋拳風暴,,1.207200050354004,2025-11-13,Hybrid Storm,0.0,0,https://image.tmdb.org/t/p/w342/xtqbMYyuGc9BSzJMdhcfuKsP1hx.jpg,https://image.tmdb.org/t/p/w780,2025,11,high,,['Crime'],Crime
1494406,hi,कैसी ये पहेली,"In a sleepy hill town in northeast India, a lonely mother tries to reconnect with her estranged policeman son by channeling her inner detective to help him solve a murder.",1.2031999826431274,2025-11-28,Kaisi Ye Paheli,0.0,0,https://image.tmdb.org/t/p/w342/3Z9bXM0ZDsQgoFkeK9KI2cFaGJm.jpg,https://image.tmdb.org/t/p/w780/ekPOibFv4w9P7e6UNrYxQq4SDd7.jpg,2025,11,high,,"['Mystery', 'Thriller']","Mystery, Thriller"
1103437,en,Please Don't Feed the Children,"After a viral outbreak ravaged the country’s adult population, a group of orphans heads south in search of a new life, only to find themselves at the mercy of a deranged woman harboring a dangerous secret.",1.1959999799728394,2025-07-03,Please Don't Feed the Children,4.800000190734863,16,https://image.tmdb.org/t/p/w342/GoIIdrjmXo587L2s2mqgMFvBIs.jpg,https://image.tmdb.org/t/p/w780/myL6Cw9lkWY774kL4hcX0QB38aH.jpg,2025,7,high,poor,"['Horror', 'Thriller']","Horror, Thriller"
1514573,en,The Love Doctor,"A relationship coach helping others find holiday love faces his own healing after a breakup. Practice dates with shy client Emma spark real feelings, but ethical lines and a rival complicate their path.",1.1913000345230103,2025-11-14,The Love Doctor,0.0,0,https://image.tmdb.org/t/p/w342/7HrA7tKJZxHMyqgbDh6qSvDxw6u.jpg,https://image.tmdb.org/t/p/w780,2025,11,high,,"['Family', 'Romance']","Family, Romance"
1234733,ro,Cătun,A theatre director intends to make a revolutionary version of Hamlet. It all starts with finding the right actors and putting their lives in danger.,1.1907999515533447,2025-12-01,Hamlet,0.0,0,https://image.tmdb.org/t/p/w342/btScQdFoFZuQlNcaVBeoFKMhLkD.jpg,https://image.tmdb.org/t/p/w780,2025,12,high,,"['Horror', 'Thriller']","Horror, Thriller"
1530623,en,3 Cold Dishes,"Three women from Nigeria, Côte d'Ivoire and Benin reunite seventeen years after surviving sex trafficking to dismantle the powerful men behind their pain. From the streets of Lagos to the shadows of Abidjan and Cotonou, they execute a cold, calculated mission — each move sharpened by trauma, sisterhood and strategy. What begins as vengeance becomes a fight for identity, justice and survival in a world that never expected them to rise.",1.1796000003814697,2025-11-07,3 Cold Dishes,8.0,1,https://image.tmdb.org/t/p/w342/pk7rimWb5oXBJKtVMIGsgSr5ZDP.jpg,https://image.tmdb.org/t/p/w780/koSpkUKtrldok9dRWSygB96xD7Z.jpg,2025,11,high,good,"['Action', 'Thriller', 'Drama', 'Crime']","Action, Thriller, Drama, Crime"
1552367,en,The Spirit of Christmas Station,"With a Christmas deadline looming, literary editor Isabell retreats to her family's cabin in a quaint town where she spent her holidays as a little girl. Finding the town in a slump, the inspiration she is looking for comes from a local rancher who helps her both revive the annual Christmas Festival and discover the ending to her own story.",1.1748000383377075,2025-11-27,The Spirit of Christmas Station,0.0,0,https://image.tmdb.org/t/p/w342/fsOftuLf25jxBR0okvMOgOdYL03.jpg,https://image.tmdb.org/t/p/w780/zRQfuwnTPcOfEfKHyc47JHjejo8.jpg,2025,11,high,,['Romance'],Romance
1559443,el,Elena's Shift,"Elena, a Romanian single mother in Athens, dreams of a better future and a sense of belonging she has long been denied. When she is unjustly fired, her fragile world collapses, and her long-suppressed activist spirit awakens. Determined to seek justice, she turns to Yota, a charismatic lawyer, and discovers a bond that rekindles her desire to live, to open her heart, and to raise her head with dignity. As Elena confronts systemic injustice and fights to reclaim her voice, she will have to courageously decide what matters most: her family, her ideals, or the chance to love again.",1.173200011253357,2025-11-15,Elena's Shift,0.0,0,https://image.tmdb.org/t/p/w342/d4jCpngRKg53k5clTHtODyJbhaX.jpg,https://image.tmdb.org/t/p/w780/q7EdkdccyCXjwGsvmqYLZdeUPyp.jpg,2025,11,high,,['Drama'],Drama
1216103,en,Out Come the Wolves,"At a cabin deep in the wilderness, a weekend of hunting turns to mayhem and a fight for survival when a pack of wolves attack a man, his female best friend and her fiance.",1.173200011253357,2024-08-30,Out Come the Wolves,5.5,50,https://image.tmdb.org/t/p/w342/kDijoX2DQlymtUL44lCxJ1JLsGL.jpg,https://image.tmdb.org/t/p/w780/wtd9gdvK36y2D3yAAchArknbIQu.jpg,2024,8,high,average,"['Thriller', 'Horror', 'Action']","Thriller, Horror, Action"
1455066,fr,Nervures,"In Saint-Étienne, an old forested village, a young woman unravels the mystery surrounding her father's sudden death. As strange incidents multiply around her, what she discovers is even more sinister and horrifying than anything she could have imagined.",1.1611000299453735,2025-11-17,Veins,0.0,0,https://image.tmdb.org/t/p/w342/uNRJVE7SuukazZl3ZZnU87OW7Gr.jpg,https://image.tmdb.org/t/p/w780/g1P3SiJPWrhsxWqPmIKeQG2qRL2.jpg,2025,11,high,,"['Drama', 'Fantasy', 'Thriller']","Drama, Fantasy, Thriller"
1404703,es,Al borde del volcán,"Two middle-aged couples travel together to a remote island as one of them is trying to fix their marriage. As bad news arrive from inland, the world around them begins to collapse and their relationships will soon follow suit.",1.1552000045776367,2025-09-01,At the Edge of the Volcano,0.0,0,https://image.tmdb.org/t/p/w342/hE8TPXR6C6OEv8AxyqK2dewgceP.jpg,https://image.tmdb.org/t/p/w780,2025,9,high,,['Drama'],Drama
1478146,ga,Grá Ciúin,"In this intimate film, three Deaf couples share their remarkable love stories through Irish Sign Language: a decades-long forbidden romance across a religious divide, an LGBTQI+ couple navigating parenthood with Deaf and hearing children, and a Deaf boxer and his hearing partner facing a life-altering choice.",1.1523000001907349,2025-11-21,A Quiet Love,0.0,0,https://image.tmdb.org/t/p/w342/xaCSlKkFFDdl6LDWILZgNeSi4jI.jpg,https://image.tmdb.org/t/p/w780,2025,11,high,,['Documentary'],Documentary
1477429,de,Make Me Feel,,1.1505999565124512,2025-11-13,Make Me Feel,0.0,0,https://image.tmdb.org/t/p/w342/m7RcPY97dIdfjeQngD3Jfppoxpx.jpg,https://image.tmdb.org/t/p/w780/8gWAOApRX0L7WJTdtsKBGdjIr1o.jpg,2025,11,high,,"['Drama', 'Romance', 'Fantasy']","Drama, Romance, Fantasy"
1526432,en,AEW Full Gear 2025,"AEW Full Gear 2025 was a professional wrestling pay-per-view event produced by All Elite Wrestling that took place on November 22, 2025 at the Prudential Center in Newark, New Jersey, and was headlined by Adam Page (c) vs. Samoa Joe for the AEW World Championship.",1.1471999883651733,2025-11-22,AEW Full Gear 2025,0.0,0,https://image.tmdb.org/t/p/w342,https://image.tmdb.org/t/p/w780/7YuPQMU7wOp9jsiiTv2BKxz5Olz.jpg,2025,11,high,,[],
1489674,ar,السادة الافاضل,"After the death of their father, Galal, the Abu El Fadl family's peaceful life collapses. The eldest son, Tarek, finds himself responsible for everything, while Hegazy returns from Cairo to discover that dealing with his patients is much easier than dealing with his own family. Matters become further complicated with the appearance of the mysterious man, Samir Italia, who demands a large sum of money from the family. Between the father's debts and suspicious artifacts, the brothers' attempts at reconciliation turn into a series of disasters that only make matters worse.",1.1466000080108643,2025-10-22,The Gentlemen,0.0,0,https://image.tmdb.org/t/p/w342/8LjhxTjblaE17VQSbKwNNvhXYc.jpg,https://image.tmdb.org/t/p/w780/dl4fdlxZPvkiCyMtSqDa8HAtkSf.jpg,2025,10,high,,"['Comedy', 'Drama']","Comedy, Drama"
1164559,zh,失樂園,"At Home of Happiness, a devoted social worker struggles to reform troubled youth while the institution falls into crisis. A bullied boy clings to his late mother’s teddy bear as his world collapses. A former resident, lured into a telecom scam, faces a moral dilemma that threatens his life. Across different paths, each must confront the scars of the past and decide whether to fall into darkness or fight for a way forward.",1.1418999433517456,2025-11-17,That Burning House,0.0,0,https://image.tmdb.org/t/p/w342/g3G1IAZdLTkpGhuc7IWexWx89hp.jpg,https://image.tmdb.org/t/p/w780/xiPbkif6kNzCUgyID9PTTF9R30J.jpg,2025,11,high,,"['Drama', 'Crime', 'Thriller']","Drama, Crime, Thriller"
1106243,bn,Deep Fridge,"In ""Deep Fridge"" both Swarnava (Abir) and Mili (Tnusree) are victims of this vicious, prejudiced idea of a perfectly happy marriage. Will they be able to seek closure post their divorce and see things with more clarity in an effort to build a guilt free future for both of them separately which is fair to their only child Tatai.",1.1416000127792358,2025-11-21,Deep Fridge,0.0,0,https://image.tmdb.org/t/p/w342/2FAYP1pzcTfSe2Xr5o2xcLhdoCm.jpg,https://image.tmdb.org/t/p/w780,2025,11,high,,['Drama'],Drama
1441563,en,My Secret Santa,"A vivacious single-mom in need of a job decides to disguise herself as a man in order to get hired as the seasonal Santa at a luxury ski resort. But when she starts to fall in love with the hotel manager, complications develop that could ruin everything.",1.1390999555587769,2025-12-03,My Secret Santa,0.0,0,https://image.tmdb.org/t/p/w342/a1ElufTHnBkFL6kpkm9PTcUg9n.jpg,https://image.tmdb.org/t/p/w780/bXZcSDQoyXlzzUw9qxjZjiUSYov.jpg,2025,12,high,,"['Comedy', 'Romance']","Comedy, Romance"
1106243,bn,Deep Fridge,"In ""Deep Fridge"" both Swarnava (Abir) and Mili (Tnusree) are victims of this vicious, prejudiced idea of a perfectly happy marriage. Will they be able to seek closure post their divorce and see things with more clarity in an effort to build a guilt free future for both of them separately which is fair to their only child Tatai.",1.1416000127792358,2025-11-21,Deep Fridge,0.0,0,https://image.tmdb.org/t/p/w342/2FAYP1pzcTfSe2Xr5o2xcLhdoCm.jpg,https://image.tmdb.org/t/p/w780,2025,11,high,,['Drama'],Drama
1441563,en,My Secret Santa,"A vivacious single-mom in need of a job decides to disguise herself as a man in order to get hired as the seasonal Santa at a luxury ski resort. But when she starts to fall in love with the hotel manager, complications develop that could ruin everything.",1.1390999555587769,2025-12-03,My Secret Santa,0.0,0,https://image.tmdb.org/t/p/w342/a1ElufTHnBkFL6kpkm9PTcUg9n.jpg,https://image.tmdb.org/t/p/w780/bXZcSDQoyXlzzUw9qxjZjiUSYov.jpg,2025,12,high,,"['Comedy', 'Romance']","Comedy, Romance"
1523438,pt,A Árvore do Conhecimento,"Gaspard, a teenager from the suburbs of Lisbon, falls into the hands of the Ogre, a man who has made a pact with the Devil. The Ogre uses the boy to attract tourists, whom he transforms into animals and then kills. Gaspard escapes with a donkey and a dog that he has grown fond of, and in an enchanted manor, he meets the spirit of Queen D. Maria I.",1.1339999437332153,2025-11-19,The Tree of Knowledge,0.0,0,https://image.tmdb.org/t/p/w342/qzgJ1B8jMmClRPHYi2Pb8LXbe2.jpg,https://image.tmdb.org/t/p/w780,2025,11,high,,"['Comedy', 'Drama']","Comedy, Drama"
1340179,es,La virgen silenciosa,"Valeria lives trapped under her mother's control and the routine of her job at a court in Mexico City. Her life changes radically when she meets Tania, who will lead her to challenge her mother's authority and the injustices surrounding her.",1.1295000314712524,2025-11-15,The Silent Virgin,0.0,0,https://image.tmdb.org/t/p/w342,https://image.tmdb.org/t/p/w780/xkUuXxfJaU2cHTbUCUu7rIwN8k2.jpg,2025,11,high,,['Drama'],Drama
1450420,ko,맨홀,"When Sun-oh's abusive father dies while on duty as a firefighter, he feels a sense of liberation. As he dreams of a new life, his mother and sister seem to have forgotten the violence they endured. Confused, Sun-oh falls in with delinquent friends and starts his first relationship hoping to leave his father behind. However, at his father's memorial ceremony, Sun-oh shatters as his mother and sister speak of forgiveness.",1.1243000030517578,2025-11-19,Hideaway,0.0,0,https://image.tmdb.org/t/p/w342/AsB6zfqJhwNMhbbi2bp9PYdLIjh.jpg,https://image.tmdb.org/t/p/w780/kQebp00R0eN3KH8vPzeMuFnIrbL.jpg,2025,11,high,,['Drama'],Drama
1546001,en,The More the Merrier,"An overwhelmed doctor is left to look after and care for three very pregnant women by herself during a storm on Christmas Eve, until she is joined by an intriguing colleague.",1.1240999698638916,2025-11-28,The More the Merrier,0.0,0,https://image.tmdb.org/t/p/w342,https://image.tmdb.org/t/p/w780,2025,11,high,,['Romance'],Romance
676679,ca,L’Olívia i el terratrèmol invisible,"Olivia, a 12-year-old middle class girl, is forced to reorganize her basic needs when her family (mother, little brother and herself) is evicted and forced to live in a squatted apartment on the edge of the big city, in a rough neighborhood. Her mother can no longer bear the situation and falls in a depression, so Olivia has to replace her. It means caring for her brother and her own mother, while dealing with the feeling of an emotional earthquake. But she is not alone, Olivia will make friends that will help her to see her own life from other points of view. Because things don’t always happen the way we want, but we can choose the way we live them.",1.1172000169754028,2025-11-21,Olivia and the Invisible Earthquake,0.0,0,https://image.tmdb.org/t/p/w342/zdCOH6JJcKU4GizjTmNnePCtWuV.jpg,https://image.tmdb.org/t/p/w780/c5gVFylacuoDuOpC7j6d6p0NRcd.jpg,2025,11,high,,"['Animation', 'Comedy', 'Drama', 'Family']","Animation, Comedy, Drama, Family"
1570327,en,A Wild West Christmas,,1.1164000034332275,2025-11-20,A Wild West Christmas,0.0,0,https://image.tmdb.org/t/p/w342/vKH39VsXiCZbZGgsgB5TXkTql3I.jpg,https://image.tmdb.org/t/p/w780/tOFHsDTeUGMz1FJnNKe0WjZUroz.jpg,2025,11,high,,"['TV Movie', 'Romance']","TV Movie, Romance"
1154728,fr,"Six jours, ce printemps-là","Despite adversity, Sana wants her twins to have a spring vacation, but all her plans fall through. They secretly decide to stay in her former in-laws' villa on the Riviera, without telling anyone. Six days of sunshine that mark the end of innocence.",1.1158000230789185,2025-11-12,Six Days in Spring,0.0,0,https://image.tmdb.org/t/p/w342/mKs3ijMcarpT5mGt3hb7xjZz9Uu.jpg,https://image.tmdb.org/t/p/w780/czRC2JxMzpSeNQaAtJ7hjlGO6Rp.jpg,2025,11,high,,"['Drama', 'Comedy']","Drama, Comedy"
1536860,id,Danyang Wingit Jumat Kliwon,"Ki Mangun Suroto, an ambitious puppeteer, seeks ancient knowledge for wealth and immortality. Citra, is recruited as a sinden but chosen as a sacrifice. Training hard to fund her sister treatment, Citra faces terrifying events.",1.107300043106079,2025-11-20,Danyang Wingit Jumat Kliwon,0.0,0,https://image.tmdb.org/t/p/w342/zfqkLz87kIdvj2kYV7yp2jLLMEr.jpg,https://image.tmdb.org/t/p/w780,2025,11,high,,['Horror'],Horror
1517117,it,Orfeo,"Since he was a child, Orpheus has imagined stories about an abandoned villa across the street from his house. A solitary and visionary pianist, during an evening at the Polypus — the club where he plays — he meets Eura’s gaze. An unconditional love blossoms between them, but she’s concealing a secret. Then she disappears. One evening, Orpheus sees her enter a small door on Via Saterna, in front of the villa. He follows her. Before the threshold, he encounters the Green Man, an enigmatic figure who seems to know the mysteries of that passageway. Once through the door, Orpheus enters a visionary afterlife...",1.1015000343322754,2025-11-27,Orfeo,0.0,0,https://image.tmdb.org/t/p/w342/is8ESjWqjdlGXV2VzVXUezVESYe.jpg,https://image.tmdb.org/t/p/w780/yDyMFnUSnHlQ7B1t0dVag07txpl.jpg,2025,11,high,,"['Drama', 'Romance', 'Fantasy', 'Animation']","Drama, Romance, Fantasy, Animation"
1199193,en,Turn Up the Sun,"A couple of artists arrive at a manor once frequented by royalty with a perfect plan. He is taking the trendy pictures for her new, chic pop album. It seems to be an ideal weekend, but then more people arrive at the mansion, and the game begins – a psychological game, for example.",1.1013000011444092,2025-11-12,Turn Up the Sun,0.0,0,https://image.tmdb.org/t/p/w342/2F31qg3phGhZSKQKFfAcXldmVYR.jpg,https://image.tmdb.org/t/p/w780/ydW1twZFNDrYTNPDf9N0SwkzBx.jpg,2025,11,high,,['Thriller'],Thriller
1294457,es,Singular,"Twelve years after the death of their son, Diana and Martín decide to reunite for a weekend at their old lake house. She is a specialist in Artificial Intelligence; he gave up his profession to live withdrawn from civilization. When an enigmatic young man bearing a mysterious resemblance to their deceased son appears at the house, old secrets and new suspicions come to light. The very existence of a future may depend on the family’s past.",1.0942000150680542,2025-11-28,Singular,0.0,0,https://image.tmdb.org/t/p/w342/igBlNfINXNv7A3e83eLkEyr6CMd.jpg,https://image.tmdb.org/t/p/w780,2025,11,high,,"['Thriller', 'Science Fiction']","Thriller, Science Fiction"
1546858,hi,Small Clouds,Two siblings escape into a world of adventure aboard a broken ship—until growing up starts to pull them apart.,1.093500018119812,2025-11-25,Small Clouds,0.0,0,https://image.tmdb.org/t/p/w342/AqrMEOuLlrEc9UBJxoIH14MAp7A.jpg,https://image.tmdb.org/t/p/w780/x8Ed28X1GEBpmj1XJBwWnucvM3i.jpg,2025,11,high,,['Drama'],Drama
1560817,en,The Spiritual Advisor,"Jeff Hood, a spiritual advisor to death row inmates, travels to Oklahoma in September 2024 to petition against the forthcoming execution of Emmanuel Littlejohn and to guide him to his death, if the state chooses to kill him.",1.0907000303268433,2025-11-16,The Spiritual Advisor,0.0,0,https://image.tmdb.org/t/p/w342,https://image.tmdb.org/t/p/w780/qh5Nd7KJWCoLH3KaGO1EwScuZlu.jpg,2025,11,high,,['Documentary'],Documentary
1257406,ru,Zwei Staatsanwälte,The film focuses on a young prosecutor who sets out to challenge a system during Stalin’s Great Terror in 1937 after discovering a letter from a prisoner that is a desperate plea for help.,1.0881999731063843,2025-10-03,Two Prosecutors,5.0,3,https://image.tmdb.org/t/p/w342/dU46ROG7HoP7biPtntaMTjkGbU6.jpg,https://image.tmdb.org/t/p/w780/3IZPY1mCgAKJTCvGVJv9ufyUz2f.jpg,2025,10,high,poor,"['Drama', 'History']","Drama, History"
1269278,ru,Колотун,"The Snegirev family is preparing to celebrate the New Year together for the last time, after which Anfisa and Igor will tell their son Roma about the divorce.",1.0825999975204468,2025-11-13,Колотун,0.0,0,https://image.tmdb.org/t/p/w342,https://image.tmdb.org/t/p/w780/24FUmJKSTFJyqacHckTU1MpCxff.jpg,2025,11,high,,"['Fantasy', 'Family', 'Adventure']","Fantasy, Family, Adventure"
1477541,en,Another Sweet Christmas,"When Sophie and Sam’s picture-perfect love story is transformed into a Christmas movie, their hometown of Waynesbridge, Washington, becomes a dazzling holiday film set. But as the spotlight grows brighter real-life challenges soon follow. As they navigate the pressures of expectation, will Sophie and Sam’s real-life wedding have to be re-written? Only they can answer the question every great love story faces: what lasts when the cameras stop rolling?",1.07669997215271,2025-11-30,Another Sweet Christmas,0.0,0,https://image.tmdb.org/t/p/w342/k7d4jV4dPcMzXo1RVZbbrClLFKX.jpg,https://image.tmdb.org/t/p/w780/hJJrAg33ay7Lcw7Ht3N0B7bBSFT.jpg,2025,11,high,,"['TV Movie', 'Comedy', 'Romance']","TV Movie, Comedy, Romance"
597398,lv,Projām,"After suffering a plane crash on a mysterious island, a young man embarks on an epic journey through forests, deserts and mountains trying to escape the shadow of a huge dark spirit.",1.0753999948501587,2019-11-15,Away,6.438000202178955,104,https://image.tmdb.org/t/p/w342/c59eplVELdwrUfGBUAZVin3HfaL.jpg,https://image.tmdb.org/t/p/w780/zcqdZcJJQjmL5cP2g5m7Akyu1Oh.jpg,2019,11,high,average,"['Animation', 'Drama', 'Adventure', 'Fantasy']","Animation, Drama, Adventure, Fantasy"
1448387,hi,2020 Delhi,"2020 Delhi, India's first one-shot feature, inspired by anti-CAA protests, the 2020 Delhi riots, and the conspiracies surrounding them, while also highlighting the plight of Hindu minorities in Pakistan and Bangladesh. a story of survival.",1.069200038909912,2025-11-14,2020 Delhi,0.0,0,https://image.tmdb.org/t/p/w342/y8TXtIXg2qkZ3uHipRu9O6s9EKQ.jpg,https://image.tmdb.org/t/p/w780,2025,11,high,,"['Thriller', 'Drama']","Thriller, Drama"
1570913,it,Eva,,1.0540000200271606,2025-11-26,Eva,0.0,0,https://image.tmdb.org/t/p/w342,https://image.tmdb.org/t/p/w780,2025,11,high,,[],
1426965,de,Sehnsucht in Sangerhausen,"Ursula and Neda, an East German waitress with a broken heart and an Iranian YouTuber with a broken arm, both feel trapped and lonely in their precarious lives. One summer evening, Ursula falls for a mysterious musician from the city, while Neda is convinced that she recognized an old friend from Tehran in an equally enigmatic street sweeper. The winding paths of chance draw the two women together on an unexpected ghost hunt in the mountains...",1.0508999824523926,2025-11-27,Phantoms of July,0.0,0,https://image.tmdb.org/t/p/w342/4HqQg0WxnTNxkil7Pg21HPknwtj.jpg,https://image.tmdb.org/t/p/w780/utBbZY6P0OjSjZbMB0ffm86Hbv5.jpg,2025,11,high,,"['Drama', 'Comedy']","Drama, Comedy"
1572493,ja,艶罪の家,"After divorcing her husband after he murdered the woman he was having an affair with, Reimi returns to her hometown and her family home. Her younger sister Mitsuki is missing, her father has passed away, and she lives alone in the house, with only her aunt as her only relative. Her former boyfriend, Tatsuo, is dating Kanna, a hostess, but he persistently pressures Reimi to get back together with him. Meanwhile, her estranged father's twin brother, Kazuo, appears in town. Reimi suspects that there may be some connection between her sister's disappearance and Kazuo's appearance... (R15+ version premiered at the OP PICTURES+ Festival 2025).",1.0460000038146973,2025-11-26,Enzai no ie,0.0,0,https://image.tmdb.org/t/p/w342,https://image.tmdb.org/t/p/w780/qT8oYiZsiHg2GI87MF3mMHQqn9.jpg,2025,11,high,,[],
1001268,fr,L'enfant Bélier,"Sara and Adam, and their two-year-old daughter, arrive in Belgium illegally, hoping to finally make their way on to England. Crammed together with other hopefuls in the back of a van, fear begins to prevail. Redouane has been a policeman for 20 years. Every night, he and his team hunt down smugglers throughout the busy motorway network. That night, when he and his partner try to force a van suspected of transporting migrants to stop, everything changes.",1.045300006866455,2025-11-27,L'enfant Bélier,0.0,0,https://image.tmdb.org/t/p/w342/fpjUBIM3j0d4QgHS3WNUXmQAW3X.jpg,https://image.tmdb.org/t/p/w780,2025,11,high,,['Drama'],Drama
1572816,ja,人妻怪談　淫欲むせび泣き,"When housewife Fumino wakes up in the middle of the night, she witnesses a mysterious woman in red clothing in her home. When she follows the woman's back, she sees her own back, and when she goes up the stairs, she sees her husband having sex with a woman who looks just like her.",1.0426000356674194,2025-08-01,Hitozuma kaidan inyoku musebinaki,0.0,0,https://image.tmdb.org/t/p/w342,https://image.tmdb.org/t/p/w780/r6XxF3LFaFgtJNtylRrk6ijy6oL.jpg,2025,8,high,,[],
1275025,nl,Out,"Tom and Ajani are outsiders in their small conservative village in The Netherlands. Together, they dream of freedom and a new life as film students in Amsterdam, where their relationship no longer has to be a secret. When they finally leave their old life in the countryside behind, they are confronted with the norms and social constructs of the big city that turn out to be completely different than what they imagined. While Ajani thrives in the Amsterdam queer scene, Tom struggles to find his place, putting a strain on their now public relationship. In this new world, freed from always being hated for who they are, who will they become?",1.0424000024795532,2024-10-10,Out,4.0,2,https://image.tmdb.org/t/p/w342/iV47uxdndvWBUMyuWNDKuj1Lzxw.jpg,https://image.tmdb.org/t/p/w780/yw6SM5ejlMGMfSp1SEnHvCBIVYb.jpg,2024,10,high,poor,['Drama'],Drama
1425233,te,Premante,Romantic thriller,1.0407999753952026,2025-11-21,Premante,0.0,0,https://image.tmdb.org/t/p/w342/vgaaEfy2FoNpoGlBwmYtY9Vsary.jpg,https://image.tmdb.org/t/p/w780,2025,11,high,,"['Romance', 'Thriller']","Romance, Thriller"
1400780,en,Come See Me in the Good Light,"In an intimate and joyful story of love in the face of loss, celebrated poets Andrea Gibson and Megan Falley find strength—and unexpected hilarity—in what might be their final year together.",1.0396000146865845,2025-11-14,Come See Me in the Good Light,0.0,0,https://image.tmdb.org/t/p/w342/uK8bZ7URrycMZpPo2yMwYHd9Ttu.jpg,https://image.tmdb.org/t/p/w780/x0FZZWBE7Sp5Vz5ncn4wb8JyG5c.jpg,2025,11,high,,['Documentary'],Documentary
1359685,es,El mal,"“El mal is basically a suspense story, where the audience senses that something disturbing is going to happen, but doesn't know how or when. But it also aims to get the viewer to question their own certainties, their capacity to love and to accept their own dark side.”",1.0334999561309814,2025-11-12,El mal,0.0,0,https://image.tmdb.org/t/p/w342/8RmEO655PT9AK7Q58hIAPmpLNLT.jpg,https://image.tmdb.org/t/p/w780,2025,11,high,,[],
1333141,en,Lesbian Space Princess,A space princess is thrust out of her sheltered life and into a galactic quest to save her bounty hunter ex-girlfriend from evil incel aliens.,1.0292999744415283,2025-09-11,Lesbian Space Princess,5.199999809265137,6,https://image.tmdb.org/t/p/w342/bmf6spk0WZ10lz4eAK95P1zRB4F.jpg,https://image.tmdb.org/t/p/w780/lFiBcRIstFjFROvCZ8LU4e5kSWi.jpg,2025,9,high,average,"['Animation', 'Comedy', 'Science Fiction']","Animation, Comedy, Science Fiction"
1341023,en,All This Time,"Trapped inside a gothic mansion in an endless time loop, Grace must unlock the secrets of the house, the enigmatic owner, and the previous night's party, to find any hope of escaping and returning to her normal life and young child.",1.0276999473571777,2025-11-13,All This Time,0.0,0,https://image.tmdb.org/t/p/w342/8X0NjhQUwBLQgWY0Qq6wwjLuYb.jpg,https://image.tmdb.org/t/p/w780,2025,11,high,,"['Thriller', 'Horror', 'Drama']","Thriller, Horror, Drama"
1433794,en,Lowland Kids,"As climate change erases the Louisiana coast, the last two teenagers on Isle de Jean Charles fight to stay on an island that's been in their family home for generations. Feature film continuation of a short of the same name.",1.0232000350952148,2025-11-27,Lowland Kids,0.0,0,https://image.tmdb.org/t/p/w342/6BECmQ0bD3dAoZeW1sMApafB9R5.jpg,https://image.tmdb.org/t/p/w780,2025,11,high,,['Documentary'],Documentary
1509573,tl,"Meet, Greet & Bye","A mother, who loves watching K-dramas, decides to stop her chemo treatment after losing hope of getting better. Her only dream before dying is to meet her ultimate K-drama idol, who is visiting Manila for a series of events. Her four children agree to work together with the condition that once their mother meets their idol, she will undergo therapy before her time runs out.",1.0121999979019165,2025-11-12,"Meet, Greet & Bye",0.0,0,https://image.tmdb.org/t/p/w342/7gEBNzmaTiBVG3g0eUDPU3kPbcc.jpg,https://image.tmdb.org/t/p/w780/iCUYNsFbNnbiUzOA7MeFOfV8DYX.jpg,2025,11,high,,['Drama'],Drama
1314278,ta,மாஸ்க்,,1.0119999647140503,2025-11-21,Mask,0.0,0,https://image.tmdb.org/t/p/w342/apEDL4eZ5xrEnFeQJvxST6Rm8Ub.jpg,https://image.tmdb.org/t/p/w780/wBIL8UN2i2UtxRwPRT05riwhEk2.jpg,2025,11,high,,"['Comedy', 'Crime', 'Thriller', 'Drama']","Comedy, Crime, Thriller, Drama"
1551587,da,Mulm,"When Jacob’s wife, Maja, is admitted to a psych ward with severe depression it sets them on a slow descent into a suburban nightmarish hell where Jacob must put his own beliefs and sanity on the line if he wants to save his family.",1.0118000507354736,2025-11-28,Murk,0.0,0,https://image.tmdb.org/t/p/w342/lVNBES5KT5AjenasBl2S5WxR4lH.jpg,https://image.tmdb.org/t/p/w780/ytm8afFFGO0ToxHFifiZ8RSdaUb.jpg,2025,11,high,,"['Horror', 'Drama']","Horror, Drama"
1279064,es,Después,"After the incomprehensible death of her only son Jorge, Carmen discovers that the relationship of deep friendship that they had developed after abandoning his father kept secrets. No one answers the mystery behind what could have been a suicide, but they draw a contradictory portrait that forces her to face her own blurred reflection.",0.9997000098228455,2024-06-14,Thereafter,0.0,0,https://image.tmdb.org/t/p/w342/4uqXZQGRIFnhrNxFMf6u2E4NFN9.jpg,https://image.tmdb.org/t/p/w780/joqAJMJQD0z7VZskHIVvxamRSXf.jpg,2024,6,high,,[],
1385432,de,Ich sterbe. Kommst du?,"In a hospice, 38-year-old Nadine confronts terminal cancer with raw anger and reluctant acceptance. Struggling to bid farewell to her young son Dexter and a life unfinished, she navigates the weight of mortality. Bonds with fellow patients, like the vibrant Marion, offer solace amid pain and humor. Through fleeting moments of joy and sorrow, Nadine learns to let go, finding peace in life’s fragile beauty. Inspired by real hospice experiences, Benjamin Kramme’s touching debut captures the emotional turbulence of dying and the enduring light of human connection.",0.9905999898910522,2025-11-13,Clouds are Made of Rain,0.0,0,https://image.tmdb.org/t/p/w342/go0Rd5cDWs3cF9rsJilkpzqCoj4.jpg,https://image.tmdb.org/t/p/w780/5NKebaX7zfJmVxaKXzDDrLMA8US.jpg,2025,11,high,,['Drama'],Drama
1534887,bn,দেরি হয়ে গেছে,"A lonely, retired police officer decides to travel. In his quest, he meets a lady, and they both search for life and love in their late 60s. They relive moments gone by, seeking to finally find their ""Happily Ever After."" Will they manage to do so?",0.9833999872207642,2025-11-21,Deri Hoye Geche,0.0,0,https://image.tmdb.org/t/p/w342,https://image.tmdb.org/t/p/w780,2025,11,high,,"['Romance', 'Drama', 'Thriller']","Romance, Drama, Thriller"
1558641,cs,Otcové,"In the early 20th century, in a rural village, Lída, a young housewife, is suddenly confronted with the emptiness of her marriage after the death of her illegitimate daughter. To grieve, she must confront her past and find the strength to forgive.",0.9824000000953674,2025-11-15,Fathers,0.0,0,https://image.tmdb.org/t/p/w342,https://image.tmdb.org/t/p/w780/ad4r6onxJm3pCxGULHmdomFkoDy.jpg,2025,11,high,,['Drama'],Drama
1360536,en,Think of England,"Six disparate souls are sent on a secret government mission to make propaganda porn films for the boys on the front, each one struggling under the weight of their own conscience in this war-torn world, and it's not about to get any easier.",0.9807000160217285,2025-11-14,Think of England,0.0,0,https://image.tmdb.org/t/p/w342/twZvQPpOnh1AjqrReCzOqvV1Cd2.jpg,https://image.tmdb.org/t/p/w780/p948hqZGHYDLXqKTKouiRagunhn.jpg,2025,11,high,,"['War', 'Comedy', 'History', 'Drama']","War, Comedy, History, Drama"
1566666,ta,மிடில் கிளாஸ்,,0.9718000292778015,2025-11-21,Middle Class,0.0,0,https://image.tmdb.org/t/p/w342/3cn1eQq4xhax9OBLxfyraCizGAp.jpg,https://image.tmdb.org/t/p/w780/4RIL0bV1asoJny0Wl6O838dp42X.jpg,2025,11,high,,"['Comedy', 'Drama']","Comedy, Drama"
1416188,lt,Danka,"Being an adult is hard. It's especially hard when you’re only fifteen. Danutė is the only ""adult"" in her family. Clearly, that’s far too complex a role for a teenager. Every day, she faces external limitations that restrict her potential. A child like that measures everything through the lens of survival and takes on responsibility as her only form of protection.",0.9686999917030334,2025-11-14,They Call Me Danka,0.0,0,https://image.tmdb.org/t/p/w342/8JQOespFuBmcIOUEZnkJvIIafS5.jpg,https://image.tmdb.org/t/p/w780/urKUv1cFAZiPUCJ8rGGxCqovgq9.jpg,2025,11,high,,['Drama'],Drama
1564676,it,BENETTON FORMULA,,0.9671000242233276,2025-11-14,BENETTON FORMULA,0.0,0,https://image.tmdb.org/t/p/w342,https://image.tmdb.org/t/p/w780,2025,11,high,,['Documentary'],Documentary
1378744,en,The Dinner Plan,"When he’s pressured into attending a dinner party hosted by his boss, a man who suffers from a rare food allergy must navigate the most stressful night of his life with one primary objective: just don’t throw up in front of everyone.",0.9613999724388123,2025-11-20,The Dinner Plan,0.0,0,https://image.tmdb.org/t/p/w342/x825USTfwaMTVfajVcvye83QKSq.jpg,https://image.tmdb.org/t/p/w780/aFPj44uawVfmgKXGv3En9J6ITt3.jpg,2025,11,high,,['Comedy'],Comedy
1309272,es,Todos los lados de la cama,"After decades without seeing each other, Javier and Carlota are furious when they discover that their children are planning to get married. Who at their age has a heteronormative and exclusive relationship in 2025 with all they have left to experience? Have they been taught nothing as parents?",0.9465000033378601,2025-11-14,Todos los lados de la cama,0.0,0,https://image.tmdb.org/t/p/w342/pd9eDBjYfNP7pjXMyrtUoCmnE0l.jpg,https://image.tmdb.org/t/p/w780/wsScQtRBNWQNuldi3NSH0ayhsQr.jpg,2025,11,high,,"['Comedy', 'Music']","Comedy, Music"
1208041,id,Perempuan Pembawa Sial,"Mirah, a woman shunned by her village after the mysterious deaths of men connected to her, seeks refuge in a Padang restaurant owned by Bana, who falls in love with her. As more men die, Mirah discovers she’s cursed by her stepsister Puti with the deadly “Bahu Laweyan” curse, which kills any man who becomes intimately involved with her. Fueled by revenge, Mirah plans to destroy Puti’s happiness by targeting her husband. Despite the deadly curse, Mirah and Bana craft their own tragic love story, choosing to be together no matter the consequences.",0.9401000142097473,2025-09-18,The Queen of Witchcraft,5.5,2,https://image.tmdb.org/t/p/w342/gtd0iEQq8mYD4zDw1hOp5cWVSkq.jpg,https://image.tmdb.org/t/p/w780/jXRiYAMOV4YgnMbHUzwDB3JQ8wX.jpg,2025,9,high,average,"['Drama', 'Horror']","Drama, Horror"
1568274,en,BUNKER TIME!,"BUNKER TIME! is a nuclear nightmare years in the making: In the early 60s - the height of the Cold War - TV personality 'Auntie Pearle' wrote, directed and starred in a public-access show that aimed to prepare children for the nuclear apocalypse. Deemed too disturbing to air, the show was buried for years; only now, in even MORE disturbing times, is Bunker Time! fit to be unleashed on the public.",0.939300000667572,2025-11-19,BUNKER TIME!,0.0,0,https://image.tmdb.org/t/p/w342/taDIOX8jKRldl2WXxqmRziihDSp.jpg,https://image.tmdb.org/t/p/w780/AhOpwEfpOBrZlaf1cwTBGohfSDo.jpg,2025,11,high,,[],
1515583,en,Dante's Inferni,"The Infernal journey through the first part of the afterlife, Hell, begins in a dark forest where Dante is threatened by three wild beasts. He's rescued by his hero Virgil at Beatrice's request. Virgil guides and protects Dante on his dark journey descending circle-by-circle and their subdivisions to the center of the Earth where Lucifer resides, and out into Purgatory.",0.9355999827384949,2025-11-24,Dante's Inferni,0.0,0,https://image.tmdb.org/t/p/w342/8hu1A7ovpLUDmcYmKZo89p08QFw.jpg,https://image.tmdb.org/t/p/w780/tVxFOWZuKcaMzkM8ZehoTZzKHIH.jpg,2025,11,high,,"['Adventure', 'Mystery', 'Fantasy']","Adventure, Mystery, Fantasy"
1313032,es,Ciudad sin sueño,"La Cañada Real, on the outskirts of Madrid, is one of the largest illegal shanty towns in Europe. Tonino, a 15-year-old Roma boy, has always lived here with his family. With his best friend Bilal, they film the world around them using a mobile phone, inspired by the gypsy legends he hears at home. But everything falls apart when a notice of imminent eviction arrives at his home and he discovers that his best friend is leaving La Cañada for good. Tonino finds himself torn between the dream of a new life and his attachment to his family and roots.",0.9200000166893005,2025-09-03,Sleepless City,6.5,4,https://image.tmdb.org/t/p/w342/l2JNUcLimAYEhbHKLuRQ44LJJO1.jpg,https://image.tmdb.org/t/p/w780/gPc45rItdIFMNM1H2EUALJqFCsX.jpg,2025,9,high,average,['Drama'],Drama
1549007,de,NOAM,"Mala (17) lives with her three-year-old son Noam in a bleak housing estate in Berlin. Since the birth of her child, she has felt abandoned and invisible, leading her into depression. Her family? Overwhelmed and absent. Her friends from earlier days? Long gone.  Noam’s father, Paulo, occasionally shows up, but he is usually drunk or accompanied by a new girlfriend. Like today. This time, her name is Sarah – chic, loud, and with a subtle knack for reminding Mala how little remains of her old life.  But something about today is different from all the other difficult days. Mala is approached on the street by a young man named Casper, who lives in the neighbourhood. And for a brief moment, she feels seen.",0.9186000227928162,2025-11-16,NOAM,0.0,0,https://image.tmdb.org/t/p/w342/iZPMZUud7GZlgHadarouZ0SRw7g.jpg,https://image.tmdb.org/t/p/w780,2025,11,high,,[],
1284614,en,The Session Man,"The story of highly gifted pianist and unsung hero, Nicky Hopkins, who played with the Beatles, the Rolling Stones, the Who, the Kinks and many more.",0.9179999828338623,2025-05-29,The Session Man,0.0,0,https://image.tmdb.org/t/p/w342/qvxjXQJRfinzHNdZu0dnXvypaft.jpg,https://image.tmdb.org/t/p/w780/x17rkk3x3UvDus69jV6Lm4Cjrnh.jpg,2025,5,high,,"['Documentary', 'Music']","Documentary, Music"
1572952,ja,ユリの指輪,"Yoshii, a middle-aged man with a dull personality, runs a run-down bar. The bar barely manages to survive thanks to the support of longtime regulars. His only salvation is the hostess Ayumi. However, Ayumi,  decides to retire to marry regular customer Kataoka. Yoshii is driven to despair, but Ayumi introduces Yuri to him. At first sight, Yoshii sees her as his late daughter, Akiyo... (Third film about the bar owner Goro Yoshii, after ""Sunflower Days"" and ""Akemi Bar"") (R15+ version premiered at the OP PICTURES+ Festival 2025)",0.9156000018119812,2025-11-27,Yuri's Ring,0.0,0,https://image.tmdb.org/t/p/w342,https://image.tmdb.org/t/p/w780/erjf9jRRJ8sf8FAJXlxgwMtDHlL.jpg,2025,11,high,,[],
1296086,uk,Діло Безп'ятого,"A wealthy peasant Herasym Kalytka wants to buy his neighbor's land, but he doesn't have enough money. The unknown offers him to buy one hundred thousand fake money for five thousand. Herasym together with the best man Savka buy this money. But instead of money, they are sold blank paper. In desperation, Herasym wants to hang himself, but he is saved. Kalytka's greed almost ended in tragedy, but he continues to dream of land.",0.8988999724388123,2025-11-09,Lucifer's Case,0.0,0,https://image.tmdb.org/t/p/w342/tfVjKUXScAPXAU7iiEqQDRNR1oG.jpg,https://image.tmdb.org/t/p/w780/vESSHppS8st1HhXBd4vkcj7J7pp.jpg,2025,11,high,,"['Comedy', 'Crime']","Comedy, Crime"
1541786,ka,მთვარე მამაა ჩემი,"Twelve-year-old Toma is expelled from school after being relentlessly tormented by his classmates. His estranged father, Nemo, who disappeared when the boy was just two years old, invites him to their ancestral village. The locals do not embrace Nemo's unwelcome return. But he doesn't fear anyone and is determined to pass on the ancient tradition of deer hunting to his son. This fateful weekend Toma learns survival, independence, and the dark secrets of his father's past.",0.8938000202178955,2025-11-20,The Moon is a Father of Mine,0.0,0,https://image.tmdb.org/t/p/w342/3MiLZo9HAPSpq6chjwAqJrhqBPu.jpg,https://image.tmdb.org/t/p/w780/rXkXSN3A5rOkeq83LA0ZyiiC7ba.jpg,2025,11,high,,"['Drama', 'Adventure', 'Thriller']","Drama, Adventure, Thriller"
1439112,en,Muzzle: City of Wolves,"LAPD officer Jake Rosser endeavors to lead a peaceful life with his family and retired K-9 officer, Socks. However, tranquility dissolves into chaos when a gang targets them in a brutal attack. Alongside his new K-9 partner Argos, Jake launches into a relentless pursuit of justice, determined to protect his loved ones.",0.8884999752044678,2025-11-14,Muzzle: City of Wolves,0.0,0,https://image.tmdb.org/t/p/w342/vXcDH3YqSgXKYQrPKvkvqC5phT2.jpg,https://image.tmdb.org/t/p/w780/yE4awb4H4Qr6WxE7nRoRhkl6cPc.jpg,2025,11,high,,['Crime'],Crime
1561114,ja,NJPW Purge Night of Torture,"NJPW Purge Night of Torture was a professional wrestling event promoted by New Japan Pro Wrestling (NJPW) that took place on November 19, 2025, at Korakuen Hall in Tokyo, Japan.",0.8860999941825867,2025-11-19,NJPW Purge Night of Torture,0.0,0,https://image.tmdb.org/t/p/w342/yAZzDvfzmDjkhSkAwD3Tr4ktvDO.jpg,https://image.tmdb.org/t/p/w780/9EefBRk0fFIPpgktnSNIIQYTxpi.jpg,2025,11,high,,[],
1465560,en,Put your soul on your hand and walk,An Iranian filmmaker participates in a series of video calls with a young Palestinian photojournalist who describes her life confined in Gaza during the current regional conflict.,0.8831999897956848,2025-08-22,Put Your Soul on Your Hand and Walk,6.800000190734863,10,https://image.tmdb.org/t/p/w342/xC6FfKOMCkC1KlT3GCY3H9Ev6FB.jpg,https://image.tmdb.org/t/p/w780/pQ254oBfXJUemlbAcqpbTiG4OeV.jpg,2025,8,high,average,['Documentary'],Documentary
1404000,ta,Macai,"A drug dealer finds himself in hot water when the merchandise he’s carrying for a local kingpin is lost. Fearing his vicious boss’ retribution, he sets off to make amends, in a visceral, kinetic film that knowingly plays with genre conventions.",0.8828999996185303,2025-11-13,Macai,0.0,0,https://image.tmdb.org/t/p/w342/11jQ2BqHbuNu20eUoHWvp8BLlvh.jpg,https://image.tmdb.org/t/p/w780/dzBK8i8V9V0DIgksbUSnWOtLpNd.jpg,2025,11,high,,"['Crime', 'Thriller']","Crime, Thriller"
1503371,en,Second Guessing Fate,"Gemma is a successful event planner with a full life. She has pretty much given up on dating until a fortune teller mysteriously shows up at one of her perfectly planned parties and predicts that Gemma is one last horrible date away from true love. When Gemma goes on what she hopes is her last blind date with Nick, anything and everything goes wrong, including crashing her car into a handsome wealthy stranger, Enzo. When the fortune teller’s predictions start to materialize, once cynical Gemma is ready to take a leap of faith. But is Gemma misreading the signs? Only fate knows what’s in store for her.",0.8813999891281128,2025-11-23,Second Guessing Fate,0.0,0,https://image.tmdb.org/t/p/w342,https://image.tmdb.org/t/p/w780,2025,11,high,,"['Romance', 'Comedy', 'TV Movie']","Romance, Comedy, TV Movie"
1172260,ro,Piatră Foarfecă Hârtie,"Laura (45) suffers from severe amnesia following an accident, so she can’t remember who the people around her are. She is reluctantly persuaded by her family to go on a boat trip to Turkey, but the closer she gets to her destination, the more unclear the purpose of the trip becomes. They are caught up in a series of situations in which they change their minds depending on the context, their own principles seem to be relativized, their choices become irrational.",0.8755999803543091,2025-11-19,Blindsight,0.0,0,https://image.tmdb.org/t/p/w342,https://image.tmdb.org/t/p/w780/86WPzPbCA3UKKXPOe4UpNe4r6Vl.jpg,2025,11,high,,['Drama'],Drama
1404180,de,Welcome Home Baby,"Judith works as an emergency doctor in Berlin. When she inherits a house in Austria from the family who gave her away as a child, her quest to solve the mystery of her origins turns into a nightmarish journey into the past and the dark places of her soul.",0.8748000264167786,2025-10-03,Welcome Home Baby,6.5,1,https://image.tmdb.org/t/p/w342/nyjCStYlX3FNPEz2Dz0Mz1OqPWE.jpg,https://image.tmdb.org/t/p/w780/yp8UsDjoCI76PLBrdqQvMozvpws.jpg,2025,10,high,average,['Horror'],Horror
1025388,eu,Aro berria,"San Sebastian, 1978. The workers at the water meter factory hold an assembly to discuss a strike, which ultimately fails. Disappointed, the most non-conformist workers turn their aspirations for radical transformation towards more intimate spheres. Some leave the factory to join an isolated community in the mountains, where dozens of young people embarked on an intense journey of shared cathartic experiences.",0.8720999956130981,2025-09-22,Aro berria,0.0,0,https://image.tmdb.org/t/p/w342/2jTqc6aNRe81XiPpKgoMHkYGm6j.jpg,https://image.tmdb.org/t/p/w780,2025,9,high,,"['History', 'Drama']","History, Drama"
1566512,en,Bump: A Christmas Film,"Set between episodes 509 and 510 from the final season, A BUMP CHRISTMAS follows the extended family on a South American cruise, with Angie alive and well and Santi and Oly’s second baby Angelo just a couple of months old. However, the family’s hopes for a festive, cultural Christmas reunion, showcasing the beauty and warmth of Colombian traditions, unravel in a series of chaotic events.",0.8715000152587891,2025-11-30,Bump: A Christmas Film,0.0,0,https://image.tmdb.org/t/p/w342,https://image.tmdb.org/t/p/w780,2025,11,high,,[],
1319437,id,Tak Kenal Maka Taaruf,"Zoya and Faris, two students who often conflict. But the situation changed when they underwent the process of taaruf. Not to mention the presence of Cleopatra, which complicates everything even more.",0.8640000224113464,2025-11-13,Tak Kenal Maka Taaruf,0.0,0,https://image.tmdb.org/t/p/w342/fdYidtfkZFvs1alITX75f11yRH3.jpg,https://image.tmdb.org/t/p/w780,2025,11,high,,"['Drama', 'Romance']","Drama, Romance"
1573032,ja,ラストナイト・セックス,"1990, a time before cell phones. Yusaku, an office worker, is living a peaceful and happy life with his girlfriend, Yukiko. One day, he receives an invitation to a class reunion from an old friend. Yusaku is reluctant, but the words ""Minami's back in town"" stir a memory deep within his heart. Yusaku and Minami once shared a secret that they couldn't tell anyone about. When the day of the reunion arrives, the lives of Yusaku, Yukiko, and Minami begin to change dramatically.  (R18+ and R15+ versions will have different endings). (R15+ version premiered at the OP PICTURES+ Festival 2025).",0.8578000068664551,2025-11-29,Last Night Sex,0.0,0,https://image.tmdb.org/t/p/w342,https://image.tmdb.org/t/p/w780,2025,11,high,,[],
1441488,pt,18 buracos para o paraíso,"A family with a long history (and many members) gathers around a table in a mansion in southern Portugal. The region has transformed from a depressed area into a thriving tourist destination. Kisses, hugs, and greetings quickly turn into complaints and reproaches surrounding the big issue: What should be done with Daddy’s house? It is a tempting piece of cake, laden with rich family memories. But progress cannot be stopped.",0.854200005531311,2025-11-13,18 Holes to Paradise,0.0,0,https://image.tmdb.org/t/p/w342,https://image.tmdb.org/t/p/w780/cRt9jE8g1o8EgDglgsv24wnntjp.jpg,2025,11,high,,['Drama'],Drama
1481746,en,Rhino,"A dedicated park ranger has protected his population of critically endangered black rhinos so well that they have run out of space. Cornered by ruthless poachers, the rhinos are at risk of turning on each other. His team must implement a daring plan to move 21 rhinos across the country and open a new safe haven.",0.8499000072479248,2025-11-28,Rhino,0.0,0,https://image.tmdb.org/t/p/w342/iiRRTUdWhg7WxbE3ymTrFyikHru.jpg,https://image.tmdb.org/t/p/w780/vNaH5l6lOGCVk0MhjnmU9im2CjA.jpg,2025,11,high,,['Documentary'],Documentary
1566137,tl,Ours Was A Timeless Night Burning,Two unacquainted daughters are forced to kill time together through demystifying pregnancy and watching an adult sitcom as they await their fathers’ return from a night of endless gambling.,0.8453999757766724,2025-11-14,Ours Was A Timeless Night Burning,0.0,0,https://image.tmdb.org/t/p/w342/zTzi4x9h2eAgkpn28ws1ibfodCQ.jpg,https://image.tmdb.org/t/p/w780,2025,11,high,,['Drama'],Drama
1358167,fr,Où vont les âmes?,"Before resorting to assisted death, an 18-year-old girl summons her two sisters, who are still traumatized by the actions of their father, convicted of rape.",0.8379999995231628,2025-11-14,Where Souls Go,0.0,0,https://image.tmdb.org/t/p/w342/qzS7YutcmjjjFi3DZbTn7uVMzVh.jpg,https://image.tmdb.org/t/p/w780,2025,11,high,,['Drama'],Drama
1561116,ja,NJPW Superhuman Taiji Ishimori Gets Ridiculous One More Time,"NJPW Superhuman Taiji Ishimori Gets Ridiculous One More Time was a professional wrestling pay-per-view (PPV) produced by New Japan Pro-Wrestling and Taiji Ishimori that took place on November 12, 2025 at Shinjuku FACE in Tokyo, Japan.",0.8374999761581421,2025-11-12,NJPW Superhuman Taiji Ishimori Gets Ridiculous One More Time,0.0,0,https://image.tmdb.org/t/p/w342/1AK6n7eJHQI4lhxT4XDctxBDeZd.jpg,https://image.tmdb.org/t/p/w780/pCL4xlFDhMYsu3DiI3UeR1oHa6n.jpg,2025,11,high,,[],
1517824,en,Christmas Everyday,"Following the death of her father, fashion designer Francine 'Fancy' Ballantine has been more determined than ever to uphold his cherished Christmas traditions as her mother Evelyn has also begun losing her sight. But things aren’t a smooth ride as Fancy simultaneously plans her bridezilla baby sister, Belle’s, wedding. When a water pipe bursts and disrupts the fairytale wedding plans, Fancy finds herself unexpectedly drawn to the rugged, yet charming, contractor Jaylen, tasked with renovating the house. Through all the chaos, she learns valuable lessons about faith, family, and the true meaning of Christmas.",0.833299994468689,2025-11-29,Christmas Everyday,0.0,0,https://image.tmdb.org/t/p/w342,https://image.tmdb.org/t/p/w780,2025,11,high,,"['Romance', 'Music', 'Drama']","Romance, Music, Drama"
1013052,uk,Ти – Космос,"After the explosion of the Earth, the Ukrainian space trucker Andriy becomes the only human in the Universe until French woman Catherine calls him from the faraway space station. Andriy decides to see her despite all the obstacles.",0.8303999900817871,2025-04-24,U Are the Universe,7.800000190734863,8,https://image.tmdb.org/t/p/w342/oJpjWajfSGHIbenzqyeKoQuYfem.jpg,https://image.tmdb.org/t/p/w780/fmp0w3Nsv76rj9mEhOlJi16Wdw3.jpg,2025,4,high,good,"['Adventure', 'Comedy', 'Science Fiction']","Adventure, Comedy, Science Fiction"
1455595,it,"Due famiglie, un funerale","Peppino (Maurizio Mattioli), a Roman funeral director who has always been supported by the bumbling Spartaco (Enzo Salvi), is a man who juggles disastrous funerals, turbulent affairs and... two families. One with his wife Lidia (Anita Kravos) and the other with his Spanish lover Helena (Isabelle Adriani). An already complicated life, which becomes a real race against time when Peppino discovers that he only has a few weeks to live. At this point, our protagonist implements a move that will upset everyone's lives. Definitely.",0.830299973487854,2025-11-13,"Due famiglie, un funerale",0.0,0,https://image.tmdb.org/t/p/w342/nDLie7ggegcxY54DVL15G5rSqXp.jpg,https://image.tmdb.org/t/p/w780/893knje9PHVyBoe9Tp1EY5RLtLB.jpg,2025,11,high,,['Comedy'],Comedy
1509216,uk,Потяг до Різдва,"By chance, on Christmas Eve, completely different passengers with their own problems and dreams board the same train, and now they all have to arrange Christmas dinner right in the dining car. While waiting for the first star, all the passengers come together as one big Ukrainian family. And miracles begin to happen.",0.8276000022888184,2025-12-01,Train to Christmas,0.0,0,https://image.tmdb.org/t/p/w342/uxNar1vxj7hlsE71NYzeP1BNyRg.jpg,https://image.tmdb.org/t/p/w780,2025,12,high,,"['Family', 'Comedy', 'Adventure']","Family, Comedy, Adventure"
1174382,fr,Gérald le Conquérant,"A Duchy of Normandy crank nostalgic wants to give his homeland back its power of days gone by. He wants to create a huge historic park to the glory of William the Conqueror, helped by an upstart documentaries director.",0.8267999887466431,2025-12-03,Gérald le Conquérant,0.0,0,https://image.tmdb.org/t/p/w342/lyjO7qEAxtMF4hZhzp3haPdeBde.jpg,https://image.tmdb.org/t/p/w780,2025,12,high,,['Comedy'],Comedy
1516884,vi,Quán Kỳ Nam,"Set in 1985 post-war Vietnam, Khang moves to Saigon after securing a position to translate ""The Little Prince."" Due to his family connections, Khang's life under the new regime is secure. But everything changes when he meets Ky Nam, a reserved older widow who lives in Khang's new community.",0.8198999762535095,2025-11-28,Ky Nam Inn,0.0,0,https://image.tmdb.org/t/p/w342/6Av8MS7I5K251bMofglA9Qv2Xaa.jpg,https://image.tmdb.org/t/p/w780/zyZE8dLaJg6o4jDmoNdPctlmaHb.jpg,2025,11,high,,"['Drama', 'Romance']","Drama, Romance"
1404346,tl,Sisa,"The Philippines, 1902. The land is raw, wounded, occupied. Smoke clings to the trees. Blood soaks the soil. The war is over – but the violence lingers. Widows fill the villages. Mothers vanish into silence. Among them walks Sisa (Hilda Koronel), barefoot and broken, dismissed as mad by those who fear what they don't understand. But madness is only the surface.",0.8023999929428101,2025-11-20,Sisa,0.0,0,https://image.tmdb.org/t/p/w342/my1Q3T7WBizWTABWCTXYCelfY2C.jpg,https://image.tmdb.org/t/p/w780/5l2Y6TYUz7Km334KTuyYtDnvrM1.jpg,2025,11,high,,"['Thriller', 'Drama', 'War']","Thriller, Drama, War"
1287782,zh,好孩子,"Jiahao, a drag queen estranged from his conservative family, returns home after his father's passing to help his brother, Jia Qiang, to care for their mother, Ju Hua, who has been diagnosed with dementia. As Ju Hua's condition worsens, she becomes increasingly reliant on Jiahao – reigniting past wounds and emotional strains. One night, a tired Jiahao returns home still in drag, met with panic and confusion from his mother who threatens to call the police. In a moment of quick thinking, he calms her by pretending to be her daughter instead.",0.7973999977111816,2025-10-09,A Good Child,0.0,0,https://image.tmdb.org/t/p/w342/5sP3FyWZHXUQJ5WOgj3xbW5JEtK.jpg,https://image.tmdb.org/t/p/w780/ltVZFTIPAJBs1yuO4NPM46XZqTo.jpg,2025,10,high,,['Drama'],Drama
1456314,en,Crossfade,Two lifelong friends and aspiring musicians begin to spiral downwards as one of them decides to move away to pursue a new career.,0.775600016117096,2025-07-17,Crossfade,7.5,2,https://image.tmdb.org/t/p/w342/tmTu3OjiofQGLrSLapKzIorz4mS.jpg,https://image.tmdb.org/t/p/w780/2GN1ctwBKUIq0kaxsoOEadLt04R.jpg,2025,7,high,good,"['Drama', 'Music']","Drama, Music"
1181560,en,Remi Milligan: Lost Director,"Remi Milligan: Lost Director explores the life of Remi Milligan, a filmmaker known for genre-defying, cult films. It delves into his unique style, the toll on his personal life, and the mystery of his 2006 disappearance.",0.7759000062942505,2025-11-25,Remi Milligan: Lost Director,0.0,0,https://image.tmdb.org/t/p/w342/4c7oBZg1qNQYQzrGq3mC15aKXsT.jpg,https://image.tmdb.org/t/p/w780,2025,11,high,,"['Mystery', 'Comedy']","Mystery, Comedy"
1456314,en,Crossfade,Two lifelong friends and aspiring musicians begin to spiral downwards as one of them decides to move away to pursue a new career.,0.775600016117096,2025-07-17,Crossfade,7.5,2,https://image.tmdb.org/t/p/w342/tmTu3OjiofQGLrSLapKzIorz4mS.jpg,https://image.tmdb.org/t/p/w780/2GN1ctwBKUIq0kaxsoOEadLt04R.jpg,2025,7,high,good,"['Drama', 'Music']","Drama, Music"
1286995,fi,Tonttu,"Siblings Lumi and Talvi are separated as children. In search of her sister, Lumi ends up in Elfland, where elves prepare Christmas presents for all the children of the world. The elves are initially suspicious of the human child who appears out of nowhere, but Pyry, an elf boy, welcomes Lumi with interest. Pyry is eager for new adventures and his friendship with Lumi looks like a chance for an exciting journey.",0.7738000154495239,2025-11-14,The Elf,0.0,0,https://image.tmdb.org/t/p/w342/o3VgulXVvBscYXOEzjXSa9xwExp.jpg,https://image.tmdb.org/t/p/w780/AtQRdi1ZwUb1T1fFOkXI16dqNFr.jpg,2025,11,high,,"['Family', 'Fantasy', 'Adventure']","Family, Fantasy, Adventure"
1499744,en,A Chuck E. Cheese Christmas,"When Chuck E. Cheese and Friends learn that Santa Claus has never experienced a Christmas party, because he is always exhausted from working on Christmas Eve, they set out to throw a surprise Christmas celebration for Santa as a 'thank you' for all the joy he brings to the world! The party also winds up doubling as a way to save their town from the meddling of a holiday-hating evildoer.",0.7631999850273132,2025-11-27,A Chuck E. Cheese Christmas,0.0,0,https://image.tmdb.org/t/p/w342,https://image.tmdb.org/t/p/w780,2025,11,high,,"['Animation', 'Family']","Animation, Family"
1323475,en,Champagne Problems,An ambitious executive travels to France to secure the acquisition of a world-renowned champagne brand before Christmas. But her plans are upended when she falls into a whirlwind romance with a charming Parisian — who turns out to be the founder’s son.,0.758899986743927,2025-11-19,Champagne Problems,0.0,0,https://image.tmdb.org/t/p/w342/hAN1AKoZyGjRCWczHBtmiOgsnoI.jpg,https://image.tmdb.org/t/p/w780/5BdBU6t36qIfIxLXDxSEqAMdAhf.jpg,2025,11,high,,"['Romance', 'Comedy']","Romance, Comedy"
1572763,ja,日記箱の恋,"After her grandfather, who ran an antiques shop, passes away, Nanami decides to take over the business. As she prepares to reopen the shop, she buys a small box from a friend who runs a recycle shop. Inside is a diary in which a woman candidly describes her relationship with her partner... (R15+ version premiered at the OP PICTURES+ Festival 2025).",0.7560999989509583,2025-11-23,Nikki hako no koi,0.0,0,https://image.tmdb.org/t/p/w342,https://image.tmdb.org/t/p/w780/ckTKp3Svy6d01cIvhUDuQGUA4yC.jpg,2025,11,high,,[],
1560580,en,Breed,"A young couple goes on a romantic getaway in an attempt to save their relationship. Tonight, they realize their relationship might not be worth saving.",0.7501999735832214,2024-10-26,Breed,0.0,0,https://image.tmdb.org/t/p/w342/v3Ogqia2qUjWXhxmcj1lTVQ7677.jpg,https://image.tmdb.org/t/p/w780/mN4YwlBd9b6ox1WhVuKpd5FdyZB.jpg,2024,10,high,,['Horror'],Horror
1486135,xx,Blau,"The film reflects on the confrontation with loneliness, in which nature and the aesthetic beauty and depth of a color provide comfort.",0.7462999820709229,2025-11-23,Blue,0.0,0,https://image.tmdb.org/t/p/w342,https://image.tmdb.org/t/p/w780,2025,11,high,,['Animation'],Animation
1480460,en,Still Pushing Pineapples,"A melancholic yet heartfelt story of the former singer of pop band Black Lace and his journey on the road with his aging mother and his partner, as he aims for a comeback.",0.7409999966621399,2025-11-28,Still Pushing Pineapples,0.0,0,https://image.tmdb.org/t/p/w342/zzfJJuknDOWTTZUT5NPtfQfzaeT.jpg,https://image.tmdb.org/t/p/w780/cSgaQ8HVaSudXzLbh3948Utb0kb.jpg,2025,11,high,,"['Documentary', 'Music']","Documentary, Music"
1430483,nl,Wheelie,"21-year-old skater Reza thrives in his carefree lifestyle. However, he has no idea what to do with his future, much to the frustration of his mother and two sisters. With no better plan in mind, he books a trip to Thailand. But when a motorcycle accident leaves him with a spinal chord injury, his entire world is turned upside down. What does the future hold for him now?",0.7394000291824341,2025-11-17,Wheelie,0.0,0,https://image.tmdb.org/t/p/w342/x8jJJZwDOAK4uvuQYqDh4roo54i.jpg,https://image.tmdb.org/t/p/w780/oQSaZ0olk1LSPpnXYHNDl0J84rX.jpg,2025,11,high,,"['Drama', 'Comedy']","Drama, Comedy"
1243800,it,Paternal Leave,"Torn between longing and anger, 15-year-old Leo travels to the coast of northern Italy to meet her biological father. The two are complete strangers to each other. They struggle to find truth, affinity, love and the courage to face themselves.",0.73580002784729,2025-05-15,Paternal Leave,6.199999809265137,32,https://image.tmdb.org/t/p/w342/mFWITtSKS4rPSNV9nGpk8vPwIvO.jpg,https://image.tmdb.org/t/p/w780/3Qkdtv6FrOdzqxkwbPSucryfMZC.jpg,2025,5,high,average,['Drama'],Drama
1555602,zh,膝跳反应,"Shen Zui has been instilled with the life philosophy of ""accepting everything"" by her mother. The rebellious consciousness buried in her finally erupts one afternoon in the face of the physical harassment and mental control of the head teacher.",0.7342000007629395,2025-11-13,Knee-Jerk,0.0,0,https://image.tmdb.org/t/p/w342/xYeSs2yYeqrg6twp1eLotDq9nKi.jpg,https://image.tmdb.org/t/p/w780,2025,11,high,,['Drama'],Drama
1566649,id,Belum Ada Judul,"Umar Bakri, a respected high school teacher, faces public outrage after a video of him slapping a student goes viral. Despite pressure to explain, he remains silent to protect a secret that could ruin his students' futures. A touching drama about sacrifice, morality, and a teacher’s unwavering dedication.",0.7271999716758728,2025-11-20,Belum Ada Judul,0.0,0,https://image.tmdb.org/t/p/w342/8rEYUZcEIkrXB6abMst6s6fo0KE.jpg,https://image.tmdb.org/t/p/w780/9l9k04LFPjvpDfE3bLTQSi6empy.jpg,2025,11,high,,['Drama'],Drama
1481197,lv,Klajumā aiz meža,"A boy's body is discovered in a peat field, and a local drunk confesses to a decades-old murder. Policeman Broze reopens the case and is forced to confront his own role in the tragic game played by boys 30 years ago—a day he can't remember or forget.",0.7261000275611877,2025-11-21,The Bog,0.0,0,https://image.tmdb.org/t/p/w342,https://image.tmdb.org/t/p/w780,2025,11,high,,"['Drama', 'Crime']","Drama, Crime"
1545027,en,Self-possessed women make you nervous,"A timid young man's promising date is ruined when his lingering ex-girlfriend still living in his apartment unexpectedly intervenes, forcing him to confront their unresolved feelings.",0.7226999998092651,2025-11-21,Self-possessed women make you nervous,0.0,0,https://image.tmdb.org/t/p/w342/jF4NJlfU5Yj176othtEVlTGyWq9.jpg,https://image.tmdb.org/t/p/w780/5twUj8QE3p1Bo9srMpy9DLrZB1O.jpg,2025,11,high,,"['Drama', 'Comedy']","Drama, Comedy"
1572532,ja,この恋は拡張現実？,"Elena, who lives with her fiancé Koichi, harbors secret feelings for a woman but is unable to confess them to her. One day, Elena learns that her neighbor Jiro has been selected as a test user for a mysterious service that allows him to experience the romance of his dreams. She decides to snatch the right from Jiro... (R15+ version premiered at the OP PICTURES+ Festival 2025).",0.714900016784668,2025-11-22,Kono koi wa kakuchō genjitsu?,0.0,0,https://image.tmdb.org/t/p/w342,https://image.tmdb.org/t/p/w780/jPAUMFMPB8uIGZrVDcZemjBsEbN.jpg,2025,11,high,,[],
1540667,ru,По-братски,"Two married couples of neighbors, the Lebedevs and the Bubliks, are forced to go on a long journey together to one of the northern cities - Nezhnogore, where some are going to get divorced, and others - to spend the holidays. But crazy adventures and discoveries await them along the way.",0.7103000283241272,2025-11-27,По-братски,0.0,0,https://image.tmdb.org/t/p/w342/ccrOzwmkdWbbqPXCWxoGvJc7Bx7.jpg,https://image.tmdb.org/t/p/w780,2025,11,high,,['Comedy'],Comedy
1317559,de,Das Leben der Wünsche,"Felix is at an impasse in his family life and his job. His wife Bianca wants a separation, his children are moving away from him and his hair is falling out. When he also loses his job, Felix finds himself on the edge of the abyss. That's when a mysterious stranger offers him three wishes.",0.7024999856948853,2025-11-13,The Life of Wishes,0.0,0,https://image.tmdb.org/t/p/w342/t3XQoKYPFRwzL4249NVrZtrJUrN.jpg,https://image.tmdb.org/t/p/w780/gX2qZm0d0A6Ctj5I2PWmpsvINQ2.jpg,2025,11,high,,['Drama'],Drama
1119537,fr,Des preuves d'amour,"Céline is expecting her firstborn. But she’s not the one who’s pregnant. In three months, her wife Nadia will give birth to their daughter. Under the gaze of her friends, her mother, and the law, Céline looks for her place and sense of legitimacy.",0.6995999813079834,2025-11-19,Love Letters,0.0,0,https://image.tmdb.org/t/p/w342/fEUyLDVeT5GJ7YdNIJkrWwfcabN.jpg,https://image.tmdb.org/t/p/w780/tF0tJiaIBupQXV67mn5YPBxRkpL.jpg,2025,11,high,,"['Drama', 'Comedy']","Drama, Comedy"
1567724,lv,Es domāju par kaķi,"We literally found our film next to a dumpster. It was a bag containing 36 rolls of photographic negatives exposed between the 1960s and 1980s by an unknown photographer. We named him Anton, Aunt Emma's son. Looking through our contact sheets, with their many inaccuracies—blurred edges, random elements in the frame, haze, accidents, and double exposures—we tried to imagine what our lives would be like if these were our photos.",0.6851999759674072,2025-11-13,Cat on my Mind,0.0,0,https://image.tmdb.org/t/p/w342/A0tk3rqeWytTaRqLBl9veSfu9Kh.jpg,https://image.tmdb.org/t/p/w780,2025,11,high,,[],
1560756,en,Heartstopper,"After a controversial teen idol dies, two 16 year old girls hold a memorial for him through his 1-900 call line.",0.6674000024795532,2025-10-04,Heartstopper,0.0,0,https://image.tmdb.org/t/p/w342/o9OuO6lBJB0t2K2Rs7HFcMxmCF3.jpg,https://image.tmdb.org/t/p/w780/ljMpikL0HH366YTlxliWfTogIsY.jpg,2025,10,high,,['Horror'],Horror
1383453,tr,İsimsiz Eserler Mezarlığı,"Facing imminent eviction, an idealistic young photographer and her hapless roommate attempt to sell her work to galleries for the first time, embarking on a bumpy journey through the collapsing art market of Istanbul.",0.666700005531311,2025-11-14,Dump of Untitled Pieces,0.0,0,https://image.tmdb.org/t/p/w342/dhKasqdz8KZ4sJTOZTXthQFJFu0.jpg,https://image.tmdb.org/t/p/w780/fv7Z5xeu6lRSAFtksVYoI2R6GZN.jpg,2025,11,high,,"['Comedy', 'Drama']","Comedy, Drama"
1478406,en,A Loud House Christmas Movie: Naughty or Nice,"Desperate to get off Santa's Naughty List before Christmas, Lincoln resorts to hacking into the North Pole computers and putting himself on the nice list. But when the hack gets out of control, he ends up reversing the Naughty/Nice lists around the world and turning the North Pole itself Naughty. Lincoln enlists his family to go to the North Pole and try to fix the mess he made. Teaming up with his new frenemy, Duncan, the elf who first put him on the naughty list, Lincoln and the Louds must battle a now evil Santa and his minions to save Christmas.",0.6654999852180481,2025-11-21,A Loud House Christmas Movie: Naughty or Nice,0.0,0,https://image.tmdb.org/t/p/w342/x8etkE8pdopoHx8B8PJrinU01Wz.jpg,https://image.tmdb.org/t/p/w780/fxsqcuDoqczpeRoBeCdDG8pAq4B.jpg,2025,11,high,,"['Animation', 'Comedy', 'Family']","Animation, Comedy, Family"
1556506,ko,마사이 크로스,,0.6596999764442444,2025-11-20,Maasai Cross,0.0,0,https://image.tmdb.org/t/p/w342/1ODv6NFWUke4V2ehFmmMNcysBNW.jpg,https://image.tmdb.org/t/p/w780,2025,11,high,,['Drama'],Drama
1555438,zh,辽河的士,"Tie Jun, feigning a limp to pull rickshaw, breaks Hai Cheng's leg while ferrying his neighbour Qian Jin. Hai Cheng asks for a large sum of money, but since Tie Jun is penniless, he takes him home and turns to the bedridden Qian Jin for help. They agree that Hai Cheng stays with Qian Jin, and Tie Jun feeds them both till Hai Cheng recovers. Days bring conflicts, outbursts, and reconciliations as many tales of the ""three lame men"" unfold in three months...",0.656499981880188,2025-11-16,Poor Taxi,0.0,0,https://image.tmdb.org/t/p/w342,https://image.tmdb.org/t/p/w780,2025,11,high,,['Drama'],Drama
1196264,en,A Figgly Christmas,"When Santa Claus crashes in the land of the Woodgies, Figgly has to help Santa and save Christmas.",0.6510999798774719,2025-11-20,A Figgly Christmas,0.0,0,https://image.tmdb.org/t/p/w342/eBNbGjfJLRxLYoLTYyd4F1E1Tll.jpg,https://image.tmdb.org/t/p/w780/xRITrN7dadovIIGmG3vThNtDv5D.jpg,2025,11,high,,"['Animation', 'Adventure', 'Fantasy']","Animation, Adventure, Fantasy"
1299382,it,Breve storia d'amore,"Lea and Rocco meet by chance in a bar and an instant attraction ignites between them. From that moment, a secret affair begins, consisting of fleeting, clandestine meetings in a hotel room. However, as time passes, Lea's obsession with Rocco intensifies, leading her to intrude more and more into his life. The story soon takes an unexpected and unsettling turn.",0.6470999717712402,2025-11-27,A Brief Affair,0.0,0,https://image.tmdb.org/t/p/w342/avqBTEK53Zqyr5sWIi6EuE51UaH.jpg,https://image.tmdb.org/t/p/w780/gQYZcNXCduS2cuFZJLubRSk04ft.jpg,2025,11,high,,['Comedy'],Comedy
1459437,fr,Mardochi,"Vincent returns from Rabat, where he has failed to find the childhood home of his father, who left Morocco at independence. On the way to the hospital where his father is dying, Vincent meets Ahmed, a Moroccan student.",0.6467000246047974,2025-11-14,Mardochi,0.0,0,https://image.tmdb.org/t/p/w342/l8Pvxjhnb5DCOmdvykMTpZROgEs.jpg,https://image.tmdb.org/t/p/w780,2025,11,high,,['Drama'],Drama
1550706,it,La camera di consiglio,"It's 1987, the final act of the Maxi Trial in Palermo, the largest criminal trial in Italian history. On this occasion, eight jurors, four women and four men, are locked in a deliberation chamber for thirty-six days. Their task is to determine the convictions or acquittals of 470 defendants accused of mafia crimes.",0.6460000276565552,2025-11-20,La camera di consiglio,0.0,0,https://image.tmdb.org/t/p/w342/jfLMtHALrmLpNzurZ2yvcq01ltW.jpg,https://image.tmdb.org/t/p/w780/2aJUafB1gX3i33cQOdwSmj5vpo.jpg,2025,11,high,,['Drama'],Drama
1358275,it,Strike - Figli di un’era sbagliata,,0.641700029373169,2025-11-27,Strike - Figli di un’era sbagliata,0.0,0,https://image.tmdb.org/t/p/w342,https://image.tmdb.org/t/p/w780,2025,11,high,,['Drama'],Drama
1551456,en,Sleepover,"9-year-old Marla is having her first sleepover with her best friend Lola. And even better – despite her Nans reservations, she is having it at her fun-loving Dad’s house. But amidst the freedom and play, she finds something that changes the course of this innocent sleepover and the dynamics of her relationship with her beloved but complicated Dad forever.",0.6335999965667725,2025-11-15,Sleepover,0.0,0,https://image.tmdb.org/t/p/w342,https://image.tmdb.org/t/p/w780,2025,11,high,,[],
1541407,en,Christmas in Amish Country,"When a rising chef’s career implodes after a harsh review, she returns to her Amish roots in rural Pennsylvania only to find healing through slow-cooking techniques and the comforts of home, including rekindling a friendship with the sweet Amish farmer she left behind.",0.6292999982833862,2025-11-30,Christmas in Amish Country,0.0,0,https://image.tmdb.org/t/p/w342/bLhGncH4IuxF0pIGO1T3RnncgQd.jpg,https://image.tmdb.org/t/p/w780,2025,11,high,,['Romance'],Romance
1567893,en,Sarah Squirm: Live + in the Flesh,"Sarah Sherman’s unholy alter ego, Sarah Squirm, rips off the straitjacket, unleashing a festering hour of bodily fluids, open-wound confessionals, and jokes that will leave skid marks on your soul.",0.6230999827384949,2025-12-01,Sarah Squirm: Live + in the Flesh,0.0,0,https://image.tmdb.org/t/p/w342/p3IGx2aDFOiyThCZ4U5DPnCCyop.jpg,https://image.tmdb.org/t/p/w780/37vus3DvFELdQOz7w5poPylDMFU.jpg,2025,12,high,,['Comedy'],Comedy
1569364,sv,Zara Larsson - Up Close,"An intimate and honest portrait of Zara Larsson's ambition, self-image and what it really takes to reach the top of the music industry, while she struggles to own her voice and expression.",0.6187999844551086,2025-11-20,Zara Larsson - Up Close,0.0,0,https://image.tmdb.org/t/p/w342/1QwSiYgH31nR1NWaWoWYGWFyhxh.jpg,https://image.tmdb.org/t/p/w780/ehZgTYgfYdDqBj1S4x779dTM0wP.jpg,2025,11,high,,"['Documentary', 'Music']","Documentary, Music"
1559451,de,Interior,"The film tells the story of Kasimir, a burglar who uses a couch with a secret compartment to break into people's homes and covertly film their private moments. The recordings are given to Dr. Liebermann, who watches them in a ritual-like study of human emotions.",0.6072999835014343,2025-11-16,Interior,0.0,0,https://image.tmdb.org/t/p/w342/q5itwNbkEu10NjWGNs7Zd3KPGWa.jpg,https://image.tmdb.org/t/p/w780/ey689NDQMDxlriTt0creX3F6yBo.jpg,2025,11,high,,"['Drama', 'Thriller']","Drama, Thriller"
1563124,zh,晚安，瑪卡龍,,0.602400004863739,2025-11-23,Macaron Nights,0.0,0,https://image.tmdb.org/t/p/w342/6hk70pq21ZR2IXYhfiaz8K10W02.jpg,https://image.tmdb.org/t/p/w780/b4F08G53vVCSJjFMORl1bgV3IT.jpg,2025,11,high,,"['TV Movie', 'Crime']","TV Movie, Crime"
1352520,en,Ai Weiwei's Turandot,"There's a first time for everything, and thus Chinese multi-disciplinary artist Ai Weiwei set out to make his debut as an opera director, with an entire film crew following the meticulous preparations of this endeavour. Ai Weiwei's Turandot provides not only a rich insight into the creation process, but also offers a glimpse into the heart and brain of China's most famous artistic dissident.",0.564300000667572,2025-10-16,Ai Weiwei's Turandot,0.0,0,https://image.tmdb.org/t/p/w342/xk0faixhzr1mnTf8hujHfpWChNj.jpg,https://image.tmdb.org/t/p/w780/jO6fpu4sfEKQKayz4Fy9aD2UAby.jpg,2025,10,high,,"['Documentary', 'Music']","Documentary, Music"
1098349,en,The Thistle in the Kiss,"Declan has had no luck with the holidays: his girlfriend Stephanie broke up with him on the way to Christmas dinner. He's managed to keep it secret until New Year's Day, when his car breaks down and his sister Rachel shows up to help him fix it. Crumbling under her relentless curiosity, Declan is now on a crash course to confront the poor decisions of his life.",0.5623000264167786,2025-11-25,The Thistle in the Kiss,0.0,0,https://image.tmdb.org/t/p/w342/cVd0vu1gevDzm1MvlLNVLVviXxj.jpg,https://image.tmdb.org/t/p/w780/kunQg5ywfeItD2vPCfp3LCSzVFN.jpg,2025,11,high,,['Drama'],Drama
1507442,fr,Flush,"Finding his ex in the nightclub where she works and convincing her to come back to live with him, that should be doable. Losing the dealer and the bar owner who left him for dead in the restroom for trying to steal their stash is still within his capabilities. However, removing his head stuck in the toilet bowl, that’s not a given.",0.559499979019165,2025-11-22,Flush,0.0,0,https://image.tmdb.org/t/p/w342/p1tnpUctDUzjeA10v8pR8a3pO9E.jpg,https://image.tmdb.org/t/p/w780/rx5BlsUw8LBZFf1YPJkv2yuo4H0.jpg,2025,11,high,,"['Comedy', 'Thriller']","Comedy, Thriller"
1364380,ko,종이 울리는 순간,"For seventeen fleeting days, the mountain wore a crown of glory. This documentary is not about those days, but about the whispers that echo in the wind long after the last torch is extinguished. We journey through time, witnessing the mountain's silent transformation - years of preparation etched in its slopes, scars of change left on its ancient form. Through intimate interviews with the locals who witnessed the transformation and the professionals who shaped it, we piece together the mountain's Olympic journey. We'll hear firsthand accounts of the years of preparation, the challenges faced, and the lasting impact on the landscape and community.",0.5579000115394592,2025-11-12,As the Bell Rings,0.0,0,https://image.tmdb.org/t/p/w342/bH6LJMjEj2J3TXSZ9Myp01K1njm.jpg,https://image.tmdb.org/t/p/w780/uBVt6jN1FWZSUImJLZyiXD0x5ZO.jpg,2025,11,high,,['Documentary'],Documentary
1127839,en,Raptus,"Faced with the trauma of a brutal sexual assault, young chemistry prodigy Sarah Mathis, grows desperate to expedite her healing process and agrees to an unusual alternative method that involves a new form of artificial intelligence, Raptus.",0.5562000274658203,2025-11-13,Raptus,0.0,0,https://image.tmdb.org/t/p/w342/kbtzuwyqS9UTZNinb1ZDgBSJlnQ.jpg,https://image.tmdb.org/t/p/w780/9x19wAV50yJ0J80jf1xHtju7O9o.jpg,2025,11,high,,['Thriller'],Thriller
1561047,tr,Nasipse Olur 2,,0.5550000071525574,2025-11-28,Nasipse Olur 2,0.0,0,https://image.tmdb.org/t/p/w342/4AapDDFzMuLjgW819eHbC3y6QZe.jpg,https://image.tmdb.org/t/p/w780,2025,11,high,,['Comedy'],Comedy
1458440,ru,Волки,"The events in this Altai epic take place in the 19th century. It is a story about greed and desire for revenge which can ruin the life of a person as well as entire families and generations. A common lad Tokna is in love with beautiful Kymyskai. But a well-to-do 40-year-old bachelor Kutus has set his eyes on her. Relying on his standing and traditions he kidnaps the girl. Naturally, she does not want to live with him and one day runs away to Tokna. The lovers hide in the mountains. After some time Kymyskai, who harbors a grudge against them, finds Tokna and Kykuskai and starts taking revenge. He kills the cow, family’s breadwinner. In response Tokna and his nephew eliminate half of the Kutus family sheep. Thus hostility turns into hatred and misunderstanding develops into a war of extermination.",0.5479000210762024,2025-11-20,Woolfs,0.0,0,https://image.tmdb.org/t/p/w342/nTP98vFxdKMnldeiijGKAcROipJ.jpg,https://image.tmdb.org/t/p/w780/bp9bitxhjEVwp5q5VSrICM1E1A1.jpg,2025,11,high,,['Drama'],Drama
1221711,fr,L'Incroyable femme des neiges,"Fired from her job, dumped by her partner, and in poor health, 46-year-old adventurer Coline Morel, a Far North specialist, sees her life falling apart. But ""The Incredible Snow Woman"" will attempt one last comeback.",0.5478000044822693,2025-11-12,The Incredible Snow Woman,0.0,0,https://image.tmdb.org/t/p/w342/7btcAVTca0cbXPXztWZKsKztz5X.jpg,https://image.tmdb.org/t/p/w780/mFpruC9PWsgxjqGC7kelia2bhUT.jpg,2025,11,high,,"['Comedy', 'Drama']","Comedy, Drama"
1487498,pt,Pessoas São Prédios,"In a Porto Alegre swallowed by real estate speculation, elderly residents begin to disappear without explanation. As new buildings rise at a frightening pace, a woman finds herself facing a truth no one else seems to see.",0.546500027179718,2025-12-01,Pessoas São Prédios,0.0,0,https://image.tmdb.org/t/p/w342/3eBDJe89Bs5IILEiZDkgMG8mNyj.jpg,https://image.tmdb.org/t/p/w780/2eW9KOGmaAScWJu0tU5ACiQnAPJ.jpg,2025,12,high,,"['Drama', 'Science Fiction', 'Mystery']","Drama, Science Fiction, Mystery"
1233056,en,The Elephant's Present,"James comes home for the holidays with the intention of repairing the strained relationship with his daughter. Despite his attempt to mend things with a gift, his efforts are rejected, leading James to reluctantly toss the present in the trash. What follows is a series of mishaps, missteps, and misanthropic musings, tracing the discarded gift's journey as it returns to its rightful owner.",0.546500027179718,2025-12-01,The Elephant's Present,0.0,0,https://image.tmdb.org/t/p/w342/rg2BDYcDmMmObAj5a1WGQMKvfWF.jpg,https://image.tmdb.org/t/p/w780/woZIPD0ozB1gXHMylrPtqXEdqQQ.jpg,2025,12,high,,"['Drama', 'Comedy']","Drama, Comedy"
1570855,zh,命抉,,0.5432999730110168,2025-11-15,命抉,0.0,0,https://image.tmdb.org/t/p/w342/vnAq1Eos4ycQhzY7OFjSMWCbuN2.jpg,https://image.tmdb.org/t/p/w780/io9NuAAHpoTD5Ajml5YraSwABlZ.jpg,2025,11,high,,"['Drama', 'Crime']","Drama, Crime"
1363282,en,The Carman Family Deaths,A young man's dramatic rescue at sea spirals into accusations he murdered two members of his wealthy New England family.,0.5414999723434448,2025-11-18,The Carman Family Deaths,0.0,0,https://image.tmdb.org/t/p/w342,https://image.tmdb.org/t/p/w780,2025,11,high,,"['Documentary', 'Crime']","Documentary, Crime"
1506690,it,VAS,"A relationship between two young people geographically distant from each other: Camilla and Matteo, Milan and Naples. A story of love and sex, told by the merciless eye of those who do not believe in fairy tales. The two will be able to heal from their own pathologies in a happy ending that, however, is not consumed.",0.5388000011444092,2025-11-20,VAS,0.0,0,https://image.tmdb.org/t/p/w342/8O27CcGbMkGdxDlX1qaxNHgJuBJ.jpg,https://image.tmdb.org/t/p/w780/9mXDYKPgrbpy664r0HTvlEJxY8H.jpg,2025,11,high,,['Drama'],Drama
1248881,pt,Mãe Fora da Caixa,,0.5376999974250793,2025-11-27,Mãe Fora da Caixa,0.0,0,https://image.tmdb.org/t/p/w342/8Ll9yOcfp0JqRkJwkiHMK0MBbmO.jpg,https://image.tmdb.org/t/p/w780/cMIGMl2qvESIgo9qGM3TQHceaG9.jpg,2025,11,high,,"['Drama', 'Comedy']","Drama, Comedy"
1570262,zh,开心岭,"A story of ""dedication and legacy"" among two generations of railway workers at the Happy Ridge Station Signal Crew on the Qinghai-Tibet Railway.",0.5367000102996826,2025-11-21,Kaixinling Station,0.0,0,https://image.tmdb.org/t/p/w342/fjIW5dOdBMFefvhAWut4DfGRKPa.jpg,https://image.tmdb.org/t/p/w780/ukRRlG3aXyrTVipc1irBkPj3IfM.jpg,2025,11,high,,['Drama'],Drama
1572830,zh,不成功穿越指南,"After failing in the big city, Chen Tao returns home and unexpectedly reunites with his deceased father through an old book, leading to whimsical adventures that heal their rift and inspire him to start anew.",0.53329998254776,2025-11-12,Once Upon A Time,0.0,0,https://image.tmdb.org/t/p/w342,https://image.tmdb.org/t/p/w780,2025,11,high,,['Comedy'],Comedy
1559572,en,ONE SHOT with Ed Sheeran,Global superstar and multi-time Grammy Award winner Ed Sheeran invites you on a journey through bustling New York City in an upcoming music experience unlike any other.,0.5311999917030334,2025-11-20,ONE SHOT with Ed Sheeran,0.0,0,https://image.tmdb.org/t/p/w342/605oFel9QI5O07Orof5yK58X0ty.jpg,https://image.tmdb.org/t/p/w780/4UmO2mWij1dvLa3p0lwavsYMEuj.jpg,2025,11,high,,['Music'],Music
1416893,de,Was Marielle weiß,Julia and Tobias discover that their daughter Marielle has suddenly developed telepathic abilities and can see and hear everything they do. This leads to situations ranging from the awkward to the absurd as uncomfortable truths are revealed.,0.5281000137329102,2025-04-17,What Marielle Knows,6.400000095367432,4,https://image.tmdb.org/t/p/w342/2DeWM9fiVfWJMKhtVvEekUjKIy3.jpg,https://image.tmdb.org/t/p/w780/9D2PaWH8RupHEYnneLuap4hPVaF.jpg,2025,4,high,average,['Comedy'],Comedy
1198724,zh,解碼,,0.5231999754905701,2025-11-21,Ten Chances,0.0,0,https://image.tmdb.org/t/p/w342/vzlOAuCZeGMHEaOtOaFVDweCZFw.jpg,https://image.tmdb.org/t/p/w780/7JlslftHNOpDrhFsioIFw45xeEv.jpg,2025,11,high,,"['Romance', 'Mystery', 'Action', 'Thriller']","Romance, Mystery, Action, Thriller"
1566803,fr,il manque toujours quelque chose (surtout quand on ne sait pas quoi chercher),"Abraham finishes a concert in front of an almost empty venue. As he’s packing up his equipment, a woman calls out to him: he’s forgotten something on stage. Unfortunately, Abraham doesn’t see what she’s talking about and the stage is empty. Thus begins a strange nocturnal wandering in search of that something.",0.5192999839782715,2025-11-17,there’s always something missing (especially when you don’t know what to look for),0.0,0,https://image.tmdb.org/t/p/w342/3CLRjPDpwbUsERU26zYeV8kqolP.jpg,https://image.tmdb.org/t/p/w780,2025,11,high,,"['Comedy', 'Romance']","Comedy, Romance"
1457734,hr,Bog neće pomoći,"A Chilean woman, Teresa, comes into a firmly structured and isolated mountain community of Croatian shepherds in the early 20th century, claiming to be the widow of their émigré brother. Her arrival changes the dynamics between the members of the community and brings unrest, but also inspiration for other women.",0.5184000134468079,2025-11-27,God Will Not Help,0.0,0,https://image.tmdb.org/t/p/w342/vZwHEUsAccqVtlriwg5a0e0zny7.jpg,https://image.tmdb.org/t/p/w780/7J3lWD2snQgnKzRuIIMkByAWijz.jpg,2025,11,high,,['Drama'],Drama
1460411,lt,Kinų jūra,"Champion fighter Osvald is banned from competing after injuring a girl in a street fight. Stranded in his bleak Lithuanian hometown, he takes refuge in a run-down Taiwanese restaurant owned by his only friend, Ju-Long. Court-ordered therapy leads him to Skaistė, a woman who offers a glimpse of a life he's never known. But as Osvald clings to this fragile hope, his violent past resurfaces, forcing him to choose between redemption and self-destruction.",0.5152000188827515,2025-11-18,China Sea,0.0,0,https://image.tmdb.org/t/p/w342/y9ORCjizKIXaadqykoFUpwA7RgF.jpg,https://image.tmdb.org/t/p/w780/AuRtQL2AUhk5PfcYSrNVGRXq0Zh.jpg,2025,11,high,,['Drama'],Drama
1559770,en,The Voyage Out,"Guided by professional hunter Marc Warnke and survival expert Callie Russell, struggling tech entrepreneur Mansal Denton sets out on an eight-day remote wilderness expedition in search of elk, along with answers to some of life’s biggest questions.",0.5109999775886536,2025-11-15,The Voyage Out,0.0,0,https://image.tmdb.org/t/p/w342,https://image.tmdb.org/t/p/w780,2025,11,high,,['Documentary'],Documentary
1572645,ja,さあやとこはる 最終章 ～ピリオドの先へ～,"Final chapter of the Saaya & Koharu Trilogy. Saaya and Koharu are living happily together when Momoka, who is aiming to reach the top of the yuri doujinshi world, stand in their way. In order to take her place at the top, Momoka tries to drive a wedge between Saaya and her rival. Furthermore, Koharu faces a new obstacle when her mother pressures her to marry Makoto.  (R15+ version premiered at the OP PICTURES+ Festival 2025).",0.5077999830245972,2025-11-21,Saaya & Koharu: Final Chapter ~Beyond the End~,0.0,0,https://image.tmdb.org/t/p/w342,https://image.tmdb.org/t/p/w780/vwfyqP4hAnanlLYE7a42PKmhHJY.jpg,2025,11,high,,[],
1142825,es,Crónicas del otro norte,"For almost three years, a foreigner installed in different sites in Chihuahua (northern Mexico), a small trailer called ""La cabina de los sueños"" (The cabin of dreams). An installation open to anyone who wanted to share a dream. One of those that remain engraved in the memory, with the same intensity of a recollection. With the aim of starting to finally recount the story of humanity in its sleep. And to find in that journey, the key to his own story. A story that has tied him, mysteriously, to that place.",0.49950000643730164,2025-11-20,Chronicles from the Other North,0.0,0,https://image.tmdb.org/t/p/w342/kKfTNDHmFdU6Sc0NADEF1TvxYfH.jpg,https://image.tmdb.org/t/p/w780/5W2D99ZjBnHqFG5Z7wUEooGwPtc.jpg,2025,11,high,,['Documentary'],Documentary
1400088,en,My Oh My,A friend tries to pull a man out of a manic depressive episode after a tragic event,0.4975999891757965,2025-12-01,My Oh My,0.0,0,https://image.tmdb.org/t/p/w342,https://image.tmdb.org/t/p/w780,2025,12,high,,[],
1457188,it,Sotto le nuvole,"Naples faces dual volcanic threats from Vesuvius and Campi Flegrei. Amid increasing tremors, archaeologists work as residents live anxiously, haunted by Pompeii's fate while emergency services strain.",0.4916999936103821,2025-09-18,Below the Clouds,7.099999904632568,5,https://image.tmdb.org/t/p/w342/efXUmnIL4mKootNSrASIMzCK5dJ.jpg,https://image.tmdb.org/t/p/w780/iW32nm4xEn8Ku9NUBQM1zZNjECi.jpg,2025,9,high,good,['Documentary'],Documentary
1464517,it,Così Com’è,,0.48649999499320984,2025-05-24,Così Com’è,0.0,0,https://image.tmdb.org/t/p/w342/3N7K2YpuEoExtJSIV4EZnlLRben.jpg,https://image.tmdb.org/t/p/w780/dMnyrzVwLGjVk2WpCJYs0DrqRBL.jpg,2025,5,high,,[],
1386865,pt,Silvio Santos Vem Aí!,,0.4848000109195709,2025-11-20,Silvio Santos Vem Aí!,0.0,0,https://image.tmdb.org/t/p/w342/b0TMdSXWYnCZqykrxAs39bOTnNv.jpg,https://image.tmdb.org/t/p/w780/x4ZxoLyRSnjtY4aXXNUu8vvvKak.jpg,2025,11,high,,['Drama'],Drama
1501318,ko,초콜릿,,0.48399999737739563,2025-11-19,Chocolate,0.0,0,https://image.tmdb.org/t/p/w342/k3EdBl4Qb30dcPCm5YAuUxu4cc4.jpg,https://image.tmdb.org/t/p/w780/jp6l6j0sxzBOFnMuF8avPvqolT2.jpg,2025,11,high,,['Drama'],Drama
1572846,ja,妄想ファンファーレ,"After graduating from high school, reclusive Matsuri spends her days fantasizing, venting her sexual desires. Her father, Toshiaki, and mother, Reiko, worry about their daughter, but enjoy their lovey-dovey days. Every time Matsuri sees her parents enjoying their harmonious life, her delusions intensify. One day, Hiroki, who happens to be passing by, picks up her laundry. The two become close, and Matsuri begins to develop feelings for him. Her world of delusions continues to expand. (R15+ version premiered at the OP PICTURES+ 2025).",0.4814000129699707,2025-12-02,Mōsō fanfare,0.0,0,https://image.tmdb.org/t/p/w342,https://image.tmdb.org/t/p/w780/qD6XQb7AqspxTQii4iQxbnl0UGG.jpg,2025,12,high,,[],
1516949,id,Pesugihan Sate Gagak,"Three friends are caught between the pressures of life and the promise of instant wealth through a crow satay ritual. But when ghosts begin to appear incessantly, they must choose: continue serving for money, or stop before everything spirals out of control.",0.4722999930381775,2025-11-13,Pesugihan Sate Gagak,0.0,0,https://image.tmdb.org/t/p/w342/s05kSDBy9x4XWJ4IV1RMAcqArbb.jpg,https://image.tmdb.org/t/p/w780/2WSwk86KQvOY4b07Jsvp08iLGcj.jpg,2025,11,high,,"['Comedy', 'Horror']","Comedy, Horror"
1339219,en,Bleeding,"In a world where vampire blood is harvested as a drug, two desperate teenagers on the run from a vicious dealer break into an empty house and find a sleeping girl locked inside.",0.4697999954223633,2025-11-20,Bleeding,0.0,0,https://image.tmdb.org/t/p/w342/uMwkeUKBoY52rHevW6UjqGvfZEE.jpg,https://image.tmdb.org/t/p/w780/4z48B5ajwBI6VyH6yF5Z5V3GmDv.jpg,2025,11,high,,"['Horror', 'Thriller', 'Drama']","Horror, Thriller, Drama"
1547689,en,Caravaggio,"Five years in the making, this is the most extensive film ever made about this revolutionary artist. With first-hand testimony from the artist himself on the eve of his mysterious disappearance, this film reveals Caravaggio as never before. Featuring masterpiece after masterpiece and testimony from leading experts from around the world, Caravaggio immerses audiences in the hidden narratives of the artist’s life, piecing together clues embedded within his incredible art.",0.4650999903678894,2025-11-11,Caravaggio,0.0,0,https://image.tmdb.org/t/p/w342/tLD9il9A1bxLSqGHPeTLYA9n8bS.jpg,https://image.tmdb.org/t/p/w780/6EauCF9K2BOrf7zzdckxMwUP6QV.jpg,2025,11,high,,['Documentary'],Documentary
1266805,fr,Les Musiciens,"Astrid Thompson finally succeeds in fulfilling her father's dream: to bring together four Stradivarius for a unique concert, eagerly expected by music lovers around the world. But Lise, George, Peter and Apolline, the four virtuosos recruited for the occasion, are incapable of playing together. The rehearsals are one ego crisis after another. With no solution in sight, Astrid decides to go and find the only person who, in her eyes, can still save the event: Charlie Beaumont, the composer of the score.",0.4627000093460083,2025-05-07,The Musicians,6.300000190734863,39,https://image.tmdb.org/t/p/w342/pNqeQngh0Owmj0l1zbXy3JnJXP3.jpg,https://image.tmdb.org/t/p/w780/4zoQD2dMA5z1rsLzChe1Z6XRifH.jpg,2025,5,high,average,"['Drama', 'Music', 'Comedy']","Drama, Music, Comedy"
1479377,uk,Вартові Різдва,"Trying to discover who now presides over the winter holidays in Ukraine, three legendary gift-givers - Saint Nicholas, Santa Claus, and the ancient Spirit of Winter - race to grant little Vira’s every wish. But Vira, embittered, demands that Christmas be wiped from existence. Instantly, carols and holiday cheer vanish from the city and from everyone’s memory, leaving only sorrow in their place. Stripped of their magic and turned into ordinary mortals, the three must join forces to avert the Armageddon unleashed by Christmas’s disappearance, and to restore Vira’s faith in miracles and hope for a bright future.",0.46000000834465027,2025-11-13,The Guardians of Christmas,0.0,0,https://image.tmdb.org/t/p/w342/jpVYUcs8ECSUpL4hEuH5yaIJMfR.jpg,https://image.tmdb.org/t/p/w780/zSqh4ANF4wxAnC2PHfVwwGxFflb.jpg,2025,11,high,,"['Comedy', 'Fantasy']","Comedy, Fantasy"
1386792,tr,Lefter: Bir Ordinaryüs Hikayesi,"An aspiring footballer defies his strict father to chase his dream, navigating challenges in family, love, and identity - all in the name of greatness",0.45820000767707825,2025-11-14,Lefter: The Story of the Ordinarius,0.0,0,https://image.tmdb.org/t/p/w342/vVfbJov70hS8ktoPZkx5fwa6NTx.jpg,https://image.tmdb.org/t/p/w780,2025,11,high,,['Drama'],Drama
1547921,en,An Alpine Holiday,"Two estranged sisters reunite as their grandmother’s last wish to travel to the French Alps for Christmas to recreate her first trip there with their grandfather. While bonding as sisters, they also make room for romance with between one sister and their French mountaineer guide.",0.45809999108314514,2025-11-29,An Alpine Holiday,0.0,0,https://image.tmdb.org/t/p/w342/dlWl8ncLXnZWQ2zWvNIxRSf4iOY.jpg,https://image.tmdb.org/t/p/w780,2025,11,high,,['Romance'],Romance
1572382,ja,淡いぬくもり,"Misa was at the height of happiness after her boyfriend Kazuki proposed to her. However, Kazuki suddenly disappeared, leaving a note saying, ""Don't look for me."" At the lowest point of despair, one day she bumps into Kazuki on a street at night. For some reason, Kazuki runs away as fast as he could, and Misa desperately chases after him, only to discover that he's living a comfortable life with two strange women... (R15+ version premiered at the OP PICTURES+ Festival 2025).",0.45159998536109924,2025-11-24,Awai nukumori,0.0,0,https://image.tmdb.org/t/p/w342,https://image.tmdb.org/t/p/w780,2025,11,high,,[],
1360785,es,Groove Tails,Mice compete in a street dance competition.,0.45100000500679016,2025-09-04,Groove Tails,0.0,0,https://image.tmdb.org/t/p/w342/k1UHdOhoSCKLCjWAIgRGPUzUFr2.jpg,https://image.tmdb.org/t/p/w780,2025,9,high,,"['Animation', 'Comedy', 'Music', 'Family']","Animation, Comedy, Music, Family"
1555605,zh,叠罗汉,"On a weekend morning, Xiaohu invites his friends to his home since his parents are away at a wedding banquet. While playing, they attempt to step into the adult world, only to realise that things are slowly spiralling beyond their imagination.",0.4471000134944916,2025-11-17,Pile On,0.0,0,https://image.tmdb.org/t/p/w342/jCdcvyyMP8z4wXS4bJwXBjF9YlU.jpg,https://image.tmdb.org/t/p/w780,2025,11,high,,[],
1547524,en,GAME,"Late summer 1993. After stealing a stash of money and drugs, aging raver David crashes his car deep in the woods - trapped in the wreckage, injured and helpless, he hangs suspended between life and death. When a mysterious poacher discovers him, no rescue comes, only a watchful, unsettling presence that seems intent on letting nature finish the job. As the hours stretch and the elements close in, a tense and claustrophobic battle of wills, and wits, unfolds - where survival hinges on outlasting both the wilderness and the predator at its edge.​",0.44609999656677246,2025-11-17,GAME,0.0,0,https://image.tmdb.org/t/p/w342/tTLf0s9nlahvZNrP1qipds7irTO.jpg,https://image.tmdb.org/t/p/w780/dYL4wv9GRYsltiYZ5REdoAzWJKD.jpg,2025,11,high,,"['Thriller', 'Horror']","Thriller, Horror"
1567995,es,Putas,,0.44190001487731934,2025-11-13,Putas,0.0,0,https://image.tmdb.org/t/p/w342/wFurNWkTG8E3JtcEWCu7tFVycu6.jpg,https://image.tmdb.org/t/p/w780/c5KZ3odyNAdZMOGibNGbD5IwKJL.jpg,2025,11,high,,['Drama'],Drama
1559209,de,Melt,"How do people live in snowbound areas? What are the mechanisms for simply moving snow around? How have ski resorts mechanised what ought to be a natural process? Above all, MELT shows us the catastrophic impact of climate change. Glaciers are melting; seasonal snowfall rates are askew; and at the South Pole, an entire continent is breaking apart. What will happen if all these places succumb to rising temperatures? As one scientist states, “that water has to go somewhere.” A film of imposing beauty, MELT is also a comprehensive study of global warming as it is directly experienced by arctic and alpine communities. Geyrhalter offers a stark warning about an ominous future, one we may still be able to avoid.",0.4309000074863434,2025-11-21,Melt,0.0,0,https://image.tmdb.org/t/p/w342/wtZNtOBVkbvUNZjdKyn3Vjoe7HE.jpg,https://image.tmdb.org/t/p/w780/tJxNTC21ScOLwBO7WcihvVKDzgt.jpg,2025,11,high,,['Documentary'],Documentary
1559209,de,Melt,"How do people live in snowbound areas? What are the mechanisms for simply moving snow around? How have ski resorts mechanised what ought to be a natural process? Above all, MELT shows us the catastrophic impact of climate change. Glaciers are melting; seasonal snowfall rates are askew; and at the South Pole, an entire continent is breaking apart. What will happen if all these places succumb to rising temperatures? As one scientist states, “that water has to go somewhere.” A film of imposing beauty, MELT is also a comprehensive study of global warming as it is directly experienced by arctic and alpine communities. Geyrhalter offers a stark warning about an ominous future, one we may still be able to avoid.",0.4309000074863434,2025-11-21,Melt,0.0,0,https://image.tmdb.org/t/p/w342/wtZNtOBVkbvUNZjdKyn3Vjoe7HE.jpg,https://image.tmdb.org/t/p/w780/tJxNTC21ScOLwBO7WcihvVKDzgt.jpg,2025,11,high,,['Documentary'],Documentary
1422972,en,Marion's Lilies,"Reeling from the murder of his wife, a man spirals into darkness and loses himself in the hunt for the killer.",0.43059998750686646,2025-12-01,Marion's Lilies,0.0,0,https://image.tmdb.org/t/p/w342/l7Fimb4ORg1YoqVpvQGAatroc1J.jpg,https://image.tmdb.org/t/p/w780/xWGoSbsOUjN2PkRrPE5Wk92g1oG.jpg,2025,12,high,,"['Thriller', 'Drama', 'Horror']","Thriller, Drama, Horror"
1546963,tr,Soyut Dışavurumcu Bir Dostluğun Anatomisi Veyahut Yan Yana ,,0.42890000343322754,2025-11-14,Soyut Dışavurumcu Bir Dostluğun Anatomisi Veyahut Yan Yana ,0.0,0,https://image.tmdb.org/t/p/w342/yRZUNnZ1dpLSmTErMacHpsPvAML.jpg,https://image.tmdb.org/t/p/w780/438YXcPF7bkEjJUEktMn2GocS6Q.jpg,2025,11,high,,"['Drama', 'Comedy']","Drama, Comedy"
1547915,en,Tidings For The Season,A local newscaster’s life changes when he meets a 10-year-old fan — and his single mother — during the holidays.,0.4260999858379364,2025-11-16,Tidings For The Season,0.0,0,https://image.tmdb.org/t/p/w342/8B59ieVpMESoKNircV4GyvdJ48U.jpg,https://image.tmdb.org/t/p/w780/l0kJDOXyUf2UVaMCsgi6PocSda0.jpg,2025,11,high,,"['Romance', 'Drama']","Romance, Drama"
1550517,en,UFC 322: Della Maddalena vs. Makhachev,"UFC 322: Della Maddalena vs. Makhachev was a mixed martial arts event produced by the Ultimate Fighting Championship that took place on November 15, 2025, at Madison Square Garden in New York City, New York, United States.",0.42080000042915344,2025-11-15,UFC 322: Della Maddalena vs. Makhachev,0.0,0,https://image.tmdb.org/t/p/w342/9NMA6qNCRSUmIARMVY49bEFGPlx.jpg,https://image.tmdb.org/t/p/w780/hxf1caXaIPeZzQec4qsYSuQxOMV.jpg,2025,11,high,,['Action'],Action
1319910,es,Vidas olímpicas,,0.4171999990940094,2025-11-14,Vidas olímpicas,0.0,0,https://image.tmdb.org/t/p/w342/7bcKZ4LRoDuSXeMfdOlPvVknAvE.jpg,https://image.tmdb.org/t/p/w780,2025,11,high,,['Documentary'],Documentary
1427748,fr,Piroshki,,0.4122999906539917,2025-11-28,Piroshki,0.0,0,https://image.tmdb.org/t/p/w342/qL27HxDGtPvJuf1U39mTKJdiNlq.jpg,https://image.tmdb.org/t/p/w780,2025,11,high,,"['Comedy', 'Family']","Comedy, Family"
1554724,kn,ಕೋಕಿಲಾ,"Set in Bengaluru’s restless chaos of fading tongues, simmering pride, and the dark seduction of violence, a young pro-Kannada activist battles his alter ego while dreaming of a fantasy city where his language reigns eternal.",0.412200003862381,2025-11-17,Kokila,0.0,0,https://image.tmdb.org/t/p/w342/wE7R0SHWk2HcDvZm45Cea8QO0CW.jpg,https://image.tmdb.org/t/p/w780/gZuRlKypJaCLUW9uhzcBCtC1Hmo.jpg,2025,11,high,,"['Drama', 'Fantasy']","Drama, Fantasy"
1404713,en,Harvested 4,A small town legend returns from the dead to serve vengeance on Thanksgiving night.,0.4090999960899353,2025-11-25,Harvested 4,0.0,0,https://image.tmdb.org/t/p/w342/yoft4GCGyVvKCrr1JIeTP1xzFam.jpg,https://image.tmdb.org/t/p/w780/fioaysX5RkyLxPXVwjXsMfUozVZ.jpg,2025,11,high,,"['Horror', 'Thriller']","Horror, Thriller"
1554268,en,SKIT,"In 2007, at the dawn of user-generated content, three female college students are determined to make a viral YouTube video.",0.4074999988079071,2025-11-14,SKIT,0.0,0,https://image.tmdb.org/t/p/w342/jEiJ9UyjATac8Zf6pCkI6pSrP6T.jpg,https://image.tmdb.org/t/p/w780,2025,11,high,,['Comedy'],Comedy
1550797,en,Prep & Landing: The Snowball Protocol,"When their holiday missions go awry, Wayne thinks he is in BIG trouble with Santa, which opens a vault of merry mishaps from the past.",0.4032999873161316,2025-11-27,Prep & Landing: The Snowball Protocol,0.0,0,https://image.tmdb.org/t/p/w342/g5ga2b2HZ2Q04AOaeOF1ort4DIl.jpg,https://image.tmdb.org/t/p/w780/tombkp3ir9tmm5v9QLnHaDZCWa7.jpg,2025,11,high,,['Animation'],Animation
1291040,it,Natale senza Babbo,"When Santa Claus, during an existential crisis, decides to take a vacation and suddenly disappears, his wife Margaret - always ready to support (and endure) her husband Nicola - has nothing left to do but roll up her sleeves and save the most special day of the year. It won’t be an easy task, because the enterprising witch Sabrina, better known as the “Befana,” and her friend Santa Lucia are determined to steal the show from Santa Claus by becoming the stars of the Holidays.",0.4000999927520752,2025-11-26,Natale senza Babbo,0.0,0,https://image.tmdb.org/t/p/w342,https://image.tmdb.org/t/p/w780,2025,11,high,,"['Comedy', 'Family']","Comedy, Family"
1392934,en,The Mime,"When a murderous mime starts a killing spree in a quiet neighborhood, an already injured teenager must survive his onslaught of terror.",0.38960000872612,2025-12-01,The Mime,0.0,0,https://image.tmdb.org/t/p/w342/38OrMvLlFsahetItJMYAExA69vV.jpg,https://image.tmdb.org/t/p/w780/wSeLzwqur9dTjdKpawh6Ain6hzA.jpg,2025,12,high,,"['Horror', 'Thriller']","Horror, Thriller"
1323414,zh,永无止境,"ZHANG Weili, the first-ever Asian UFC women’s world champion, secured the UFC strawweight belt with a 42-second TKO victory over the reigning female boxing champion. She successfully defended her title against the legendary fighter Joanna. However, after two back-to-back defeats at the peak of her career, she found herself in a personal slump. Determined to reclaim her identity, she took the bold step of cutting off her long hair.",0.38839998841285706,2025-11-16,Unstoppable,0.0,0,https://image.tmdb.org/t/p/w342/zotUoPz1p97gciLcm0CkqgxtQiJ.jpg,https://image.tmdb.org/t/p/w780,2025,11,high,,['Documentary'],Documentary
1569889,en,Christmas North of Nashville,"After losing her big-city job, Jules returns home to save her family’s Christmas carnival, rediscovering love, community, and holiday spirit.",0.3831999897956848,2025-11-23,Christmas North of Nashville,0.0,0,https://image.tmdb.org/t/p/w342/vR6M0XRFYKfzns5Tn5rpn0z0TCo.jpg,https://image.tmdb.org/t/p/w780,2025,11,high,,['Romance'],Romance
1567524,en,Benita,"Two directors' unexpected joint project explores life, death, imagination and existence, while examining how mental wellness and artistic expression intertwine.",0.37599998712539673,2025-11-14,Benita,0.0,0,https://image.tmdb.org/t/p/w342,https://image.tmdb.org/t/p/w780,2025,11,high,,['Documentary'],Documentary
1496919,en,Shadow Transit,"A grief-stricken photojournalist and a haunted DJ are forced to navigate the underbelly of Manila and Hong Kong, while evading a powerful crime syndicate.",0.3732999861240387,2025-11-14,Shadow Transit,0.0,0,https://image.tmdb.org/t/p/w342/JauquyqKeuwLHVAbtuMZrfXXlF.jpg,https://image.tmdb.org/t/p/w780,2025,11,high,,"['Action', 'Crime', 'Thriller']","Action, Crime, Thriller"
1566518,en,Zucchini,"Two girls from Austin are driven by one's brother to New Orleans, and make a movie along the way.",0.3709999918937683,2025-11-18,Zucchini,0.0,0,https://image.tmdb.org/t/p/w342/g2ZeZTmpXdwkPKWtLLc8uJdvHWP.jpg,https://image.tmdb.org/t/p/w780/xvy8lbYXQd14IS0LgW7ZftR7KyV.jpg,2025,11,high,,"['Comedy', 'Romance', 'Music']","Comedy, Romance, Music"
1548217,en,Bird Boy,"August, a troubled young orphan, finds an abandoned ostrich egg and raises a giant, bird-brained best friend. When his ostrich is taken away, August risks everything to get him back.",0.367900013923645,2025-11-28,Bird Boy,0.0,0,https://image.tmdb.org/t/p/w342/jdzNaGTOIungI7OE9QD0dEIvcSj.jpg,https://image.tmdb.org/t/p/w780,2025,11,high,,[],
1562476,en,Stardust Future: Stars and Scars,"Described as the first feature-length film created entirely with artificial intelligence, Stardust Future examines climate crisis, conflict, mortality and human awareness through a philosophical lens that questions whether advancing technology can coexist with natural balance.",0.366100013256073,2025-11-29,Stardust Future: Stars and Scars,0.0,0,https://image.tmdb.org/t/p/w342,https://image.tmdb.org/t/p/w780,2025,11,high,,"['Animation', 'Action', 'Fantasy']","Animation, Action, Fantasy"
1217805,tr,Faruk,"Faruk, who is over 90 years old, increasingly becomes the protagonist in the film his daughter is making about the impending demolition of his block of flats in Istanbul. A story about gentrification and a complex father-daughter relationship.",0.36550000309944153,2025-11-27,Faruk,0.0,0,https://image.tmdb.org/t/p/w342/99bnAisQUc4v2WNsKRrleLBAQpa.jpg,https://image.tmdb.org/t/p/w780/rbrvhVYqVDNtScBcwA86hXwdCqs.jpg,2025,11,high,,"['Documentary', 'Drama']","Documentary, Drama"
951038,uk,Тиха повінь,"Set by a beautiful river canyon in Western Ukraine, a pacifist community with unique religious beliefs, sees their peaceful way of life gradually distressed by regular floods and eventually an unexpected war.",0.3626999855041504,2025-11-16,Silent Flood,0.0,0,https://image.tmdb.org/t/p/w342/nfteOfsZxJG3txi9qtCqERrYMlM.jpg,https://image.tmdb.org/t/p/w780/nS8opGhnxDvn49vSr9LQ4bQ3dly.jpg,2025,11,high,,['Documentary'],Documentary
1175475,en,The Skull,"The Skulls is a dream come true. But Luke soon comes to realize just how powerful The Skulls organization really is -- and that the truth, like success, comes at a very high price.",0.3619999885559082,2025-11-12,The Skull,0.0,0,https://image.tmdb.org/t/p/w342/6N4hQ8x78zaFunJRcHFZLt0rFSz.jpg,https://image.tmdb.org/t/p/w780,2025,11,high,,['Science Fiction'],Science Fiction
1559455,no,Min første kjærlighet,"At 19, Ella is ready to begin her adult life on her own terms. Born with a disability and having always used a wheelchair, she dreams of moving into her first apartment when she leaves home to study. Instead, a denied application for assistance forces her into an institution – a crushing blow to her long-awaited independence. Just as the walls of bureaucracy close in, Ella experiences something entirely new: her first love.",0.3605000078678131,2025-11-19,My First Love,0.0,0,https://image.tmdb.org/t/p/w342,https://image.tmdb.org/t/p/w780/ylGma5xz1z8CSqQC8bRWP6wq1cB.jpg,2025,11,high,,"['Drama', 'Romance']","Drama, Romance"
965053,uk,A Rising Fury,"Following the 2013 Maidan Revolution in Kyiv, A Rising Fury takes viewers to the front lines of a growing conflict between Ukraine and Russia to witness firsthand a war that is tearing country and family apart.",0.36039999127388,2025-11-20,A Rising Fury,0.0,0,https://image.tmdb.org/t/p/w342/eon1d3sw3c75bJy32ZFxafrHcUM.jpg,https://image.tmdb.org/t/p/w780,2025,11,high,,['Documentary'],Documentary
1482360,en,Royal Ballet & Opera 2025/26: Cinderella,"Stuck at home and put to work by her spoiled Step-Sisters, Cinderella’s life is dreary and dull. Everything changes when she helps a mysterious woman out...  With a little bit of magic, she is transported into an ethereal new world – one where fairies bring the gifts of the seasons, where pumpkins turn into carriages, and where true love awaits.",0.3596000075340271,2025-11-25,Royal Ballet & Opera 2025/26: Cinderella,0.0,0,https://image.tmdb.org/t/p/w342/7iuxR77jgFvH2B3HOP4gcYvcyVc.jpg,https://image.tmdb.org/t/p/w780/nqRCeLmJM2GBle0Qz7BGyleBObp.jpg,2025,11,high,,[],
1564115,zh,甘露水,"Daughter of Nectar, a gracefully carved marble nude from 1921 by Huang Tu-shui, Taiwan's inaugural modern sculptor, encapsulates a complex century of Taiwanese history, spanning from Japanese colonisation to Chiang Kai-shek's authoritarian rule and the White Terror era. This sculpture, both delicate and resilient, stands as a silent sentinel, mirroring the enduring struggles, suppressed voices, and profound cultural transformations of its homeland.",0.35850000381469727,2025-11-16,Daughter of Nectar,0.0,0,https://image.tmdb.org/t/p/w342/6V1PYz2a5KmD8HwB1PyghjVen7N.jpg,https://image.tmdb.org/t/p/w780/mn3mIflKE7QxEFXlVzDjSBLWWL6.jpg,2025,11,high,,['Documentary'],Documentary
1472940,fr,Prisonnière,"Stuck in a tunnel after a car crash, an amnesic woman needs to escape the wreck before it explodes. But the memories that come back to her in flashes are revealing another shocking story…",0.35670000314712524,2025-11-13,Prisonnière,0.0,0,https://image.tmdb.org/t/p/w342/uVsKudQbxEzjmKBzbK79kg40NUL.jpg,https://image.tmdb.org/t/p/w780/1U952KMDPk7439X0nj3mxtccdsN.jpg,2025,11,high,,"['Thriller', 'TV Movie']","Thriller, TV Movie"
1162639,lv,Nospiedumi,Liv's estranged alcoholic dad is about to die. The doctors at the hospital make no sense. Her husband is about to have a midlife crisis. Her washing machine is broken. She thinks she'll be fine as these are regular adult problems. Spoiler alert: she won't.,0.35199999809265137,2025-11-18,"Flesh, Blood, Even a Heart",0.0,0,https://image.tmdb.org/t/p/w342/1PDrnMVHS9NEJ2bHNjAjxuOwCaV.jpg,https://image.tmdb.org/t/p/w780/89KVh17RkUhTFtHw7FRBqGF7y0p.jpg,2025,11,high,,"['Drama', 'Comedy']","Drama, Comedy"
1572146,en,Big Winners,"A story about Edith and Arthur Thistle – for fifty-three years, they have managed to get by—never rich, never extravagant, but always together. That all changes in an instant when they win fourteen million pounds in the lottery. Arthur dreams of spending big, finally tasting the high life. But before the celebrations can begin, Edith drops a bombshell: she wants a divorce. Big Winners is about opportunity, who gets to seize the day and who gets left behind. A thrilling, funny, deeply emotional exploration of lives lived, and lives missed.",0.34929999709129333,2025-11-27,Big Winners,0.0,0,https://image.tmdb.org/t/p/w342/zHEiaARLlVTWDl72gvi3t1UrLfM.jpg,https://image.tmdb.org/t/p/w780,2025,11,high,,[],
1377256,es,Macdo,"Macdo captures a Mexico City family's Christmas Eve in 1997 through the lens of a home video camera, revealing the intricate balance between affection and control. As we witness a seemingly warm celebration, the film peels back layers of family dynamics, exposing how love and power intersect in complex ways that blur the boundaries between closeness and dominance.",0.3481000065803528,2025-11-04,Macdo,0.0,0,https://image.tmdb.org/t/p/w342/7VfFSepNu2AVnJfn5J9KFXSIKWn.jpg,https://image.tmdb.org/t/p/w780/k5hHX9jeww7s8zouj4rgCVXzAwh.jpg,2025,11,high,,"['Comedy', 'Drama']","Comedy, Drama"
1562449,en,Trillion,"A woman walks over jagged, weather-beaten rocks by the sea. She is barefoot, wearing a simple white dress. The wind blows unchecked, her face hidden beneath the brim of a floppy hat. She walks and walks, resolute. Sometimes she carries a large jute bag. What is happening here?",0.3458999991416931,2025-11-16,Trillion,0.0,0,https://image.tmdb.org/t/p/w342,https://image.tmdb.org/t/p/w780,2025,11,high,,['Documentary'],Documentary
1572139,en,Never Too Late,"An irreverent take on ageing, following a rebellious woman forced to start over in a retirement village. Set in a deceptively peaceful retirement village, this darkly comic drama follows sharp-tonged, fiercely independent Cynthia as she’s reluctantly moved in by her daughter. Cynthia clashes with eccentric residents, oppressive rules, and the surprise reappearance of her old rockstar fling from the 1970s. What begins as a mission to get kicked out becomes something more complicated, as she’s forced to confront long-buried secrets, strained family ties, and the unexpected possibility of starting over. It’s a story about second chances, unlikely friendships, and how the messy, defiant reality that life – and love – don’t end with retirement.",0.34389999508857727,2025-11-13,Never Too Late,0.0,0,https://image.tmdb.org/t/p/w342,https://image.tmdb.org/t/p/w780,2025,11,high,,[],
1388542,en,Indecipherable,A boy gets trapped in his house at night all alone as he starts losing himself in his thoughts and starts to understand the possibility of not being alone.,0.3434000015258789,2025-11-15,Indecipherable,0.0,0,https://image.tmdb.org/t/p/w342/pdyjfks1zdgwv0h67yjmqSeB29C.jpg,https://image.tmdb.org/t/p/w780/hChFbLnb8I9VwqaRVgzZByk1PcB.jpg,2025,11,high,,"['Horror', 'Drama']","Horror, Drama"
1575535,es,Tormento,"An exhausted security guard is transferred to a morgue and, on their first night, discovers that the shadows and silences hide a torment from which there may be no return.",0.33660000562667847,2025-11-13,Tormento,0.0,0,https://image.tmdb.org/t/p/w342/A1IIe6aVv7ohcB94q7EwjzdpLpc.jpg,https://image.tmdb.org/t/p/w780/qOK5qL8R29esY07e5J4D8IBx2Lg.jpg,2025,11,high,,['Horror'],Horror
1393334,id,Legenda Kelam Malin Kundang,"After surviving an accident, Alif, a micro-painting artist, is told by his doctor that his memory hasn’t fully recovered. When a woman claiming to be his mother comes to visit, Alif begins to sense something is wrong—he doesn’t recognize her face, and he suspects she might not be his mother.",0.33629998564720154,2025-11-27,Smothered,0.0,0,https://image.tmdb.org/t/p/w342/4bFkVW0M0WVBxDCt06lj51qUQ3N.jpg,https://image.tmdb.org/t/p/w780/t7f2pznu0FlXmqXhaRoxuDQ5zOM.jpg,2025,11,high,,"['Drama', 'Mystery', 'Thriller']","Drama, Mystery, Thriller"
1567828,en,Plan C for Civilization,"The work of solar geoengineering proponent David Keith exists in a high-stakes terrain where cutting-edge research, environmental activism, public ethics, and global politics collide.",0.33570000529289246,2025-11-20,Plan C for Civilization,0.0,0,https://image.tmdb.org/t/p/w342,https://image.tmdb.org/t/p/w780,2025,11,high,,['Documentary'],Documentary
1550233,en,The Christmas Writer,"When a bestselling lesbian Christmas author is paralyzed by writer's block after her mother's passing, she returns to her hometown searching for inspiration-and finds it in the form of a charming single mom who owns the local bookstore, forcing her to choose between the life she built and the love she never saw coming.",0.33410000801086426,2025-11-16,The Christmas Writer,0.0,0,https://image.tmdb.org/t/p/w342/tPsh88I7W1IpiHpQBQQQh69QIjK.jpg,https://image.tmdb.org/t/p/w780/1bsH7teUoatKsconAs06SsKOxHh.jpg,2025,11,high,,"['Comedy', 'Romance']","Comedy, Romance"
1572808,ja,ＨＡＰＰＹ ＤＡＹ,"Emily is a typical ""stomp girl."" Believing the grass is always greener on the other side, she flirts with other people's boyfriends. One day, she falls in love at first sight with Naomi's boyfriend, Souta. With the help of Shota, a stalker who is also in love with Naomi, she tries every trick in the book to get Souta. However, her over-the-top nature backfires, and the scheming Emily becomes consumed by her own schemes.  (R15+ version premiered at the OP PICTURES+ Festival 2025).",0.3319000005722046,2025-11-28,Happy Day,0.0,0,https://image.tmdb.org/t/p/w342,https://image.tmdb.org/t/p/w780/dkjNd2buYmMwTIbrFGeJL4nvR9f.jpg,2025,11,high,,[],
1507573,en,National Theatre Live: The Fifth Step,"Olivier Award-winner Jack Lowden (Slow Horses, Dunkirk) is joined by Emmy and BAFTA-winner Martin Freeman (The Hobbit, The Responder) in the critically acclaimed and subversively funny new play by David Ireland.  After years in the 12-step programme of Alcoholics Anonymous, James becomes a sponsor to newcomer Luka. The pair bond over black coffee, trade stories and build a fragile friendship out of their shared experiences. But as Luka approaches step five – the moment of confession – dangerous truths emerge, threatening the trust on which both of their recoveries depend.  Finn den Hertog directs the provocative and entertaining production filmed live from @sohoplace on London’s West End.",0.33180001378059387,2025-11-28,National Theatre Live: The Fifth Step,0.0,0,https://image.tmdb.org/t/p/w342/6lA6FDmP6YZV9CO8K9VhWmmcwyz.jpg,https://image.tmdb.org/t/p/w780/9dXwJwaJJPwlAhxb53Fy6kPdN4o.jpg,2025,11,high,,"['Drama', 'Comedy']","Drama, Comedy"
1559776,en,The A List: 15 Stories from Asian and Pacific Diasporas,"Sandra Oh, Sen. Tammy Duckworth, Kumail Nanjiani, Amanda Nguyen, Connie Chung, and beyond: their worlds may be disparate, but they’ve all, in their unique ways, navigated what it means to be Asian in relation to their American identities. While their success has been fraught with racism, they share their stories of losses and wins.",0.3260999917984009,2025-11-17,The A List: 15 Stories from Asian and Pacific Diasporas,0.0,0,https://image.tmdb.org/t/p/w342,https://image.tmdb.org/t/p/w780,2025,11,high,,['Documentary'],Documentary
1570931,it,Avemmaria,,0.3255000114440918,2025-11-23,Avemmaria,0.0,0,https://image.tmdb.org/t/p/w342/dVFHYhDSG5WwIyLzYiCHYrXTbk0.jpg,https://image.tmdb.org/t/p/w780,2025,11,high,,[],
1413526,en,"TMNT: Evolution, Mutation, and Reboot","The filmmakers behind Turtle Power return for another definitive deep dive into the Teenage Mutant Ninja Turtles, focusing on how the Turtles evolved over time and adapted to new generations, yet retained the essence of what made them unique in the first place.",0.32109999656677246,2025-12-01,"TMNT: Evolution, Mutation, and Reboot",0.0,0,https://image.tmdb.org/t/p/w342/e9Xa38zV33EAetcz8nkOqENS86j.jpg,https://image.tmdb.org/t/p/w780,2025,12,high,,['Documentary'],Documentary
1572655,ja,男装カフェで逢いましょう,"Kaoru, who works at a cross-dressing cafe, is suddenly left without a place to live when his fiancé, Hayashitaro, who shows no understanding of Kaoru's hobby, announces that he wants to end their cohabitation. With no money and nowhere to go, Kaoru is saved by a shared house introduced to her by her colleague, Ruri. There she finds out that Yasumichi is living there, having escaped from his wife's constraints that ""men should be strong."" The two awkwardly begin to grow closer. (R15+ version premiered at the OP PICTURES+ Festival 2025).",0.32010000944137573,2025-11-25,Danso cafe de aimashou,0.0,0,https://image.tmdb.org/t/p/w342,https://image.tmdb.org/t/p/w780/wltqeI87nInw1W4IDsRPVYYEkxj.jpg,2025,11,high,,[],
1494703,en,Pixel Rot,"Pixel Rot is a lo-fi horror short shot on a 3DS. What starts as casual footage slowly unravels into something broken—glitches that shouldn't be there, moments that were never filmed. The camera remembers more than it should.",0.3197999894618988,2025-10-26,Pixel Rot,7.5,2,https://image.tmdb.org/t/p/w342/rNhM4HJWLb3sAIdnYoWXRax07fn.jpg,https://image.tmdb.org/t/p/w780/5ZvfT0l6L8sKEv4OoYbaafwcUN0.jpg,2025,10,high,good,"['Horror', 'Thriller']","Horror, Thriller"
1221719,fr,Dites-lui que je l’aime,"A filmmaker takes on adapting a book about mother-daughter relationships, stirring up memories of her own childhood trauma and the mother who left her as an infant.",0.3192000091075897,2025-12-03,Tell Her That I Love Her,0.0,0,https://image.tmdb.org/t/p/w342/5s2TmudKv5urU5lHXtbxZoYTt4D.jpg,https://image.tmdb.org/t/p/w780/3il3iK1GqDwtv6UzkvnTMfr0Kip.jpg,2025,12,high,,"['Drama', 'Comedy']","Drama, Comedy"
1506277,hu,Szenvedélyes nők,"Lilla, a forty-something couples therapist devoted to her family, is blindsided when her husband suddenly leaves her for a younger nail technician. Struggling with heartbreak, Lilla finds herself being pushed by her headstrong daughter, Zsófi, and her no-nonsense mother, Vilma, to snap out of her depression and start dating again. In a bid to lift her spirits, Vilma introduces Lilla to a charming journalist — but things take an unexpected turn when Zsófi discovers a potential match of her own for her mother.",0.3167000114917755,2025-11-27,Passionate Women,0.0,0,https://image.tmdb.org/t/p/w342/rQV3WscBSQGZZnvGLaDKTCda7yu.jpg,https://image.tmdb.org/t/p/w780/sCxQewhPYEcZRqDMu1OoYDwX93C.jpg,2025,11,high,,"['Romance', 'Comedy']","Romance, Comedy"
1463525,it,Fiji,"Four young flight attendants from a low-cost airline find themselves in a hotel room the day before their flight. Two of them have never flown before, while the other two have. To ease their anxiety, they laugh and joke together, until a role-playing game disrupts the balance of the group.",0.31529998779296875,2025-11-14,Fiji,0.0,0,https://image.tmdb.org/t/p/w342/fdtkLbULgtm5HVnhy6X4atwdBrx.jpg,https://image.tmdb.org/t/p/w780/kdCnyXDB29loIfwNUVnAt1oeh8q.jpg,2025,11,high,,[],
1574277,en,Art and Science Collide,"Art & Science Collide weaves together compelling stories of artists participating in the Getty’s 2024-2025 Southern California art event, PST ART. Exploring the deep, often overlooked connections between two fields commonly seen as opposites — art and science — the film highlights collaborations between artists and scientists in Southern California to address some of humanity’s most urgent challenges, from climate change and space exploration to biodiversity and environmental justice.",0.3138999938964844,2025-11-12,Art and Science Collide,0.0,0,https://image.tmdb.org/t/p/w342,https://image.tmdb.org/t/p/w780,2025,11,high,,['Documentary'],Documentary
1399705,lt,Siena,"Ornithologist Vilius, trapped by guilt and loss, gets himself into a dangerous smuggling business,  unexpectedly, this criminal activity forces him to rethink his life and reconnect with his daughter.",0.31299999356269836,2025-11-20,Borderline,0.0,0,https://image.tmdb.org/t/p/w342/74H2afCxOAVTaaZSODYhmQ8HEFP.jpg,https://image.tmdb.org/t/p/w780/9cIIzVShApDYZOEfgt7PC8Wd7fX.jpg,2025,11,high,,['Drama'],Drama
1545999,en,Christmas at the Catnip Cafe,"When a marketing executive learns she’s short on the down payment for her dream condo, she’s informed that her great aunt left her half of a cat café in upstate New York. Hoping to sell it before the holidays, she then meets Dr. Ben Kane, the veterinarian who owns the other half, and has no intention of closing.",0.3127000033855438,2025-11-30,Christmas at the Catnip Cafe,0.0,0,https://image.tmdb.org/t/p/w342,https://image.tmdb.org/t/p/w780,2025,11,high,,['Romance'],Romance
1424569,de,Satanische Sau,"Rosa von Praunheim is the satanic sow, incarnated by the wanton actor Armin Dallapiccola. A poetic compendium of life and death with pushy fans, the Good Lord, lovers and Rosa’s horrified mother.",0.3116999864578247,2025-11-27,Satanic Sow,0.0,0,https://image.tmdb.org/t/p/w342/krLAFrlc8Sp8FAXoKxBTDDhRyEC.jpg,https://image.tmdb.org/t/p/w780/2k9nkZCIw2zA7mNUOjqQD0kzLJW.jpg,2025,11,high,,['Documentary'],Documentary
1464323,nl,Rietland,"Upon discovering the lifeless body of a young girl on his land, a reclusive farmer is overcome by a strange feeling. As he is taking care of his granddaughter, he sets off on a quest for truth, determined to uncover the key to this tragedy. But evil sometimes lurks behind the most ordinary forms...",0.3109999895095825,2025-10-09,Reedland,6.0,1,https://image.tmdb.org/t/p/w342/kTRGVm6d5hUzhPO6qb0boddIBIY.jpg,https://image.tmdb.org/t/p/w780/cPScfLl6OBogElmU5WabFuA40Dz.jpg,2025,10,high,average,['Drama'],Drama
1556702,en,Bucky!,"Produced by PBS Wisconsin, Bucky! chronicles the history and impact of the state’s most iconic mascot.",0.3091000020503998,2025-12-02,Bucky!,0.0,0,https://image.tmdb.org/t/p/w342,https://image.tmdb.org/t/p/w780,2025,12,high,,[],
1564968,en,They Kill By Night,"With reports of a serial killer on the loose, a curious woman locked out of her roadside motel room turns to the stranger next door for help.",0.30889999866485596,2025-11-30,They Kill By Night,0.0,0,https://image.tmdb.org/t/p/w342/75IB3sCEzxpvBwXjGSL7At1N0NY.jpg,https://image.tmdb.org/t/p/w780,2025,11,high,,[],
1551461,en,Alfie & Ed,Alfie and Ed’s plans for the perfect weekend with their cowboy-crazy granddaughter go awry when she makes a dangerous discovery….,0.3084999918937683,2025-11-12,Alfie & Ed,0.0,0,https://image.tmdb.org/t/p/w342,https://image.tmdb.org/t/p/w780,2025,11,high,,[],
1465762,en,Château,"In summer 2025, the Van Drayens gathers at their secluded estate, The Château, for their annual family dinner. But as the patriarch reveals the contents of his will, simmering tensions erupt, threatening to tear the family apart.",0.30630001425743103,2025-11-30,Château,0.0,0,https://image.tmdb.org/t/p/w342/e0xrOYdeeiSWqUQUTYJD8Ug4QIp.jpg,https://image.tmdb.org/t/p/w780,2025,11,high,,"['Family', 'Drama', 'Comedy']","Family, Drama, Comedy"
1445182,de,Neo Nuggets - Eine Pulled Pork Komödie,,0.303600013256073,2025-10-16,Neo Nuggets - Eine Pulled Pork Komödie,0.0,0,https://image.tmdb.org/t/p/w342/k2gxCZAalkwQywTU8K8ZAoZOkqM.jpg,https://image.tmdb.org/t/p/w780/mmasw8SL5Q42LxYVLY6TDY7QXUv.jpg,2025,10,high,,['Comedy'],Comedy
1555998,ja,アイドリッシュセブン First BEAT! 劇場総集編 前編,,0.30230000615119934,2025-10-03,IDOLiSH7 First BEAT! Movie Edition Part 1,0.0,0,https://image.tmdb.org/t/p/w342/3yJVoWc3yQLiVKMdu7XfYtlGC61.jpg,https://image.tmdb.org/t/p/w780/8IzTUOuxZBNMt3hb6pFGb5cBrA4.jpg,2025,10,high,,"['Animation', 'Music']","Animation, Music"
1418508,fr,"Je n’avais que le néant - ""Shoah"" par Lanzmann","Forty years after the release of Claude Lanzmann’s monumental film Shoah, Guillaume Ribot reveals the director’s relentless pursuit to tell the untold, using only Lanzmann’s words and unseen footage from the masterpiece.",0.3021000027656555,2025-11-26,All I Had Was Nothingness,0.0,0,https://image.tmdb.org/t/p/w342/qDKfNz1y5NnLQzWWyjDD6JKR0a3.jpg,https://image.tmdb.org/t/p/w780/jz3iuKMZqTlCbcmcXBXQWKUHVeD.jpg,2025,11,high,,"['Documentary', 'History']","Documentary, History"
1418508,fr,"Je n’avais que le néant - ""Shoah"" par Lanzmann","Forty years after the release of Claude Lanzmann’s monumental film Shoah, Guillaume Ribot reveals the director’s relentless pursuit to tell the untold, using only Lanzmann’s words and unseen footage from the masterpiece.",0.3021000027656555,2025-11-26,All I Had Was Nothingness,0.0,0,https://image.tmdb.org/t/p/w342/qDKfNz1y5NnLQzWWyjDD6JKR0a3.jpg,https://image.tmdb.org/t/p/w780/jz3iuKMZqTlCbcmcXBXQWKUHVeD.jpg,2025,11,high,,"['Documentary', 'History']","Documentary, History"
1468532,en,WWE Survivor Series: WarGames 2025 Post-Show,"WWE Superstars and analysts break down the results from Survivor Series: WarGames 2024, including press conference highlights and reactions.",0.2971000075340271,2025-11-29,WWE Survivor Series: WarGames 2025 Post-Show,0.0,0,https://image.tmdb.org/t/p/w342/32yFAPc42cUD6QPQsurbZYXUYaA.jpg,https://image.tmdb.org/t/p/w780/wqCxeF8gYqRuKsq3qCQxQxq4QAo.jpg,2025,11,high,,[],
1085692,en,Passenger Jet,"Set in September of 1971, Lacy, a teenage hitchhiker, gets lost in a remote forest, where she spends many hallucinatory, surrealistic days and nights attempting to escape.",0.296099990606308,2025-11-16,Passenger Jet,0.0,0,https://image.tmdb.org/t/p/w342/74JZQaUNbEQyfNOWZka2NRgbNQb.jpg,https://image.tmdb.org/t/p/w780,2025,11,high,,"['Horror', 'Fantasy']","Horror, Fantasy"
1563540,ar,ميرا,"In a quiet Moroccan village nestled between sun-baked hills, 13-year-old Mira lives with her stern, widowed grandmother, Zainab. Her world is simple. Trees. Traps. The flutter of wings. Mira spends her days freeing wild birds, chasing shadows through pine-scented forests. But one day, strangers arrive. Illegal immigrants. Foreign. Silent. Hunted. They speak in a language she doesn't know – but something in her stirs.",0.29190000891685486,2025-11-18,Mira,0.0,0,https://image.tmdb.org/t/p/w342/tIxl682pJ2asgF08taMRfbkdg7j.jpg,https://image.tmdb.org/t/p/w780/iffstNX3kalZpvhjQ9DOb2W5yOF.jpg,2025,11,high,,['Drama'],Drama
1375388,de,Formen moderner Erschöpfung,"The story of two people going through crises coincides with the reality of the last sanatorium of its kind. For over 100 years, people have come to this place in the hope of being cured. So do Nina and Henri, both in mid-life, burnt out, and from different backgrounds. Their paths cross between the dining room and therapy, at a time when they are struggling to find their inner peace. Then the place is snowed in and everything becomes slow and quiet. The ghosts and stories from the long corridors become their companions. While the two read each other the riot act and try to forget their loneliness, a historian digs through the house archives for documents from the early days of the sanatorium. She researches the sanatorium as a focal point of the modern history of exhaustion and traces a narrative from neurasthenia to the inner restlessness of the present for her dissertation. The house becomes a setting for an archaeology of exhaustion.",0.2915000021457672,2025-11-13,Formen moderner Erschöpfung,0.0,0,https://image.tmdb.org/t/p/w342/4zdsuHO6YaXxfqIFeMOVKCbD3j6.jpg,https://image.tmdb.org/t/p/w780/uHeUr0WnoZc28sRNjPpyLsqA0ag.jpg,2025,11,high,,['Drama'],Drama
1559680,en,Sandbox,"In Singapore, a stuntman teams up with his brother and ex-sister-in-law to keep their declining stunt school alive. Just as their dream seems about to fade, a rumour that Marvel Studios is scouting locally brings a surge of wannabe superheroes and misfits to their doorstep, convinced they’ll be whipped into crime-fighting shape.",0.289900004863739,2025-11-30,Sandbox,0.0,0,https://image.tmdb.org/t/p/w342/rgM3DeePdWVUvWX2rGH7yj53GZl.jpg,https://image.tmdb.org/t/p/w780,2025,11,high,,"['Comedy', 'Drama', 'Action']","Comedy, Drama, Action"
1509739,en,John Cleese Packs It In,"Will he make it home ... or is this the end of the road?  One of the most recognisable figures in British comedy, John Cleese's career spans six decades - from his early days with the Cambridge Footlights to co-founding Monty Python, co-creating Fawlty Towers, and writing and starring in the Oscar-nominated “A Fish Called Wanda”. His unique brand of black humour has made him a global icon and intergalactic  treasure.",0.289900004863739,2025-11-13,John Cleese Packs It In,0.0,0,https://image.tmdb.org/t/p/w342/xItxHLN9d1Kw6aQ7P3x3qtba9O2.jpg,https://image.tmdb.org/t/p/w780,2025,11,high,,"['Documentary', 'Comedy']","Documentary, Comedy"
1473321,bn,মন মানে না,A romance by Rahool Mukherjee.,0.2896000146865845,2025-11-14,Mon Mane Na,0.0,0,https://image.tmdb.org/t/p/w342/dOAMRKFqeZYzHmBGW8SiXG0Kj4K.jpg,https://image.tmdb.org/t/p/w780,2025,11,high,,['Romance'],Romance
1563925,en,Chris Hemsworth: A Road Trip to Remember,"In his most personal documentary yet, Chris Hemsworth turns the camera on his own family after his dad’s recent Alzheimer’s diagnosis. They embark on a road trip into their past, exploring the science of social connection and how it can support memory function. They revisit meaningful places and faces, capturing it all as a home movie, and reviving treasured recollections.",0.2890999913215637,2025-11-23,Chris Hemsworth: A Road Trip to Remember,0.0,0,https://image.tmdb.org/t/p/w342/uRvBvxOmqaCMeZNJGducuh2WsgE.jpg,https://image.tmdb.org/t/p/w780/t2NdxB5kIscjsmK4ZKTWBf7XpY4.jpg,2025,11,high,,['Documentary'],Documentary
1539870,pt,TGX,"After the Carnation Revolution, Portugal became a democracy and opened itself to the world. One of its consequences was the spread of erotic and pornographic films. This documentary tells the story of how these films arrived at Theatro Gil Vicente, an emblematic cultural venue of Barcelos.",0.28780001401901245,2025-11-28,TGX,0.0,0,https://image.tmdb.org/t/p/w342/2KuRUMoW9AMy78JwKHQ1lykzkGZ.jpg,https://image.tmdb.org/t/p/w780,2025,11,high,,['Documentary'],Documentary
1428977,th,รอด / ตาย,,0.28679999709129333,2025-11-13,Survive or Die ?,0.0,0,https://image.tmdb.org/t/p/w342/2T4NXaRGKnoGQAGYwwSnPk3GfEL.jpg,https://image.tmdb.org/t/p/w780,2025,11,high,,[],
1504229,pl,MIŁO.,"Kuba has come to terms with the fact that he is losing touch with reality. He continues to play only for Róża - singer, partner, grieving girlfriend - but when he spots her dead brother on stage during a radio concert, everything begins to fall apart.",0.2856999933719635,2025-11-15,LOVELY.,0.0,0,https://image.tmdb.org/t/p/w342/4y2WcROHvgnwJy97Gvz45COfXtY.jpg,https://image.tmdb.org/t/p/w780/qoedhbyVWZUjvkSWA1fTf8dIKzr.jpg,2025,11,high,,"['Horror', 'Music']","Horror, Music"
1576549,en,Contamination,"A top secret Alaskan lab goes dark due to an unexplained incident, prompting the military to send a black ops team to recover sensitive data and destroy the lab, only to find their ranks infected with a deadly alien virus.",0.2825999855995178,2025-11-14,Contamination,0.0,0,https://image.tmdb.org/t/p/w342/uF09hhmuUXc78Wikewmbq2TtquJ.jpg,https://image.tmdb.org/t/p/w780/twRNB9E4c3QQd4BczC3drBNrFd5.jpg,2025,11,high,,"['Action', 'Science Fiction', 'Horror']","Action, Science Fiction, Horror"
1563745,en,CBeebies Panto 2025: Cinderella,"Sparkling with CBeebies’ stars, this unique adaption of a pantomime classic is full of music, magic and festive fun for all the family - plus a song exclusive to cinemas!  Join Cinderella, Buttons and some funny new characters for a story that celebrates finding your thing! Sparkling with CBeebies’ stars, this unique adaption of a pantomime classic is full of music, magic and festive fun for all the family - plus a song exclusive to cinemas!",0.2818000018596649,2025-11-20,CBeebies Panto 2025: Cinderella,0.0,0,https://image.tmdb.org/t/p/w342/7zSKpFH8o9g2vB5FXfx7131bZ9k.jpg,https://image.tmdb.org/t/p/w780,2025,11,high,,[],
1572697,ja,名も知らぬ逢瀬の旅路 ,"Kento, a love hotel employee, gets caught up in a lovers' quarrel between two guests. After managing to defuse the situation, he ends up having what appears to be a one-night stand with Mika, the woman whose lover has been stolen from her. One day, Kento returns home from work to find Mika standing at his front door, carrying a bag full of cash... (R15+ version premiered at the OP PICTURES+ Festival 2025).",0.2808000147342682,2025-11-29,Na mo shiranu ose no tabiji,0.0,0,https://image.tmdb.org/t/p/w342,https://image.tmdb.org/t/p/w780/8GXsPj066RBwT4OEzQaeCqn606e.jpg,2025,11,high,,[],
1147753,de,Ein schöner Ort,"Margarita and Güte live in an unhealthy and stagnant environment that they can neither leave nor change. Meanwhile, the radio broadcasts messages and the world awaits the launch of the spacecraft that will take humans to the edge of the solar system. When Maria falls ill, Margarita persuades Güte to do something, but they fail and become separated until they realize what the real hurdle is.",0.27959999442100525,2025-11-13,A Good Place,0.0,0,https://image.tmdb.org/t/p/w342/xZYhJUycNvMd9BLbd9f3R9UHGHV.jpg,https://image.tmdb.org/t/p/w780/gxKs5cPeDs6iO8OueV9JRHujnkr.jpg,2025,11,high,,['Drama'],Drama
1547875,de,Josef als Michl,"In the hope of getting closer, Elli and her father, who is suffering from cancer, paint his apartment together. Her father's harsh manner makes communication difficult and pushes the young woman away. In order to move forward, she has to confront the ghosts of the past and break through the layers of conflicts that have been kept hidden for too long.",0.2775000035762787,2025-11-13,To My Sanity,0.0,0,https://image.tmdb.org/t/p/w342/6Mm8vER31AlhHyn5z1ElR44Orod.jpg,https://image.tmdb.org/t/p/w780,2025,11,high,,"['Drama', 'Family']","Drama, Family"
1425489,en,Testimony,"An extraordinary group of women - supported by the activist organisation Justice for Magdalenes - fight to hold the Irish government accountable for abuses in the Magdalene Laundries, Mother and Baby Homes, and the forced separation of families, takes them all the way to the United Nations.",0.2752000093460083,2025-11-21,Testimony,0.0,0,https://image.tmdb.org/t/p/w342/g9uHzyfIcsQEP7nXqn1p5Q8DJW8.jpg,https://image.tmdb.org/t/p/w780/2XgrmsKK7e06zrZYRgXkSyCHUQE.jpg,2025,11,high,,['Documentary'],Documentary
1279580,en,Resurrection,"Filmed in J. Hood Wright Park located in the Washington Heights neighborhood of New York City, this film portrays the jarring reality of integrating back into society in a search to find “normalcy” after isolating and quarantining during the height of the COVID-19 pandemic. What was once mundane and routine may suddenly feel uncomfortable and unsettling, especially in navigating boundaries in both the public and private spheres. Nevertheless, this piece also seeks to provide a sense of hopefulness and optimism in that our communities will continue to be resilient and thrive.",0.27320000529289246,2025-11-28,Resurrection,0.0,0,https://image.tmdb.org/t/p/w342,https://image.tmdb.org/t/p/w780,2025,11,high,,[],
1314812,en,Kenneled,A destitute dogwalker finds a wealthy client who saves him from financial ruin. But this is no ordinary dog…,0.2721000015735626,2025-11-22,Kenneled,0.0,0,https://image.tmdb.org/t/p/w342/fSpaYvvic1zBgYttOtRGuUCifk4.jpg,https://image.tmdb.org/t/p/w780/yra1tV0cOxSxlyCNgZn1rQybYAD.jpg,2025,11,high,,['Horror'],Horror
1536538,ja,Ryuichi Sakamoto: Diaries,,0.2718000113964081,2025-11-28,Ryuichi Sakamoto: Diaries,0.0,0,https://image.tmdb.org/t/p/w342/17a8v5COxpovwgZ9GZ9RdvczDmV.jpg,https://image.tmdb.org/t/p/w780,2025,11,high,,"['Documentary', 'Music']","Documentary, Music"
1390944,en,Five Stars,"A retired veteran finds transitioning into civilian life tough, when a woman with a big problem enters his RideShare begging the question, can you really escape fate?",0.2694000005722046,2025-11-25,Five Stars,0.0,0,https://image.tmdb.org/t/p/w342/7j18o25zkqPC0ZauUgnr0Rs4dnm.jpg,https://image.tmdb.org/t/p/w780/cg61ob87lGLIp6eNpXnvngcwHXO.jpg,2025,11,high,,"['Action', 'Drama']","Action, Drama"
1271974,et,Mo Papa,"Eugen is released from prison at 28 years old, he has no one except his father Helmar who abandoned him when he was born, and friends Stina and Riko from the orphanage. Eugen attempts to begin a new life and contacts his father, but he finds himself returning to an endless cycle of violence.",0.2687000036239624,2025-11-13,Mo Papa,0.0,0,https://image.tmdb.org/t/p/w342/8fudH6wg7yuaQJv9fXlkOyS2oTv.jpg,https://image.tmdb.org/t/p/w780/lWJiwMeOWJbFwmpACrsjiPaHVf8.jpg,2025,11,high,,['Drama'],Drama
1220970,pt,Livros Restantes,,0.2680000066757202,2025-11-27,Livros Restantes,0.0,0,https://image.tmdb.org/t/p/w342/q55N9St1WytLqoS1r2b1VBrGOz7.jpg,https://image.tmdb.org/t/p/w780,2025,11,high,,[],
1555871,fa,سه خواهر,"Growing up in Tehran, a capital of the 21st century... From 2007 to 2025, within a loving family, eighteen years in the life of three sisters, from their early childhood to their daily lives as young women in search of freedom. Brought up in the traditional way, witnessing the struggles of a youth in perpetual movement, what is their future in today's Iranian society?",0.2678999900817871,2025-11-14,All My Sisters,0.0,0,https://image.tmdb.org/t/p/w342,https://image.tmdb.org/t/p/w780/ua9sTGB98LpqSUTug5KAqkhJ3iM.jpg,2025,11,high,,['Documentary'],Documentary
1572144,en,Special Measures,"Manor Lane High is a school on the edge - underfunded and overwhelmed, the school’s staff are stretched thin. Just before the school day begins, Drew, the exhausted head of English, abruptly resigns for good. Left reeling, Amy, the deputy head of English, must step in and steady the ship. But she barely has time to gather her thoughts— Chris, the frantic deputy head, breaks the news: Ofsted inspectors are arriving in 15 minutes for a surprise inspection. Caught between burnout and bureaucracy, can this fractured school survive the day?",0.26350000500679016,2025-11-20,Special Measures,0.0,0,https://image.tmdb.org/t/p/w342,https://image.tmdb.org/t/p/w780,2025,11,high,,[],
1575878,en,Faust,,0.2621999979019165,2025-11-22,Faust,0.0,0,https://image.tmdb.org/t/p/w342/xNpSRDIIUwGGKxbDMYJL0PFWMwK.jpg,https://image.tmdb.org/t/p/w780/lzRvLg7lKmsKVCEm9OwfFvb4pPd.jpg,2025,11,high,,['Animation'],Animation
1563696,en,Christmas in Mistletoe,A disillusioned Christmas movie location scout rediscovers her Christmas spirit while falling in love with the perfect leading man in the cozy mountain town of Mistletoe.,0.26100000739097595,2025-11-18,Christmas in Mistletoe,0.0,0,https://image.tmdb.org/t/p/w342/z3vOUzMIHPXtmghPMCla80fn75L.jpg,https://image.tmdb.org/t/p/w780/AtqLSoAPeblZYSFCEiknp9wfxll.jpg,2025,11,high,,"['Romance', 'Drama', 'Comedy']","Romance, Drama, Comedy"
1174125,ko,지하 아이돌,"The story of Seung-hyeon who dreamed of becoming a female idol, disguises herself as a man and debuts in a male idol group.",0.26080000400543213,2025-11-20,Underground Idol,0.0,0,https://image.tmdb.org/t/p/w342/sQSWMs4itu1WYvdz4W8chHFyP60.jpg,https://image.tmdb.org/t/p/w780/ozS0pNqqVhoAHlr8suTBppx2Q0i.jpg,2025,11,high,,['Comedy'],Comedy
1475637,es,Te protegerán mis alas,"Wentinam, an orphan boy surviving on the streets of Kara, finds a new opportunity in the ""City of Boys"" thanks to the support of a Spanish missionary.",0.2599000036716461,2025-11-14,Te protegerán mis alas,0.0,0,https://image.tmdb.org/t/p/w342/4JgCz8ZUUsmsfAGhaMvDE2PUvIP.jpg,https://image.tmdb.org/t/p/w780/keSSTiy7lKWL5sW2ta47fAlKPpe.jpg,2025,11,high,,['Drama'],Drama
1495210,en,reload,"Set in London’s underground club scene, reload follows Dee, torn between caring for her sick grandmother and chasing a long-shelved dream. When she skips a work shift to play a last-minute DJ set, the night becomes a test of self-belief, sisterhood and joy — and as the set takes a turn, she must decide: will she come back or choose herself?",0.25949999690055847,2025-12-01,reload,0.0,0,https://image.tmdb.org/t/p/w342/mWMDJ3JdmbAisWRqtAP5eEUaNg5.jpg,https://image.tmdb.org/t/p/w780,2025,12,high,,['Drama'],Drama
1224544,no,Sau,"The director follows her sister Rakel as she takes over the family farm; she will be the fourth generation to run the farm. With her wife Ida, she is packing up her life as a musician and heading north. Rakel is enthusiastic, but she is also aware that there is a lot she doesn’t know how to handle. Her wife Ida has never lived on a farm before and will also have to find her place in this new everyday life and this unfamiliar work. Rakel’s father has been a farmer for 40 years and knows the challenges ahead of her: years when spring never arrives, summers with significant losses to predators, poor harvests, and sheep on the run.",0.25270000100135803,2024-01-26,Woolly,0.0,0,https://image.tmdb.org/t/p/w342/fiFLEozhNy1vAFEZOF9mhOry7MT.jpg,https://image.tmdb.org/t/p/w780/pTOy2atkEjmtf9e6K6V5DHRGJxF.jpg,2024,1,high,,['Documentary'],Documentary
1202791,pt,APOTEOSE 85,"In 1985, a spy risks everything to stop a conspiracy that threatens to prolong the dictatorship in Brazil. While facing the military, she becomes involved in a forbidden romance with the heiress of a megacorp.",0.25189998745918274,2025-11-21,APOTHEOSIS 85,0.0,0,https://image.tmdb.org/t/p/w342/6fRxmxhO08spAJ1TAQjAWysguZZ.jpg,https://image.tmdb.org/t/p/w780/iga9xcmW73ix5evilfwMqmqRKvj.jpg,2025,11,high,,"['Drama', 'Science Fiction', 'History', 'Mystery']","Drama, Science Fiction, History, Mystery"
1558396,en,"American Sasquatch: Man, Myth or Monster","American Sasquatch: Man, Myth, or Monster takes audiences on a groundbreaking investigation into one of the world's greatest mysteries. Created by former police detective and best-selling author of the Missing 411 series, Dave Paulides, the film combines cutting-edge science with gripping storytelling - from quantum physics and advanced DNA analysis to the insights of PhD researchers and respected institutions. With startling evidence that blurs the line between folklore and reality, viewers are invited to confront compelling facts that may forever change how we see the legendary hairy biped.",0.2502000033855438,2025-12-01,"American Sasquatch: Man, Myth or Monster",0.0,0,https://image.tmdb.org/t/p/w342/9xavnPnl69h0cibdegIfZgSXGSu.jpg,https://image.tmdb.org/t/p/w780,2025,12,high,,['Documentary'],Documentary
1531376,kn,Full Meals,"Full Meals movie touches upon Love, Life, and Passion. In the Film, protagonist is a struggling Wedding Photographer who tries to attain his passion and prove himself. In this process he gets entangled in his personal and love life",0.24959999322891235,2025-11-21,Full Meals,0.0,0,https://image.tmdb.org/t/p/w342/ilc0GjyRDHjg1Fv9dBjsUgeynPE.jpg,https://image.tmdb.org/t/p/w780,2025,11,high,,"['Romance', 'Comedy']","Romance, Comedy"
1569098,en,UFC Fight Night 265: Tsarukyan vs. Hooker,"UFC Fight Night 264: Tsarukyan vs. Hooker (also known as UFC Fight Night: Tsarukyan vs. Hooker) was a mixed martial arts event produced by the Ultimate Fighting Championship that took place on November 22, 2025, at the Ali Bin Hamad al-Attiyah Arena in Al Rayyan, Qatar.",0.24310000240802765,2025-11-22,UFC Fight Night 265: Tsarukyan vs. Hooker,0.0,0,https://image.tmdb.org/t/p/w342/7xxilzCS72ukBvt3wg3idQbLTEM.jpg,https://image.tmdb.org/t/p/w780/1hIbVtgF40nRfAITu2CFWwaeqUD.jpg,2025,11,high,,['Action'],Action
1572888,fr,Les Voyageurs,"Alain and Maria are French Sinti. They live with their children and grandchildren in Montauban in southern France. Throughout their lives, they have fought against discrimination against their community, the Sinti and Roma, and against injustice. Today, at over 70 years of age and after a lifetime of working on construction sites, Alain is retiring. Together with his wife, they are setting off in their motorhome on a long journey through Europe, tracing the genocide of the Sinti and Roma by the German Nazis.",0.24210000038146973,2025-11-23,Travelers,0.0,0,https://image.tmdb.org/t/p/w342,https://image.tmdb.org/t/p/w780,2025,11,high,,['Documentary'],Documentary
1555734,xx,小蟲蟲大冒險,"Three little insects are transported to a concrete city. A series of extraordinary micro-adventures forces them to explore themselves and helps to build their self-esteem, so they can finally get back home. They become much stronger and happier, are able to choose their own future.",0.241799995303154,2025-11-13,A Mighty Adventure,0.0,0,https://image.tmdb.org/t/p/w342/4WGVLMRlsMyV4KGpboCmfDGogF9.jpg,https://image.tmdb.org/t/p/w780,2025,11,high,,"['Animation', 'Action', 'Comedy']","Animation, Action, Comedy"
1508702,en,But They Did: The Re-entry Of The Pike River Mine,"Anna Osborn and Sonia Rockhouse were forever changed when the Pike River Mine Disaster stole their loved ones, but instead of sitting down, they stood up!  But They Did tells Anna and Sonia's story, following them through the period of time before and during the re-entry of the mine.",0.24160000681877136,2025-11-19,But They Did: The Re-entry Of The Pike River Mine,0.0,0,https://image.tmdb.org/t/p/w342/9GAw5w61UmkOXY7mBgsAuee6C0e.jpg,https://image.tmdb.org/t/p/w780,2025,11,high,,['Documentary'],Documentary
1058543,es,Plata o Mierda,"In the Argentinian prison where he's serving a sentence, Marcos cherishes his smartphone, which he uses to keep in touch with family and loved ones. It's also the device with which, at the request of filmmaker Toia Bonino, he documents his daily life. His video recordings and back-and-forth voice messages with Bonino form a precious link to the outside world.",0.23999999463558197,2025-11-18,Do or Die,0.0,0,https://image.tmdb.org/t/p/w342/a1y9HsWT6maNdVpjsT6xgnNeZnE.jpg,https://image.tmdb.org/t/p/w780,2025,11,high,,['Documentary'],Documentary
1508702,en,But They Did: The Re-entry Of The Pike River Mine,"Anna Osborn and Sonia Rockhouse were forever changed when the Pike River Mine Disaster stole their loved ones, but instead of sitting down, they stood up!  But They Did tells Anna and Sonia's story, following them through the period of time before and during the re-entry of the mine.",0.24160000681877136,2025-11-19,But They Did: The Re-entry Of The Pike River Mine,0.0,0,https://image.tmdb.org/t/p/w342/9GAw5w61UmkOXY7mBgsAuee6C0e.jpg,https://image.tmdb.org/t/p/w780,2025,11,high,,['Documentary'],Documentary
1058543,es,Plata o Mierda,"In the Argentinian prison where he's serving a sentence, Marcos cherishes his smartphone, which he uses to keep in touch with family and loved ones. It's also the device with which, at the request of filmmaker Toia Bonino, he documents his daily life. His video recordings and back-and-forth voice messages with Bonino form a precious link to the outside world.",0.23999999463558197,2025-11-18,Do or Die,0.0,0,https://image.tmdb.org/t/p/w342/a1y9HsWT6maNdVpjsT6xgnNeZnE.jpg,https://image.tmdb.org/t/p/w780,2025,11,high,,['Documentary'],Documentary
1400744,en,Zodiac Killer Project,"Against the backdrop of deserted spaces, a filmmaker explores his abandoned Zodiac Killer documentary, delving into the true crime genre's inner workings at a saturation point.",0.23489999771118164,2025-11-21,Zodiac Killer Project,0.0,0,https://image.tmdb.org/t/p/w342/x1ZOSia1JA6SnRyokBOoVje2L67.jpg,https://image.tmdb.org/t/p/w780/1EXHKv9CEIWdTzYTgy04qyd20Bp.jpg,2025,11,high,,['Documentary'],Documentary
563774,it,Le ninfee di Monet,"A journey through the masterpieces and obsessions of the Genius of the Impressionism, down the River Seine, from Le Havre to Paris and then up the river towards Argenteuil, Poissy, Vétheuil, Giverny – ending in Paris. A tour of the Museums displaying Monet's masterpieces: the Orangerie Museum, the Marmottan Museum, the Orsay Museum, ending in Monet's house and gardens at Giverny.",0.2345999926328659,2018-11-26,Water Lilies by Monet,6.800000190734863,16,https://image.tmdb.org/t/p/w342/23bgXfvgJakcvXpXTnZD2VWI1Ej.jpg,https://image.tmdb.org/t/p/w780/aOyZDHXGGtHNcUx6wdpIX0dOcal.jpg,2018,11,high,average,['Documentary'],Documentary
1502109,fr,Mads Mikkelsen - Le diable au corps,"Impassivity and silence are Mads Mikkelsen's trademarks, and roles without reply his specialty. His sculptural allure is such that his mere presence takes on a dramatic dimension. For him, everything starts with the body. It's his main working tool, which he shapes and engages for each film. For the majority of world audiences, the Danish actor remains associated with his ""villain"" characters in Hollywood blockbusters - Casino Royale, Doctor Strange, Hannibal, Fantastic Beasts...  Yet he finds with uncommon ease a balance between major American film franchises and more modest, confidential independent films. If the actor manages to move from one universe to another without being stereotyped, it's because he has a very physical - thanks to his former career as a gymnast - and pragmatic approach to his art.",0.23170000314712524,2025-11-30,"Mads Mikkelsen, Devil In The Flesh",0.0,0,https://image.tmdb.org/t/p/w342/tX0T3oBsFfh2veHyZQy3AVbKJqn.jpg,https://image.tmdb.org/t/p/w780/8UFGdN6llyKARIzK3XbeV9Oq5r2.jpg,2025,11,high,,['Documentary'],Documentary
1566334,en,Fresh Meat,"Internet influencers venture into an abandoned prison to create content, inadvertently unleashing a ravenous inmate. They're now trapped, fighting for survival while capturing terrifying content.",0.2280000001192093,2025-11-20,Fresh Meat,0.0,0,https://image.tmdb.org/t/p/w342/9H68sUqD9JIoDYomzx4gyvrsalU.jpg,https://image.tmdb.org/t/p/w780,2025,11,high,,[],
1566209,en,No Sight,"Two young boys summon demons at a sleepover for fun, just to realize that their actions have serious consequences and get their eyes stolen. Now, they're only able to see the world through their phone's cameras point of view.",0.22769999504089355,2025-11-27,No Sight,0.0,0,https://image.tmdb.org/t/p/w342/upbUrZy1VoATMZGoqsM7oHXCZxb.jpg,https://image.tmdb.org/t/p/w780/vJRbh1x2CL9X7rNOCUdScV6f7RS.jpg,2025,11,high,,"['Horror', 'Thriller']","Horror, Thriller"
1557501,en,The Parent Teacher Interview,A routine parent-teacher interview takes a violent turn as a frustrated teacher is pushed past his breaking point by two feral parents.,0.22429999709129333,2025-10-11,The Parent Teacher Interview,0.0,0,https://image.tmdb.org/t/p/w342/mjVl5SBk5wZ04eFOWQniwqNEt0d.jpg,https://image.tmdb.org/t/p/w780/eDCDg8nva4lEfBeyrjDbWfbQZDQ.jpg,2025,10,high,,['Comedy'],Comedy
1563538,hu,Magyar menyegző,"András and Péter are two young men trying to make it big with their rock band in Budapest in the early 1980s. When the opportunity arises to attend the wedding of András's cousin in Transylvania, they decide to take it as a chance to raise some money. Once there, they embark on an unexpected adventure.",0.2240999937057495,2025-11-13,Hungarian Wedding,0.0,0,https://image.tmdb.org/t/p/w342/4QgPTYSHmmEsvhaip37YHBkn36x.jpg,https://image.tmdb.org/t/p/w780/jLvc6CYW5dLLtOGP0JhAIGDEY1F.jpg,2025,11,high,,"['Music', 'Drama']","Music, Drama"
1549724,tr,Erken Kış,"Ferhat (49), a factory manager in Istanbul, and Handan (45), a bank manager, decide to have a child through surrogacy with Lia (28), a young artist of Georgian and Ukrainian descent. Shortly after their daughter Ada (1) is born, war breaks out between Russia and Ukraine. As a result, Lia is forced to stay in Istanbul with Ferhat and Handan for a while longer. Believing that surrogacy is the formula that will take her to Europe, Lia does not want to leave Ada.",0.22390000522136688,2025-11-13,Early Winter,0.0,0,https://image.tmdb.org/t/p/w342/yZco4h6TJDKorLPpHFPwR9moOvx.jpg,https://image.tmdb.org/t/p/w780/d83m7WTVV9xFuyjvdbFjN9mSxgi.jpg,2025,11,high,,['Drama'],Drama
1565141,tr,Rotten,,0.22370000183582306,2025-11-13,Rotten,0.0,0,https://image.tmdb.org/t/p/w342/wlxzgTALcMijGLrAfMP1xh9aT39.jpg,https://image.tmdb.org/t/p/w780,2025,11,high,,['Drama'],Drama
947520,fr,"Mary Anning, chasseuse de fossiles","England, 19th century. 12-year-old Mary is passionate about the fossils that she collects and sells with her father. When he accidentally dies near the fossil cliffs, Mary, her brother and her mother struggle to make the payments for the family house, meaning they will probably have to leave the seaside that Maëlys loves so much. But her father left a mysterious message: what was it that he saw on the cliffs before he died? With some help from her friends, Mary will fight to save her home and continue to do what she loves, searching for fossils, in the midst of a society where girls should not ​“behave like men”. Mary doesn’t know it yet, but she’s going to go down in history…",0.22269999980926514,2025-09-17,Mary Anning,0.0,0,https://image.tmdb.org/t/p/w342/nsgQfSWqkrZ2Pyy55gKkevdiGY1.jpg,https://image.tmdb.org/t/p/w780/yY5BIZH3sK1h65KDd525c85gLXP.jpg,2025,9,high,,"['Animation', 'Family', 'Adventure']","Animation, Family, Adventure"
1568462,en,Our Breath,"Set against the peaceful backdrop of a small county in rural Tennessee, Our Breath explores the intersecting lives of five friends: Benny, Leslie, Aubrey, Jack, and Casey.",0.22220000624656677,2025-11-30,Our Breath,0.0,0,https://image.tmdb.org/t/p/w342/7udKenXWYdAit7lAC65wPCUbFbb.jpg,https://image.tmdb.org/t/p/w780/3e7AOykOGc32ktTD9F3xoSDaAgL.jpg,2025,11,high,,[],
1565824,mk,Утре наутро,"Two women - a young doctor and the wife of a former prime minister, are trying to escape the grip of the American government and European diplomats, who are playing their game of power and torture in a small country in Eastern Europe.",0.22120000422000885,2025-11-19,Tomorrow Morning,0.0,0,https://image.tmdb.org/t/p/w342/1rSNjYDyFkt3mtsv7wxRH3XSDNE.jpg,https://image.tmdb.org/t/p/w780,2025,11,high,,['Drama'],Drama
1551454,en,A Witness,"An autistic witness gives a statement in court about a stabbing at a bus stop. She attempts to ignore the buzzing courtroom lights, the constant eye-contact from the jury and tries to manage her own distressing emotions recalling the event – all the while navigating the confusing questions from the legal staff, who don’t seem to be able to understand her situation or enable her to be helpful. Until… A narrative story entirely set in one court room over the course of the witness statement, intercutting with a visualisation of what’s going on in the autistic protagonist’s mind.",0.22110000252723694,2025-11-15,A Witness,0.0,0,https://image.tmdb.org/t/p/w342,https://image.tmdb.org/t/p/w780,2025,11,high,,[],
1400850,en,In Search of Darkness: 1995-1999,"In Search of Darkness: 1995-1999 celebrates and explores the movies that defined the era: from Scream’s genre-shattering impact to J-Horror’s global emergence, from mind-bending twists to Y2K apocalyptic dread, and from blockbuster hits to straight-to-video gems.",0.21860000491142273,2025-12-01,In Search of Darkness: 1995-1999,0.0,0,https://image.tmdb.org/t/p/w342/onu2TLAoC4vhWyOxz3esdRZQ9Bn.jpg,https://image.tmdb.org/t/p/w780/pISSYc8o554MlDox7CF4Hl2ij6y.jpg,2025,12,high,,"['Documentary', 'Horror']","Documentary, Horror"
1482370,hy,Outliving Shakespeare,The daily strains of old age disappear as elderly residents and a robot within an Armenian Soviet-era retirement home lose themselves in staging the timeless world of Shakespeare.,0.2184000015258789,2025-11-18,Outliving Shakespeare,0.0,0,https://image.tmdb.org/t/p/w342/qDFJHjSOedSu59zEP1dZ2MPPtIK.jpg,https://image.tmdb.org/t/p/w780/9m4V11GNNhNqj8xy5GdFbjTZqKA.jpg,2025,11,high,,['Documentary'],Documentary
1569661,en,For Liberty! - A Helldivers Film,"A squad of Helldivers are sent to another planet to complete a mission, dedicated to democracy.",0.21490000188350677,2025-11-28,For Liberty! - A Helldivers Film,0.0,0,https://image.tmdb.org/t/p/w342/eygiCpryA5fx33DqHNyWJDZ0KXx.jpg,https://image.tmdb.org/t/p/w780/l85FKRLR3FmJKUtbuYOoRT4Hv8B.jpg,2025,11,high,,"['Comedy', 'Animation', 'Adventure', 'Science Fiction', 'War']","Comedy, Animation, Adventure, Science Fiction, War"
1566055,en,Dracula 2,"After centuries of sucking blood and turning into bats, Count Dracula now lives a peaceful lifestyle nearby the local college. But without his famed servant Renfield by his side, Dracula still longs for something more.",0.21469999849796295,2025-11-21,Dracula 2,0.0,0,https://image.tmdb.org/t/p/w342/cMdThhI16rFcpn65P6qhPju1l23.jpg,https://image.tmdb.org/t/p/w780,2025,11,high,,['Comedy'],Comedy
1352472,pl,Silver,"In the silence and darkness of a trembling mountain, we discover the underground world through the eyes of a boy, an old miner and a woman. Where sweat mixes with the blood of history, a story emerges about colonial heritage and the endless cycle of exploitation.",0.21439999341964722,2025-11-14,Silver,0.0,0,https://image.tmdb.org/t/p/w342/d0MP6i6h3bqDsMrS9Qq35nB0Awg.jpg,https://image.tmdb.org/t/p/w780/r8glJHQQmnJSalM21q5TwNbkhyJ.jpg,2025,11,high,,['Documentary'],Documentary
1567493,en,Leleka,"Sasha is a Ukrainian sculptor living in Paris who is haunted by absence and the war. Inspired by the death of her grandmother, she creates a sculpture and travels home to honour her memory. Margaux, a Belgian friend, accompanies her, carrying an old Bolex camera. Throughout the journey, dreams and reality collide as Sasha shares diary pages revealing her innermost feelings.",0.21050000190734863,2025-11-16,Leleka,0.0,0,https://image.tmdb.org/t/p/w342/yrRpN0WbF9REkFl9Yh5aYmD7Wh3.jpg,https://image.tmdb.org/t/p/w780/lVORnWPphOgQnEJIOaS0XkHa6AH.jpg,2025,11,high,,"['Drama', 'Documentary']","Drama, Documentary"
1567816,en,A Place of Absence,"This poetic film follows director Marialuisa's journey with Anita and Leticia, Central American women traveling with the Caravan of Mothers of Missing Migrants.",0.20960000157356262,2025-11-20,A Place of Absence,0.0,0,https://image.tmdb.org/t/p/w342/kSYHCA1zxklVbHnNqgFxbSkmDkO.jpg,https://image.tmdb.org/t/p/w780,2025,11,high,,['Documentary'],Documentary
1567460,ar,الروندة 13,"Kamel, a former boxing champion, swapped fame for a peaceful life with his beloved wife, Samia, and their son, Sabri. But when a simple accident reveals Sabri has a bone tumour, their world is shaken. As their son bravely fights for his life, Kamel and Samia are pushed to their emotional limits. Sabri’s courage inspires, Samia’s hope endures, and Kamel, driven by love and pain, must face his deepest fears. After a painful separation, the family reunites for one final round: a fight not in the ring, but for love, strength, and survival.",0.2071000039577484,2025-11-14,Round 13,0.0,0,https://image.tmdb.org/t/p/w342/uMBlUo8UgyKHufsi3snf2EcRkee.jpg,https://image.tmdb.org/t/p/w780/A9xZZmQrcyiKCMTQGW8fclL1xOJ.jpg,2025,11,high,,['Drama'],Drama
1569360,es,Hambre,,0.2069000005722046,2025-11-12,Hambre,0.0,0,https://image.tmdb.org/t/p/w342/jmHsL7xRycyW9ZCEgdGy4OOvdBy.jpg,https://image.tmdb.org/t/p/w780,2025,11,high,,"['Drama', 'Horror']","Drama, Horror"
1401953,en,Honey,"A young woman is locked in a toilet cubicle, drink spiked and at the mercy of the women around her.",0.20640000700950623,2025-11-24,Honey,0.0,0,https://image.tmdb.org/t/p/w342/50aT7vIjBPsQ4ahG84JLcWf3hN9.jpg,https://image.tmdb.org/t/p/w780,2025,11,high,,['Drama'],Drama
1564011,en,Mismantler,"A dark, stream of consciousness fever dream, gathering all that is decrepit in this world, and reflecting it all back to those who have reduced the Earth to what it is.",0.20509999990463257,2025-11-14,Mismantler,0.0,0,https://image.tmdb.org/t/p/w342,https://image.tmdb.org/t/p/w780,2025,11,high,,"['Horror', 'Music']","Horror, Music"
1575450,pt,"É Pra Mudar, Muleke - Uma Vida no DEGASE",,0.20190000534057617,2025-11-17,"É Pra Mudar, Muleke - Uma Vida no DEGASE",0.0,0,https://image.tmdb.org/t/p/w342/hg9bWfGGlxM9Hh3fwYRGHe0TYek.jpg,https://image.tmdb.org/t/p/w780/oQIhjulCnF9OZg9b7yoU9j5cW6F.jpg,2025,11,high,,"['Documentary', 'Crime', 'Drama']","Documentary, Crime, Drama"
1574227,bn,পুলিশ,"A string of sudden police officer murders in three areas prompts the deployment of Crime Branch Officer Randeep Sen to secure an upcoming police event. As Randeep investigates the killings, he uncovers a disturbing, strange incident tied to the motive. Randeep, an officer who honours his oath, must use his wits and strength to protect the force and bring the killer to justice.",0.2013999968767166,2025-11-21,Police,0.0,0,https://image.tmdb.org/t/p/w342/dn6mMsWjRE9sSdczZvueQSJUHiS.jpg,https://image.tmdb.org/t/p/w780,2025,11,high,,['Action'],Action
1573909,ar,Autisto,"A devoted mother struggles to raise her teenage son living with severe autism, confronting daily challenges while navigating the fragile balance between love, patience, and the desire for her child to find his place in the world.",0.19900000095367432,2025-11-17,Autisto,0.0,0,https://image.tmdb.org/t/p/w342/itrZStrbXIL1ChwV5ZuEBc3GEj0.jpg,https://image.tmdb.org/t/p/w780,2025,11,high,,[],
1472013,en,Them Bones,,0.19830000400543213,2025-11-14,Them Bones,0.0,0,https://image.tmdb.org/t/p/w342,https://image.tmdb.org/t/p/w780,2025,11,high,,"['Horror', 'Thriller']","Horror, Thriller"
1482764,en,बोलो,How does a telemarketer deal with a bad day?,0.19820000231266022,2025-11-19,Bolo,0.0,0,https://image.tmdb.org/t/p/w342/zA9X7ZJ3P76PhZfwCKOnxLbeEoR.jpg,https://image.tmdb.org/t/p/w780/8KCpNZT8PszKuavnGLagrZP7bhQ.jpg,2025,11,medium,,"['Drama', 'Comedy', 'Romance']","Drama, Comedy, Romance"
1418519,pl,Listy z Wilczej,"A street in downtown Warsaw transforms into a kaleidoscopic portrait of Polish society. Behind the viewfinder is an Indian immigrant, who seeks to overcome the boundaries between himself and an anxiety-ridden country.",0.19740000367164612,2025-10-16,Letters from Wolf Street,0.0,0,https://image.tmdb.org/t/p/w342/d6nYTzE5E09STEMlgIL6JV5R90s.jpg,https://image.tmdb.org/t/p/w780/8wVFc8c0Wh0lKZB7SAE40fZBthl.jpg,2025,10,medium,,['Documentary'],Documentary
1409423,en,Room Temperature,"Every year, a family home is turned into a haunted house. The purpose is not only to be as terrifying as possible, but also to create a spectacular attraction to draw the neighbors in. The situation grows increasingly complicated, broken and distressed as the family’s problems intercede in their plans and as their real lives become the film’s true and overriding scary haunt.",0.19740000367164612,2025-11-26,Room Temperature,0.0,0,https://image.tmdb.org/t/p/w342/bSMYurqWkm97WYCgv4iW9rvAqcV.jpg,https://image.tmdb.org/t/p/w780/wFqcmIw9aBlAI0VnBwYIHyK66BB.jpg,2025,11,medium,,['Drama'],Drama
1575796,en,WWE Survivor Series: Wargames 2025,"The 2025 Survivor Series: WarGames, also promoted as Survivor Series: WarGames San Diego, is an upcoming professional wrestling pay-per-view (PPV) and livestreaming event produced by WWE. It will be the 39th annual Survivor Series and will take place on Saturday, November 29, 2025. This will be the fourth annual Survivor Series based around the WarGames match, a team-based steel cage match where the roofless cage surrounds two rings placed side by side.",0.1932000070810318,2025-11-29,WWE Survivor Series: Wargames 2025,0.0,0,https://image.tmdb.org/t/p/w342/egcSpChghaTiYXonNds5bdi3aiW.jpg,https://image.tmdb.org/t/p/w780/4OnWeIhiccSCBcOeHmoIciBNlG.jpg,2025,11,medium,,"['Drama', 'Comedy']","Drama, Comedy"
1566135,tl,"Hoy, Hoy, Ingat!","Grief-striken in urban poor’s hell, a child eager for viral fame and his beautiful, terminal-ill brother embark on a rescue mission to take back a beloved family jeepney in order to survive.",0.1931000053882599,2025-11-14,"Hey, Hey, Take Care!",0.0,0,https://image.tmdb.org/t/p/w342/8F5NCS7VxUYLjmujW6RCGEFi1jt.jpg,https://image.tmdb.org/t/p/w780,2025,11,medium,,"['Drama', 'Comedy']","Drama, Comedy"
951018,fa,روباه و ماه صورتی,"At just 16, Soraya is already creating stunning drawings and sculptures that are as beautiful as they are dark. This strong-willed Afghan sculptor and illustrator has been trying for five years to escape Iran and join her mother in Austria.",0.19290000200271606,2025-11-15,A Fox Under a Pink Moon,0.0,0,https://image.tmdb.org/t/p/w342,https://image.tmdb.org/t/p/w780/sdMLtTxADRF3WAHmtL9oUFNY5wt.jpg,2025,11,medium,,['Documentary'],Documentary
1484802,zh,高雄有顆藍寶石,"In the 1970s, Taiwan's first grand cabaret, The Sapphire, opened in Kaohsiung, igniting a golden decade of live entertainment. Beneath its dazzling lights, the nation's tensions and censorship faded in nights of glitz and song.Stars like Teresa Teng, Fei Yu-ching and Fong Fei-fei graced. its stage, where glamour met gambling, drugs, and danger.Half a century later, The Sapphire is resurrected—through AI and music—to relive its untamed brilliance.",0.19220000505447388,2025-11-15,Showtime Taiwan: The Sapphire Show,0.0,0,https://image.tmdb.org/t/p/w342,https://image.tmdb.org/t/p/w780/dPXi6Y1D6QrE4oTY9gNkK0gtt3R.jpg,2025,11,medium,,['Documentary'],Documentary
1559439,en,Definitely Gangster,"After eight-year-old Zander Rudichelli-Carbinelli III is diagnosed with cancer, his best friend Julie discovers a magical cardboard box that lets her take him on a quest to become ""a little bit gangster."" Along the way, the two face an ever-growing cast of pirates, convicts, and coppers, as Zander's bucket-list adventure spirals into an unstoppable loving comedy.",0.18459999561309814,2025-11-14,Definitely Gangster,0.0,0,https://image.tmdb.org/t/p/w342/mYAz55MEs4ocJsdlwepd6ithD81.jpg,https://image.tmdb.org/t/p/w780/bd2wVlCsfe2ZjVxqu2ZG9IIs9Uj.jpg,2025,11,medium,,"['Animation', 'Adventure', 'Comedy']","Animation, Adventure, Comedy"
1543613,en,#45,"In a dystopian world where soldiers are reduced to numbers, #45 begins to question his march toward an uncertain fate and must choose between obedience and freedom.",0.18400000035762787,2025-11-14,#45,0.0,0,https://image.tmdb.org/t/p/w342/t6mMKk8kIVlbbuf6XiMjfb9nKnA.jpg,https://image.tmdb.org/t/p/w780/z58s3kEEgc72r2cWLQvnpoqhR9y.jpg,2025,11,medium,,"['Animation', 'Fantasy']","Animation, Fantasy"
1566140,en,Runo!,"Two hours after the apocalypse started in the Philippines, a silly Filipino stray rescue dog is dead set on finding her student owner through a long dangerous journey to defeat her worst enemy: an empty food bowl.",0.1826000064611435,2025-11-14,Runo!,0.0,0,https://image.tmdb.org/t/p/w342,https://image.tmdb.org/t/p/w780,2025,11,medium,,"['Animation', 'Comedy']","Animation, Comedy"
1285085,en,Mirrors,"A modern neo-noir exploring the themes of love and friendship in an ever stratified world where human relationships are tested in the face of isolationism, technology and individualism.",0.1817999929189682,2025-12-01,Mirrors,0.0,0,https://image.tmdb.org/t/p/w342/oVTN4HgigZGwS0uofqRQ44EbHok.jpg,https://image.tmdb.org/t/p/w780/cACA5e6w8aiNePmj0IsmvZqVJAb.jpg,2025,12,medium,,"['Drama', 'Romance']","Drama, Romance"
1357349,es,Flores para Antonio,"A daughter sets out to find out the truth about the man who was her father, a legendary musician, who died when she was 8 years old. He is Antonio Flores, and she the also famous actress Alba Flores. Alba stopped singing when she lost Antonio and is now determined to recover her voice and her background, asking family members and friends for the first time.",0.18170000612735748,2025-11-28,Flores para Antonio,0.0,0,https://image.tmdb.org/t/p/w342/9lMWvMMc8Lfyjy8yiSDWTAcz6wC.jpg,https://image.tmdb.org/t/p/w780/c6FPPMXHaoXaduvVOjKblHLX8lw.jpg,2025,11,medium,,['Documentary'],Documentary
1298021,fr,Trans Memoria,"""""I collect. I document. I write down my memories. I’m afraid they’ll disappear."" This is how Victoria Verseau introduces her intimate documentary diary, in which she returns to Thailand and to the year 2012, when she underwent her transition. She had long awaited this moment, but then came feelings of uncertainty, amplified by the death of a close friend. The conceptual artist adopts an almost archaeological approach to the past and lays bare the process of writing a personal story that is intrinsically linked to the creation of her own identity. In this deeply felt debut she reveals the joyful aspects and also the dark recesses of transition and, bringing other testimonies into play as well, she critically examines what defines women as women.""",0.18080000579357147,2025-11-19,Trans Memoria,0.0,0,https://image.tmdb.org/t/p/w342/6ibsbwuuoz7nnTegGTT0KxNkLQ3.jpg,https://image.tmdb.org/t/p/w780/lihcTVEgoJJnCzsO00XvrqwYIfH.jpg,2025,11,medium,,['Documentary'],Documentary
1569555,vi,Truy Tìm Long Diên Hương,"The treasured relic of Long Diên Hương fishing village is stolen, setting off a thrilling pursuit. Beyond its spectacular martial arts sequences, the film delivers laughter, unity, and the heartfelt human values of the coastal villagers.",0.18029999732971191,2025-11-12,Truy Tìm Long Diên Hương,0.0,0,https://image.tmdb.org/t/p/w342/7fHlcEovyJY1YhTd8FaJXj1mUk8.jpg,https://image.tmdb.org/t/p/w780/ociHIRRo2HNgRG2et4nDyNyTrM5.jpg,2025,11,medium,,"['Action', 'Adventure', 'Comedy']","Action, Adventure, Comedy"
1537535,fr,Massaïa,,0.17990000545978546,2025-12-03,Massaïa,0.0,0,https://image.tmdb.org/t/p/w342/AhInbnGJ5O9e5FVZTufunereC4V.jpg,https://image.tmdb.org/t/p/w780,2025,12,medium,,"['Drama', 'Fantasy']","Drama, Fantasy"
1512555,ca,Mar i cel,,0.17890000343322754,2025-11-28,Mar i cel,0.0,0,https://image.tmdb.org/t/p/w342/3nOlPoMxbLdpycetKdMtLActRvG.jpg,https://image.tmdb.org/t/p/w780/1znN6OdojInmbJRugEPCA9vaC1e.jpg,2025,11,medium,,"['Music', 'Drama', 'Romance', 'History']","Music, Drama, Romance, History"
1522338,tr,Kulyas 2: Zikr-i Ayin,"Helen performs forbidden spells to win back her lover, unknowingly awakening the ancient curse of the Kulyas jinn. Set across Istanbul, Kars, and the U.S., she must fight terrifying forces to end the dark legacy threatening her bloodline.",0.1762000024318695,2025-08-08,Kulyas 2: Zikr-i Ayin,0.0,0,https://image.tmdb.org/t/p/w342/1HllLYarU5Qm6FbfC8rHcqD1Umf.jpg,https://image.tmdb.org/t/p/w780,2025,8,medium,,['Horror'],Horror
1575593,zh,我的世界没有我,A woman's struggle and confusion ultimately lead to her profound transformation and rebirth.,0.17520000040531158,2025-11-27,My World without Me,0.0,0,https://image.tmdb.org/t/p/w342/aAJCR3IHipwy9J3UE3Le3SFkzGO.jpg,https://image.tmdb.org/t/p/w780/k8pwxWjiJlcuEIv2t72kH5nYTDM.jpg,2025,11,medium,,"['Drama', 'Family']","Drama, Family"
1558110,ja,コーダ,"For six months, 42 nonprofessional singers gather weekly to indulge in their passion for music. They are Victoria Chorale, an alumni choir led by conductor Nelson Kwei since its inception in 1988. After an 18-year hiatus, Kwei is preparing them for the world stage again, but the thrill of competing soon meets the stress of gruelling practice.",0.17440000176429749,2025-12-03,Coda,0.0,0,https://image.tmdb.org/t/p/w342,https://image.tmdb.org/t/p/w780,2025,12,medium,,"['Documentary', 'Music']","Documentary, Music"
1570977,fa,کفش فرنگی,"A seven-year-old boy eagerly awaits the football shoes his father promised to bring him from abroad. But when he opens the suitcase, he finds an unrelated pair of men’s shoes instead. The boy’s innocent attempts to turn those shoes into the football boots he had dreamed of lead him into a series of bittersweet and humorous adventures.",0.1738000065088272,2025-11-12,The Foreign Shoes,10.0,1,https://image.tmdb.org/t/p/w342/hzVGjPtnqkp6R5Gb8E7weSuBekp.jpg,https://image.tmdb.org/t/p/w780,2025,11,medium,excellent,['Drama'],Drama
1560067,en,"The Pink Pill: Sex, Drugs and Who Has Control","A documentary that captures a pivotal moment in the ongoing struggle for complete health care equality, at a time when bodily autonomy hangs in the balance.",0.1738000065088272,2025-11-15,"The Pink Pill: Sex, Drugs and Who Has Control",0.0,0,https://image.tmdb.org/t/p/w342,https://image.tmdb.org/t/p/w780/rhuVPyWHqmudzMYtCY2iRyLMmJ4.jpg,2025,11,medium,,['Documentary'],Documentary
1574345,zh,神秘家书,,0.17260000109672546,2025-11-18,Mysterious Family Letter,0.0,0,https://image.tmdb.org/t/p/w342/nfSLKuIFIeigyxXV2osQEKQEVBl.jpg,https://image.tmdb.org/t/p/w780/17mKy5ywTgSmHdMyc83Puz2MNsc.jpg,2025,11,medium,,['Drama'],Drama
1494809,en,Weeping Rocks,"Weeping Rocks follows Art, an entomologist nearing the end of his life, who has spent over five decades walking the same ten trails, meticulously counting every butterfly he sees and witnessing the slow erosion of the world. His eccentric, patient research has uncovered patterns of decline that went unnoticed for years, revealing the deep environmental impact of detrimental human activities. As time reshapes the landscape and species fade, Art’s journey becomes a meditation on mortality, change, and the beauty of what remains.",0.17219999432563782,2025-11-16,Weeping Rocks,0.0,0,https://image.tmdb.org/t/p/w342/hC2QioP4gONeWzEE4sGuP0ekMqN.jpg,https://image.tmdb.org/t/p/w780,2025,11,medium,,['Documentary'],Documentary
1314802,es,Emergency Exit,"It tells how 14 characters travel in a mysterious vehicle that they cannot easily get out of. Along the way, they fabricate about their identity and travel through unreal landscapes on a journey between life and death, sleep and wakefulness. According to the synopsis, ""a tragicomedy with no certainties"".",0.16920000314712524,2025-11-13,Emergency Exit,0.0,0,https://image.tmdb.org/t/p/w342/uqUJ1a391vHhAk8SmSQnNPIT8fi.jpg,https://image.tmdb.org/t/p/w780/miVeZtaml62F2wjsDwcV6P9N2DO.jpg,2025,11,medium,,['Drama'],Drama
1435035,en,The Astronaut,An Astronaut wakes up in a strange landscape and must figure out what to do next,0.16899999976158142,2025-11-20,The Astronaut,0.0,0,https://image.tmdb.org/t/p/w342/5FwoOPvYfZmQmyO7wFg2hQO0Vu.jpg,https://image.tmdb.org/t/p/w780,2025,11,medium,,['Science Fiction'],Science Fiction
1571467,ko,러비타 퍼스트 팬 콘서트 <어웨이크닝>,,0.1679999977350235,2025-11-15,1st LUVITA FAN-CONCERT 〈AWAKENING〉,0.0,0,https://image.tmdb.org/t/p/w342/nsQ6nVI41VpSnKQflcGxQ4PcH2k.jpg,https://image.tmdb.org/t/p/w780,2025,11,medium,,"['Music', 'Documentary', 'Animation']","Music, Documentary, Animation"
1549042,zh,大伯：殤胎祭,,0.1670999974012375,2025-11-27,大伯：殤胎祭,0.0,0,https://image.tmdb.org/t/p/w342/eaQSyI9SCniOX8TAVV68m2Cnd0n.jpg,https://image.tmdb.org/t/p/w780/vJJhk26ThjPgYLMJH72N5e7DETY.jpg,2025,11,medium,,['Horror'],Horror
1569829,en,No Lies in the Afterlife,"Two friends, Alex and Syd, try to reconnect with Alex’s ex-boyfriend Dean from beyond the grave but their friendship is tested when Dean begins to reveal their secrets.",0.164000004529953,2025-11-22,No Lies in the Afterlife,0.0,0,https://image.tmdb.org/t/p/w342/hMuSJEt5Lc8toz3INTG5cripyXB.jpg,https://image.tmdb.org/t/p/w780/74r9UQ3PcxjDdkZDq6cM9kA1yDE.jpg,2025,11,medium,,"['Horror', 'Comedy']","Horror, Comedy"
1543973,da,Mors drenge,"Adrian Hughes digs into his mother's dramatic life, from the jetset Copenhagen of the 1950's to loneliness and alcoholism, but a bitter farewell letter opens new wounds. In Jesper Dalgaard's staged documentary we encounter tragic female destinies, affluent and absent fathers, while actors such as Birthe Neumann, Asta August and Jakob Cedergren bring the past to life in this breathtaking experiment. With equal parts humour and pain, the film shows that it's never too late to try to understand your family.",0.16369999945163727,2025-11-13,Mommy's Boys,0.0,0,https://image.tmdb.org/t/p/w342/uzOqcTWdAXxbDnlnbXpbp7eYUG3.jpg,https://image.tmdb.org/t/p/w780,2025,11,medium,,['Documentary'],Documentary
1512507,en,"""What's Up with Mick McLachlan?""","Mick recovers from his past heartbreaks when he meets Ryan, which starts a wonderful.....but tragic.....relationship.",0.163100004196167,2025-11-30,"""What's Up with Mick McLachlan?""",0.0,0,https://image.tmdb.org/t/p/w342/tK1pr8NlAYAH6Vx4mAa3O7fuP7Z.jpg,https://image.tmdb.org/t/p/w780/mtVmTqcaHJ9RBu0D0b2gH3eOcQw.jpg,2025,11,medium,,"['Drama', 'Crime', 'Romance']","Drama, Crime, Romance"
1512507,en,"""What's Up with Mick McLachlan?""","Mick recovers from his past heartbreaks when he meets Ryan, which starts a wonderful.....but tragic.....relationship.",0.163100004196167,2025-11-30,"""What's Up with Mick McLachlan?""",0.0,0,https://image.tmdb.org/t/p/w342/tK1pr8NlAYAH6Vx4mAa3O7fuP7Z.jpg,https://image.tmdb.org/t/p/w780/mtVmTqcaHJ9RBu0D0b2gH3eOcQw.jpg,2025,11,medium,,"['Drama', 'Crime', 'Romance']","Drama, Crime, Romance"
1567798,en,Farruquito: a Flamenco Dynasty,"A legendary flamenco dynasty channels raw emotion and family bonds into electrifying performances, creating a powerful legacy of Spanish dance artistry across generations.",0.16290000081062317,2025-11-20,Farruquito: a Flamenco Dynasty,0.0,0,https://image.tmdb.org/t/p/w342,https://image.tmdb.org/t/p/w780,2025,11,medium,,['Documentary'],Documentary
1220924,en,Homelessly in Love,"While weathering romantic obstacles and housing challenges, Alyssa, Michelle and Lorraine overcome their traumas and reclaim their life journeys.",0.16279999911785126,2025-11-26,Homelessly in Love,0.0,0,https://image.tmdb.org/t/p/w342/kAVFu3bpwbeBk1SKmVfmOAbw7xN.jpg,https://image.tmdb.org/t/p/w780,2025,11,medium,,['Documentary'],Documentary
1318234,cs,Neporazitelní,"A passionate coach and manager drives the whole country crazy in an underrated sport during the World Para Ice Hockey Championship. With a consistently sold out arena and fantastic atmosphere, emotions are everywhere.",0.16259999573230743,2025-11-19,Invincibles,0.0,0,https://image.tmdb.org/t/p/w342/mhruR1AKOY5idWWbK21gzlHdUFa.jpg,https://image.tmdb.org/t/p/w780/uDPNsFzBeAjGve3xyo30V7FfqsL.jpg,2025,11,medium,,['Drama'],Drama
1564681,en,A Musician's Requiem,"Jason, an ordinary college student with dreams of becoming an indie musician recognized for his work, is deeply committed to his artistic vision. His idealism, however, is a double-edged sword; it gives him resilience and a strong sense of responsibility toward his craft, yet it also costs him his relationship and his closest friendship. As Jason continues his pursuit, he begins to realize just how difficult it truly is to create music that resonates with many people.",0.1623000055551529,2025-11-15,A Musician's Requiem,0.0,0,https://image.tmdb.org/t/p/w342/qbF2caBnLRBR8LHYgNoRlSJPUBx.jpg,https://image.tmdb.org/t/p/w780/knCKxC4kPyvU8HxXTVrZqdKY59r.jpg,2025,11,medium,,"['Drama', 'Music', 'Romance']","Drama, Music, Romance"
1575658,id,Salam Dahsyat Fantastis Luar Biasa,"Angga is trapped in mounting online loan debt. At his lowest point, a friend invites him to a financial seminar led by Mira Prameswari, a charismatic motivational speaker. What begins as a promise of financial freedom turns into an absurd spectacle. As the line between motivation and manipulation begins to blur, Angga finds himself caught in an inner conflict between logic and the seductive dream of false salvation.",0.16120000183582306,2025-12-01,Amazing Fantastic Extraordinary People,0.0,0,https://image.tmdb.org/t/p/w342/u3T216wgTReAWXtcY73aWFRQUYE.jpg,https://image.tmdb.org/t/p/w780/j1OAO2GJ9yc3lZwhcyJVlCHBKZB.jpg,2025,12,medium,,"['Drama', 'Thriller']","Drama, Thriller"
1570221,ko,포레스텔라 : 더 웨이브 인 시네마,,0.15809999406337738,2025-11-19,FORESTELLA THE WAVE IN CINEMA,0.0,0,https://image.tmdb.org/t/p/w342/qwfJrke2Pa5ZKwir83u58NMyKkZ.jpg,https://image.tmdb.org/t/p/w780,2025,11,medium,,"['Music', 'Documentary']","Music, Documentary"
1501143,en,How to Save the Immortal 2:  Elixer of Life,"Drybone the Immortal and Shieldmaiden Barbara are preparing for their wedding, but not all Barbara's relatives are happy about the union. Her strong-willed aunt, Queen Brungilda, believes her niece deserves a more suitable match. In a misguided attempt to stop the wedding, she unwittingly casts a powerful sleeping charm on Barbara. The Queen proclaims that the legendary Elixir of Life can save Barbara, but only a truly noble knight will survive the treacherous path to the Elixir, hidden in a perilous place where danger lurks at every turn. Drybone, known as a dark sorcerer, stands no chance in this noble quest, so he enlists Elijah, a true and valiant knight but clumsy and fearful, to join him. In a tale filled with action, magic, and humor, only a true hero can save Barbara and restore peace and joy to the kingdom.",0.15790000557899475,2025-11-30,How to Save the Immortal 2:  Elixer of Life,0.0,0,https://image.tmdb.org/t/p/w342/op3PgaYP4DZRSS8B69r0kgAlnVo.jpg,https://image.tmdb.org/t/p/w780/hBzWuzOwvkFEpy9OXKnmXqqhUUY.jpg,2025,11,medium,,"['Fantasy', 'Adventure', 'Comedy']","Fantasy, Adventure, Comedy"
1567804,en,Fugs Film!,"In 1960s New York City, radical rock band The Fugs channels the raw energy of counterculture rebellion through their provocative music and anti-establishment stance.",0.1573999971151352,2025-11-20,Fugs Film!,0.0,0,https://image.tmdb.org/t/p/w342,https://image.tmdb.org/t/p/w780,2025,11,medium,,['Documentary'],Documentary
1561393,th,Lostless,"Nop, a professional assassin, must set out to rescue his younger sister who has been kidnapped by a mysterious cult.",0.1565999984741211,2025-12-01,Lostless,0.0,0,https://image.tmdb.org/t/p/w342/5IWSIYvtrLqtKVkFRJjYJaY9eQe.jpg,https://image.tmdb.org/t/p/w780,2025,12,medium,,"['Action', 'Horror', 'Drama', 'Mystery']","Action, Horror, Drama, Mystery"
1487379,en,The Day Monsters Roamed Earth,"When a film crew go to an uncharted island, they meet island natives and a titanic ape named Kong.",0.1565999984741211,2025-11-25,The Day Monsters Roamed Earth,0.0,0,https://image.tmdb.org/t/p/w342/r4g6xPyhJKkfGaa1ctSd1zQ1Imk.jpg,https://image.tmdb.org/t/p/w780/ixBpUC0SzI4fJXwDAq6iQSosQR2.jpg,2025,11,medium,,"['Adventure', 'Animation', 'Action']","Adventure, Animation, Action"
1570925,it,Vita mia,,0.15649999678134918,2025-11-26,Vita mia,0.0,0,https://image.tmdb.org/t/p/w342,https://image.tmdb.org/t/p/w780,2025,11,medium,,[],
1576022,en,Prison and Time,"Formerly incarcerated writer Marvin Wade speaks personally about his 25 years in prison and the positive transformation he achieved in spite of, not because of, the criminal legal system around him.",0.15459999442100525,2025-11-13,Prison and Time,10.0,1,https://image.tmdb.org/t/p/w342/oiKFnLDWeMOCabSbqn6cRfr13FY.jpg,https://image.tmdb.org/t/p/w780/k0fJlTulIz8BqMS4SpoJRqjSgAX.jpg,2025,11,medium,excellent,"['Documentary', 'Animation']","Documentary, Animation"
1495796,en,Flight of the Swans,"A female conservationist takes to the skies in a paramotor to follow Bewick’s Swans on their annual migration in a bid to understand their dramatic decline; 7,000 kilometers, eleven countries, from Russia to England, across tundra, forests and industrial landscapes, where she encounters people just as passionate about saving and protecting these birds and their wetland homes.",0.15379999577999115,2024-04-20,Flight of the Swans,0.0,0,https://image.tmdb.org/t/p/w342/niqo2NOZx4hZ9h1KzryRmul25k6.jpg,https://image.tmdb.org/t/p/w780,2024,4,medium,,['Documentary'],Documentary
1505918,en,Carclew,"Martha is searching for her lost dog in the dark countryside of Cornwall. She stumbles upon an isolated farmhouse, where two strange and cryptic men reside. As the night unfolds, Martha uncovers their disturbing secret.",0.15320000052452087,2025-11-20,Carclew,0.0,0,https://image.tmdb.org/t/p/w342/vf5qHTOr4GKFw1WRWwOv19MqI4e.jpg,https://image.tmdb.org/t/p/w780/eyAGNhWBbSPFZKc63GpLhrgEe8x.jpg,2025,11,medium,,"['Horror', 'Mystery']","Horror, Mystery"
1481097,cs,"Letní škola, 2001","A teenage boy returns to his family after years apart, scarred from being sent to Vietnam while his younger brother stayed in Czechia. After reunion, he faces a distant father, a mother desperate to mend the past, and a brother uneasy about sharing the spotlight. One chaotic summer pushes them to their limits when the younger brother falls from a roof. Between misunderstandings and clumsy family dynamics, they learn that sometimes, healing begins by letting the cracks show.",0.1509999930858612,2025-07-24,"Summer School, 2001",7.0,1,https://image.tmdb.org/t/p/w342/pCzo2iNm1uSzi2kpcvLmAd9JVpy.jpg,https://image.tmdb.org/t/p/w780/n77spInoVEtwmYMNRUsqu3YlyGy.jpg,2025,7,medium,average,"['Drama', 'Family']","Drama, Family"
1456997,de,Schulweg,"In July of 2021 there was a flood of catastrophic scope in the Ahrtal Region of Germany. 135 people lost their lives and countless others lost their possessions, their homes, their most treasured mementos. Three years later the reconstruction is progressing slowly.  This is an attempt at exploring, what it means to irretrievably lose a part of ones’ past.",0.1509999930858612,2025-11-21,Off to School,0.0,0,https://image.tmdb.org/t/p/w342/aSU82NEbSqFb6ez6lZvNtp0NKfJ.jpg,https://image.tmdb.org/t/p/w780,2025,11,medium,,['Documentary'],Documentary
1566094,en,Project Chapel,"For the first time in history, a quantum computer was installed at a university—in a century old chapel at the oldest engineering school in America. And along with it came the pitfalls, wonder, and adaptation that comes from doing something that’s never been done before.",0.1501999944448471,2025-11-24,Project Chapel,0.0,0,https://image.tmdb.org/t/p/w342/u4AdLzjc5yKpMRRJVMW9n8KDasn.jpg,https://image.tmdb.org/t/p/w780,2025,11,medium,,['Documentary'],Documentary
1194402,fr,Cri de l'âme,,0.1500999927520752,2023-11-08,Cri de l'âme,0.0,0,https://image.tmdb.org/t/p/w342/tg0UVHROIQ4rMWnTxvdRhiCsiDm.jpg,https://image.tmdb.org/t/p/w780,2023,11,medium,,['Documentary'],Documentary
1567810,en,The Big Cheese,A clever American team competes for first place at France's Mondial du Fromage cheese competition.,0.14959999918937683,2025-11-20,The Big Cheese,0.0,0,https://image.tmdb.org/t/p/w342,https://image.tmdb.org/t/p/w780,2025,11,medium,,['Documentary'],Documentary
1535733,kk,Auru,"The plot of the film revolves around a couple who start a fake fundraiser for the treatment of a ""cancer patient"".",0.14579999446868896,2025-11-13,Auru,0.0,0,https://image.tmdb.org/t/p/w342/sE52jnAqji7bYCHUPbccS1r0Kmu.jpg,https://image.tmdb.org/t/p/w780,2025,11,medium,,"['Thriller', 'Drama']","Thriller, Drama"
1564367,en,The End of the World,"During a self-taped audition for a film about the apocalypse, 15-year-old Tyler realizes that the end might not be fiction after all.",0.1445000022649765,2025-11-28,The End of the World,0.0,0,https://image.tmdb.org/t/p/w342/2GpFLDcK9lbCyT8zczJISPcfiSK.jpg,https://image.tmdb.org/t/p/w780,2025,11,medium,,"['Comedy', 'Thriller', 'Science Fiction']","Comedy, Thriller, Science Fiction"
1567800,ky,A Free Daughter of Free Kyrgyzstan,"A fearless young singer challenges her oppressive culture through bold music videos, risking everything to amplify women's voices despite dangerous opposition.",0.14419999718666077,2025-11-20,A Free Daughter of Free Kyrgyzstan,0.0,0,https://image.tmdb.org/t/p/w342,https://image.tmdb.org/t/p/w780,2025,11,medium,,['Documentary'],Documentary
1540903,lt,BIX – beveik Nirvana,"The BIX rock bar in Vilnius was designed by Saulius Urbonavičius-Samas, the frontman of the cult rock band BIX, which was formed in Šiauliai in 1987. The film also used archival footage of BIX concerts from the 1990s to illustrate the time period. This new story captures the free and playful essence of BIX’s rebellious spirit, which once led Samas and the band to West Berlin, where they shared a stage with Nirvana. Samas, a painter and karate fan, was followed and 're-educated' by the KGB and helped spark the punk movement that protested against Soviet restrictions. Along with teacher Grikis and friends, they recorded forbidden songs away from the authorities.",0.14409999549388885,2025-11-14,BIX Almost Nirvana,0.0,0,https://image.tmdb.org/t/p/w342/b7sB2Upui6LUJeNfuHDOivNRyb.jpg,https://image.tmdb.org/t/p/w780/4EdNTMRHhTuloPrNaBnlmdhjWbX.jpg,2025,11,medium,,"['Documentary', 'Music']","Documentary, Music"
1566712,xx,Passaging,"Passaging is the procedure of harvesting cells from a culture, transferring the cells to one or more culture vessels with fresh growth medium, and using those cells to start new cultures.",0.14399999380111694,2025-11-17,Passaging,0.0,0,https://image.tmdb.org/t/p/w342,https://image.tmdb.org/t/p/w780,2025,11,medium,,['Fantasy'],Fantasy
1551041,en,Heartsick,"Following the end of a significant relationship, Jess is left reeling. To put a shape on her slowly spiralling life, she pens an email to her former person detailing just how fine she is.",0.14309999346733093,2025-11-17,Heartsick,0.0,0,https://image.tmdb.org/t/p/w342/AbKCf35zwF35cUbaqHsjY7jhZiC.jpg,https://image.tmdb.org/t/p/w780,2025,11,medium,,"['Comedy', 'Romance']","Comedy, Romance"
1418957,uk,Коли над морем спалахує блискавка,"A widow who cares for stray cats, a boy who loves the sea, a philosopher marked by life... Eva Neymann shows the inhabitants of Odesa with gentleness and care, trying to find out what they dream of when the war has destroyed all certainty.",0.1429000049829483,2025-11-20,When Lightning Flashes Over the Sea,0.0,0,https://image.tmdb.org/t/p/w342/mqU7Z5HPSUewsjPDyCcAdNl70vm.jpg,https://image.tmdb.org/t/p/w780/dUxcd5kXbXzWlJA1AZxz6e6RClN.jpg,2025,11,medium,,['Documentary'],Documentary
1575568,zh,顺流而上,,0.14259999990463257,2025-11-18,Up Stream,0.0,0,https://image.tmdb.org/t/p/w342/466vF0JuD4G4lCXPIm5eQVX8ogB.jpg,https://image.tmdb.org/t/p/w780,2025,11,medium,,['Drama'],Drama
1560511,fr,Skin Flick,"A porn actress stars in the Devil’s cannibal snuff films in exchange for flawless skin. While luring a runaway bride to the studio to devour her on camera, she begins to develop feelings that will disrupt the Devil’s script.",0.1421000063419342,2025-11-26,Skin Flick,0.0,0,https://image.tmdb.org/t/p/w342/fSTghZ2yLcw01dpvZcGiSOuhCLG.jpg,https://image.tmdb.org/t/p/w780,2025,11,medium,,['Animation'],Animation
1567499,tr,Lo-Fi,"Emre, a man in his early thirties, is moving out of his apartment. His girlfriend Defne talks to him, conjuring up images and uncovering traces of the bittersweet memories of their relationship. With the help of some friends, Emre collects his belongings and says goodbye to the neighbourhood where he was happy. But is he ready to say farewell to his home?",0.14100000262260437,2025-11-17,Lo-Fi,0.0,0,https://image.tmdb.org/t/p/w342,https://image.tmdb.org/t/p/w780/9iWAKgnglEOAf7r5D3LyMNwqMkh.jpg,2025,11,medium,,"['Drama', 'Romance']","Drama, Romance"
1255792,fr,Les Baronnes,"When 65-year-old Fatima discovers that her husband has been living a double life in Morocco for the past ten years, her world collapses. Furious and determined not to let fate get her way, she decides to pick up where she left off 50 years earlier, when she was to play Hamlet. Together with her best friends Mériem, Romaissa and Inès, three other grandmothers from Molenbeek, these ""Baronnes"" are about to make a decision that will turn their lives, those of their entourage, their neighborhood and the whole country upside down.",0.14030000567436218,2025-12-03,The Baronesses,0.0,0,https://image.tmdb.org/t/p/w342/uqNr7Ju19L5zasdC0tYrSn9pfwF.jpg,https://image.tmdb.org/t/p/w780/wxMBMBPZBPcYyzGa9GeewahjZvj.jpg,2025,12,medium,,"['Comedy', 'Music']","Comedy, Music"
1574364,en,Christmas By Design,"A famous handbag designer working on a special-edition holiday line for charity finds her newest designs stolen in a company data breach. When she hires an IT expert to save the day, she discovers he’s the same man she shared a romantic — and awkward — moment with at last year’s Christmas party. As they work together to recover what was lost, they may just find something even more valuable.",0.14010000228881836,2025-11-20,Christmas By Design,0.0,0,https://image.tmdb.org/t/p/w342/8usiEhws4ayP8KzPv9LbR4C2yFR.jpg,https://image.tmdb.org/t/p/w780/d5QhTB0Ul2cVlkWfZHo7HYShp0.jpg,2025,11,medium,,"['Romance', 'Comedy', 'Drama']","Romance, Comedy, Drama"
1567826,en,The Keeper,"A dedicated boat captain and his dog patrol the Hudson River, monitoring environmental concerns after decades of industrial damage. Despite improvements, their mission reveals ongoing challenges to this historic waterway's ecosystem.",0.13819999992847443,2025-11-20,The Keeper,0.0,0,https://image.tmdb.org/t/p/w342,https://image.tmdb.org/t/p/w780,2025,11,medium,,['Documentary'],Documentary
1567807,en,What We Inherit,"After discovering his ancestors were both pioneers and enslavers, Kacim journeys through the complexities of his American and Algerian heritage, confronting histories of conquest, slavery, and the weight of an inherited legacy.",0.13670000433921814,2025-11-20,What We Inherit,0.0,0,https://image.tmdb.org/t/p/w342,https://image.tmdb.org/t/p/w780,2025,11,medium,,['Documentary'],Documentary
1375981,bn,মুহাব্বাত,,0.13650000095367432,2025-12-01,Mohabbat,0.0,0,https://image.tmdb.org/t/p/w342,https://image.tmdb.org/t/p/w780,2025,12,medium,,['Romance'],Romance
1557337,en,The Life of Dom,"Following a devastating medical diagnosis, Dom is dragged into a deadly conflict that pushes him to his emotional and physical limits.",0.13619999587535858,2025-11-28,The Life of Dom,0.0,0,https://image.tmdb.org/t/p/w342/lZOZxX7imnJwXvsD5IVagi5qd4C.jpg,https://image.tmdb.org/t/p/w780,2025,11,medium,,"['Drama', 'Thriller', 'Action']","Drama, Thriller, Action"
1493991,en,Traces of Home,Filmmaker Colette Ghunim takes her parents to find the ancestral homes in Mexico and Palestine that they had fled from decades earlier.,0.13600000739097595,2025-11-14,Traces of Home,0.0,0,https://image.tmdb.org/t/p/w342/z6SO2ksQmamXqVzkfMmHmdMj5Tz.jpg,https://image.tmdb.org/t/p/w780/cj4pwUVb6kWao8MooFXDxBrki0K.jpg,2025,11,medium,,['Documentary'],Documentary
1482187,en,The Rabbit Hole,"Isaac, a neurotic tree-hugger, builds a god-like supercomputer in order to save the natural world. But, when the machine comes to life and his existence begins to crumble, Isaac is forced to choose between destiny and the person he loves most.",0.13519999384880066,2025-11-12,The Rabbit Hole,0.0,0,https://image.tmdb.org/t/p/w342/encMwu4kbkCzsyDWK1vu5GHFJqB.jpg,https://image.tmdb.org/t/p/w780/6qiOA0cQp11UcmngyvV874kthyy.jpg,2025,11,medium,,"['Comedy', 'Drama', 'Science Fiction']","Comedy, Drama, Science Fiction"
1408696,fr,Lorie Party,Lorie invites you to a colorful and festive evening! Hear all her greatest hits during her Lorie Party 2025/2026 tour!,0.13449999690055847,2025-10-01,Lorie Party,10.0,1,https://image.tmdb.org/t/p/w342/735QlV5RZU25xhaHGDRxGhBwLgt.jpg,https://image.tmdb.org/t/p/w780/8JOHr5jwFCzBPnBm9uYLIUqUVwl.jpg,2025,10,medium,excellent,['Music'],Music
1567507,en,Y Vân: The Lost Sounds of Saigon,"While exploring her grandfather's musical legacy, a filmmaker reveals a forgotten chapter of Vietnam's past.",0.13330000638961792,2025-11-16,Y Vân: The Lost Sounds of Saigon,0.0,0,https://image.tmdb.org/t/p/w342,https://image.tmdb.org/t/p/w780,2025,11,medium,,['Documentary'],Documentary
1504143,et,Plaanid homseks,Maria and Lola attend a birthday party. The arrival of Martin throws their evening off course.,0.13279999792575836,2025-11-12,Plans for Tomorrow,0.0,0,https://image.tmdb.org/t/p/w342/21GaGDQo30jjrLa8LFyegNR1nWj.jpg,https://image.tmdb.org/t/p/w780/mGOlKMPvzAG3fa52TKe80y8HIzM.jpg,2025,11,medium,,"['Comedy', 'Romance']","Comedy, Romance"
1550854,en,Techno,A man trapped in an office run by an AI confronts the AI that runs the office and faces a life-or-death decision.,0.1324000060558319,2025-11-28,Techno,0.0,0,https://image.tmdb.org/t/p/w342/bCgJZviJYWe9kfU0zOoIe3pNnob.jpg,https://image.tmdb.org/t/p/w780,2025,11,medium,,"['Science Fiction', 'Thriller']","Science Fiction, Thriller"
1567522,en,The Nutcracker at Wethersfield,"Ballet dancers adapt a holiday favorite during COVID lockdowns, motivated by determination to keep performing through challenging times.",0.1316000074148178,2025-11-16,The Nutcracker at Wethersfield,0.0,0,https://image.tmdb.org/t/p/w342/7r2jEv0ZYNpvyEui8gi0yt28QaG.jpg,https://image.tmdb.org/t/p/w780/lHsgTzObtzmRa2R94axuNxX8Y9x.jpg,2025,11,medium,,['Documentary'],Documentary
1567518,en,Artists in Residence,"The inspiring story of three female artists who defied norms by purchasing a house together in 1950s NYC, prioritizing their art over traditional, gender-coded roles.",0.1316000074148178,2025-11-14,Artists in Residence,0.0,0,https://image.tmdb.org/t/p/w342,https://image.tmdb.org/t/p/w780,2025,11,medium,,['Documentary'],Documentary
1423207,ko,우리의 이름,,0.13099999725818634,2025-11-26,Echo of the Past,0.0,0,https://image.tmdb.org/t/p/w342/jpAc7daUiFctM6OBnu3ugTwGAlC.jpg,https://image.tmdb.org/t/p/w780,2025,11,medium,,['Drama'],Drama
1451788,de,Sedimente,"The traces of a family, and the entanglements of two dictatorships.",0.13079999387264252,2025-11-13,Sediments,0.0,0,https://image.tmdb.org/t/p/w342/zaturhsoDeW3DANBNTBdAqVQicL.jpg,https://image.tmdb.org/t/p/w780/o78GXGK88hGpqhLrGzScIgnBOKT.jpg,2025,11,medium,,['Documentary'],Documentary
1559435,ky,Шерменделик карнавалы,"A 70-year-young nameless Director still invents various vivid and bizarre characters on an old-fashioned typewriter. This respected veteran knows a thing or two about tenderness and aesthetics. He has heard the word 'stop' far too many times while preparing an arthouse festival gem. The fledgling producer orders his uncle to write something entirely different, involving all keen investors in sold-out, influential roles.",0.13009999692440033,2025-11-18,Backstage Madness,0.0,0,https://image.tmdb.org/t/p/w342/3lvNwOdmki45EaD2S8eMPYuNUgI.jpg,https://image.tmdb.org/t/p/w780/o70OjmPHcVckXXfOpyiZRPcBglI.jpg,2025,11,medium,,['Comedy'],Comedy
1539843,fr,Nos panthéons,A growing number of onlookers disrupt an archeologist as she tries to work.,0.13009999692440033,2025-11-05,Our Pantheons,0.0,0,https://image.tmdb.org/t/p/w342/6LpDPna4nkiRQ628BwBNlVFfKjD.jpg,https://image.tmdb.org/t/p/w780/s19gJPCEvZr8Ac8AeuNOdDYLWrq.jpg,2025,11,medium,,['Comedy'],Comedy
1297024,ar,Cabo Negro,"Soundouss and Jaâfar, two gay youths from Casablanca, spend the summer in Cabo Negro in the north of Morocco, at a villa rented by Jaâfar’s American lover—who does not show up. The friends decide to stay in the villa and do the best they can.",0.12960000336170197,2024-07-04,Cabo Negro,5.0,1,https://image.tmdb.org/t/p/w342/9xSITDTOLcwitBuVXt0B706qQNL.jpg,https://image.tmdb.org/t/p/w780/uib4yyKKp5bOC9HXzZ2eeJurWxu.jpg,2024,7,medium,poor,['Drama'],Drama
1567802,en,If These Walls Could Rock,"Rock stars, wild parties, and untold stories come alive at LA's iconic Sunset Marquis hotel, where music legends created unforgettable moments during the hedonistic peak of '70s and '80s rock culture.",0.1290999948978424,2025-11-20,If These Walls Could Rock,0.0,0,https://image.tmdb.org/t/p/w342,https://image.tmdb.org/t/p/w780,2025,11,medium,,['Documentary'],Documentary
1563543,es,La Buena Hija,"After her parents’ separation, Carmela and her mother move into her grandmother’s home. As Carmela struggles to adjust to her new reality, she longs to spend more time at her father’s place, a visual artist she both admires and idolizes. His presence looms over the three generations of women, pushing them to confront and decide the future they each deserve.",0.1289999932050705,2025-11-15,The Good Daughter,0.0,0,https://image.tmdb.org/t/p/w342/8NI00eKWTGKTpBjQEMJRzOWGA4h.jpg,https://image.tmdb.org/t/p/w780/hKuuZVP0dlTB8hZvggQcV9f2tWp.jpg,2025,11,medium,,['Drama'],Drama
1567506,en,The Lama's Son,"As youth leave Nepal's Mustang District and development advances, traditional lifestyles face extinction",0.12860000133514404,2025-11-16,The Lama's Son,0.0,0,https://image.tmdb.org/t/p/w342,https://image.tmdb.org/t/p/w780,2025,11,medium,,['Documentary'],Documentary
1575567,it,Laghat - Un sogno impossibile,,0.12729999423027039,2025-11-26,Laghat - Un sogno impossibile,0.0,0,https://image.tmdb.org/t/p/w342/og0V25iiWcfBidMbUcrJXxqcKnY.jpg,https://image.tmdb.org/t/p/w780/8WzZgkZakh1k0WVbSYJrDMlomWq.jpg,2025,11,medium,,['Drama'],Drama
1502996,en,Hunters '25,"A remake of Sophie Thompson’s 2023 short Hunters, with added previously cut scenes and added content",0.12720000743865967,2025-11-25,Hunters '25,0.0,0,https://image.tmdb.org/t/p/w342/1k1sXzUNHHB8hA2C6zFkM4cjwQF.jpg,https://image.tmdb.org/t/p/w780,2025,11,medium,,['Comedy'],Comedy
1279751,es,El ruido del tiempo,"In the town of Xoco, the spirit of an old villager awakens in search of its lost home. Along its journey, the ghost discovers that the town still celebrates its most important festivities, but also learns that the construction of a new commercial complex called Mítikah will threaten the existence of both the traditions and the town itself.",0.12720000743865967,2024-06-27,The Noise of Time,7.0,1,https://image.tmdb.org/t/p/w342/22ymt4KlAm4LdauIvWjcfo921uv.jpg,https://image.tmdb.org/t/p/w780/hywuvr9Osnt9xUQeaj8mF1yHv9n.jpg,2024,6,medium,average,"['Documentary', 'Fantasy']","Documentary, Fantasy"
1550196,es,El llamado,"In the middle of a reality game, Young is tested by Peregrina to question her world as a fictional character, but things get out of control and everyone (Director included) falls into a crisis when they realize that they are fantasy. of ""someone else.""",0.12680000066757202,2025-11-14,The Calling,0.0,0,https://image.tmdb.org/t/p/w342/4gJzoN6WwU3AhRBj64bvzMBNvC4.jpg,https://image.tmdb.org/t/p/w780/i5iJqIPRHk8nLYkm9EHvoLgFiYr.jpg,2025,11,medium,,"['Fantasy', 'Comedy', 'Mystery']","Fantasy, Comedy, Mystery"
1479499,de,Im Osten was Neues,"What brings about a Damascene conversion? When he was younger, Thomas “Eichi” Eichstätt was an East German right-wing extremist thug. Today he volunteers as a football coach for stranded young people from around the world. He doesn’t have much left for himself; unfortunately the cash-strapped local municipality of Torgelow has no way of paying him for his valuable work.",0.12680000066757202,2025-11-13,Changing Sides,0.0,0,https://image.tmdb.org/t/p/w342/modn0kOrefjWHWIfHTutA98NJw3.jpg,https://image.tmdb.org/t/p/w780/bxPWtRwTsRGWkp1LCppX21yf39M.jpg,2025,11,medium,,['Documentary'],Documentary
1575718,ko,콘크리트 마켓,"In a post-apocalyptic world from a catastrophic earthquake, one apartment building that didn't collapse becomes a bartering market.",0.125900000333786,2025-12-03,Concrete Market,0.0,0,https://image.tmdb.org/t/p/w342,https://image.tmdb.org/t/p/w780/evcQKOTqgyuiQ1PKXDzpUjhNoMR.jpg,2025,12,medium,,"['Science Fiction', 'Thriller']","Science Fiction, Thriller"
1012611,fr,Vitrival,"Benjamin and Little Pierre, cousins and local policemen, patrol Vitrival while listening to Radio Chevauchoir. They have a lot to do: dick graffitis are popping up on the village walls. Of course, no one has seen or heard anything. At the same time, one villager commits suicide, then two, then three. Season after season, dick graffitis and suicides proliferate. What can Benjamin and Pierre do about it? Days and celebrations will keep flowing, no matter what.",0.125900000333786,2025-11-26,Vitrival – The Most Beautiful Village in the World,0.0,0,https://image.tmdb.org/t/p/w342/yf4WK7uChUDitib2eejlByydT8i.jpg,https://image.tmdb.org/t/p/w780/sxCwdTaRFoW8Fz5DJbJxbqgpCZa.jpg,2025,11,medium,,"['Drama', 'Comedy']","Drama, Comedy"
1567808,en,Saving Etting Street,"Shelly, a brash, no-nonsense carpenter, is on a mission to empower Black women to reclaim their futures, one home at a time. Through her innovative program, participants learn construction skills and financial literacy to renovate and purchase abandoned row houses in Baltimore. As dilapidated quarters become dream homes, the women’s personal journeys and stories of determination and community offer a powerful blueprint for breaking cycles of poverty and revitalizing neighborhoods from within.",0.12559999525547028,2025-11-20,Saving Etting Street,0.0,0,https://image.tmdb.org/t/p/w342,https://image.tmdb.org/t/p/w780,2025,11,medium,,['Documentary'],Documentary
1523382,en,The Book,"Meet The Great Opticisioner. Bet you wish you hadn't, huh?",0.11940000206232071,2025-11-21,The Book,0.0,0,https://image.tmdb.org/t/p/w342/rb6jX3JNFCYrGvFWfNImrq7QNFg.jpg,https://image.tmdb.org/t/p/w780/fpNgYAhoavp3OrdorQvCWbCYITt.jpg,2025,11,medium,,['Adventure'],Adventure
1563569,tr,Uzakta,"Şırnak is a Kurdish city on the border of Turkey, Iraq and Syria. In 2007, drama teacher Tayfur began recording candid interviews with children aged between 8 and 14. They were once enthusiastic, honest and full of hope for a brighter future. Today, such interviews are not even possible anymore. The school has been destroyed. Women's rights are fragile. People's mental health is deteriorating and self-confidence is lost. Bigger ambitions have faded. In 2016, war erupted on the streets of Şırnak.",0.11959999799728394,2025-11-12,Far Away,0.0,0,https://image.tmdb.org/t/p/w342/c2OVu8CIK8X7xM368mmowWhmOvc.jpg,https://image.tmdb.org/t/p/w780/hrllCSdhfMa9JtrX9Ea4YKu7paM.jpg,2025,11,medium,,['Documentary'],Documentary
1539843,fr,Nos panthéons,A growing number of onlookers disrupt an archeologist as she tries to work.,0.13009999692440033,2025-11-05,Our Pantheons,0.0,0,https://image.tmdb.org/t/p/w342/6LpDPna4nkiRQ628BwBNlVFfKjD.jpg,https://image.tmdb.org/t/p/w780/s19gJPCEvZr8Ac8AeuNOdDYLWrq.jpg,2025,11,medium,,['Comedy'],Comedy
1382789,fr,Ce qui restera,"Gaspar, an obsessive theatre director, sees his work threatening his relationship with Lola, who dreams of making a living from her music but is gradually giving up hope. Meanwhile, Victor, his childhood friend, who is involved in drug trafficking, is caught up in a disturbing series of murders.",0.08640000224113464,2025-11-21,What It Takes,0.0,0,https://image.tmdb.org/t/p/w342/xgCOBeLNtFkkfetRUuKWmFfgfzE.jpg,https://image.tmdb.org/t/p/w780,2025,11,medium,,"['Drama', 'Thriller']","Drama, Thriller"
1543015,en,Alt-Right-Tab,"A directionless twenty-something discovers through online gaming how to make friends, make it big, and become a real man.",0.0925000011920929,2025-12-01,Alt-Right-Tab,0.0,0,https://image.tmdb.org/t/p/w342/f9hi4J6WJ1ScWPEE7Bl22RLbSFX.jpg,https://image.tmdb.org/t/p/w780/rEP4N4DSQrCTGnxgax1hXCCLEzy.jpg,2025,12,medium,,"['Drama', 'Comedy']","Drama, Comedy"
1394790,fr,Lily sous la pluie,"Lily is going through a rough time and decides to enroll on zany personal development classes. The wellbeing coach running them greets Lily with enthusiasm and offers three pieces of advice: try a niche breathing technique, write mantras and stick them all over her home, and masturbate. Lily tries to follow these absurd suggestions, hoping to put her sadness behind her.",0.12039999663829803,2025-11-17,Lily in the Rain,0.0,0,https://image.tmdb.org/t/p/w342,https://image.tmdb.org/t/p/w780,2025,11,medium,,['Drama'],Drama
1567667,lt,Laivas,"Ship is an overnight cruise on the occasion of a birthday celebration of Algirdas Stravinskas, the star of Lithuanian choreography in the former Soviet Union, culminating in a dance performance by a young contemporary dance troupe. On the cruise, the universal urge for beauty and creativity unites those who have already become history and those who are yet to make it.",0.08160000294446945,2025-11-28,Ship,0.0,0,https://image.tmdb.org/t/p/w342/2pb2ngxvXzawbHg2A6jRKoHbwUM.jpg,https://image.tmdb.org/t/p/w780/yjExDQ6qERGevd9ph8qFvtzsxms.jpg,2025,11,medium,,['Documentary'],Documentary
1537232,he,If You Tell Your Dreams They Won't Come True,An account of a fresh nightmare disturbs the Saturday morning of an estranged middle-aged couple.,0.10490000247955322,2012-04-28,If You Tell Your Dreams They Won't Come True,0.0,0,https://image.tmdb.org/t/p/w342/jVK3KxYOF8p2QjGRXJ2d4SXXZQy.jpg,https://image.tmdb.org/t/p/w780/hRaDjDqQHOkVTICYA6DDBMXiwvO.jpg,2012,4,medium,,['Drama'],Drama
1496142,pt,A Memória do Cheiro das Coisas,"An intimate drama about an aging war veteran forced into a retirement home, where he confronts the ghosts of his past and forms an unexpected bond with his Black caregiver.",0.09950000047683716,2025-10-03,The Scent of Things Remembered,0.0,0,https://image.tmdb.org/t/p/w342/wPirHtiZfOW8vkGWguTd2KpWfE2.jpg,https://image.tmdb.org/t/p/w780/t9KlvwFzX8oCNzz4ncLplvVanyW.jpg,2025,10,medium,,['Drama'],Drama
1541686,en,Haunting Within,"The Haunting Within begins with a woman (Shannon Sullivan) waking in her pajamas on an empty street—no memory, no direction, just the creeping sense that something is wrong.",0.0471000000834465,2025-11-20,Haunting Within,0.0,0,https://image.tmdb.org/t/p/w342/loDeuMWLctzsDfsW8Cd282tf1BP.jpg,https://image.tmdb.org/t/p/w780/aPft3JtRU41dlLTNtQeF8eKPOXj.jpg,2025,11,medium,,"['Horror', 'Mystery']","Horror, Mystery"
1559446,da,Herkules Falder,"Every war ends sooner or later, but it leaves scars on the hearts and minds of those who survive it. For Youssef, Afghanistan and Iraq linger. After an almost fatal incident at home, he enrols in a special facility to prepare for another battle: this time, to learn to control his anger. It's not going to be easy.",0.11259999871253967,2025-11-20,Hercules Falling,0.0,0,https://image.tmdb.org/t/p/w342/aKYapMzGse2NqeRF7XU2BZKytZm.jpg,https://image.tmdb.org/t/p/w780/wXTQwdo6a4zj4pE8clqNLkhBvwF.jpg,2025,11,medium,,['Drama'],Drama
1504143,et,Plaanid homseks,Maria and Lola attend a birthday party. The arrival of Martin throws their evening off course.,0.13279999792575836,2025-11-12,Plans for Tomorrow,0.0,0,https://image.tmdb.org/t/p/w342/21GaGDQo30jjrLa8LFyegNR1nWj.jpg,https://image.tmdb.org/t/p/w780/mGOlKMPvzAG3fa52TKe80y8HIzM.jpg,2025,11,medium,,"['Comedy', 'Romance']","Comedy, Romance"
1570328,bs,Memory Leak,"An unnamed explorer ventures to Korčanica, deep in the heart of Mount Grmeč, to film a vlog about an abandoned and mysterious monument from the Yugoslav era. But as he approaches the structure, he’s no longer certain that he’s the only visitor there.  Or is he?",0.09960000216960907,2025-12-01,Memory Leak,0.0,0,https://image.tmdb.org/t/p/w342/502Hvb0Fa0ZH0jABOGBSkJfjxwt.jpg,https://image.tmdb.org/t/p/w780,2025,12,medium,,"['Horror', 'Mystery']","Horror, Mystery"
1567826,en,The Keeper,"A dedicated boat captain and his dog patrol the Hudson River, monitoring environmental concerns after decades of industrial damage. Despite improvements, their mission reveals ongoing challenges to this historic waterway's ecosystem.",0.13819999992847443,2025-11-20,The Keeper,0.0,0,https://image.tmdb.org/t/p/w342,https://image.tmdb.org/t/p/w780,2025,11,medium,,['Documentary'],Documentary
1517145,it,Nino - 18 giorni,Following one of the most famous italian singers: Nino D'Angelo.,0.08169999718666077,2025-11-20,Nino - 18 giorni,0.0,0,https://image.tmdb.org/t/p/w342/bmbiW6g4t4d72WwWH5IuecUAmn6.jpg,https://image.tmdb.org/t/p/w780/jZ6jZR1Xi2Z3tQyazYCCfHn9aXQ.jpg,2025,11,medium,,['Documentary'],Documentary
1357349,es,Flores para Antonio,"A daughter sets out to find out the truth about the man who was her father, a legendary musician, who died when she was 8 years old. He is Antonio Flores, and she the also famous actress Alba Flores. Alba stopped singing when she lost Antonio and is now determined to recover her voice and her background, asking family members and friends for the first time.",0.18170000612735748,2025-11-28,Flores para Antonio,0.0,0,https://image.tmdb.org/t/p/w342/9lMWvMMc8Lfyjy8yiSDWTAcz6wC.jpg,https://image.tmdb.org/t/p/w780/c6FPPMXHaoXaduvVOjKblHLX8lw.jpg,2025,11,medium,,['Documentary'],Documentary
1132081,en,Inseparable,A young artist struggles to define the line between reality and psychosis.,0.08699999749660492,2025-11-20,Inseparable,0.0,0,https://image.tmdb.org/t/p/w342/bg1hdIwgF7Dg7kC4kX3Xqr20nCU.jpg,https://image.tmdb.org/t/p/w780,2025,11,medium,,['Thriller'],Thriller
1575567,it,Laghat - Un sogno impossibile,,0.12729999423027039,2025-11-26,Laghat - Un sogno impossibile,0.0,0,https://image.tmdb.org/t/p/w342/og0V25iiWcfBidMbUcrJXxqcKnY.jpg,https://image.tmdb.org/t/p/w780/8WzZgkZakh1k0WVbSYJrDMlomWq.jpg,2025,11,medium,,['Drama'],Drama
1569555,vi,Truy Tìm Long Diên Hương,"The treasured relic of Long Diên Hương fishing village is stolen, setting off a thrilling pursuit. Beyond its spectacular martial arts sequences, the film delivers laughter, unity, and the heartfelt human values of the coastal villagers.",0.18029999732971191,2025-11-12,Truy Tìm Long Diên Hương,0.0,0,https://image.tmdb.org/t/p/w342/7fHlcEovyJY1YhTd8FaJXj1mUk8.jpg,https://image.tmdb.org/t/p/w780/ociHIRRo2HNgRG2et4nDyNyTrM5.jpg,2025,11,medium,,"['Action', 'Adventure', 'Comedy']","Action, Adventure, Comedy"
1563772,en,Pavements,"Finlay and Joe are processing the tragic death of their friend, Luke. But when Finlay's unique coping mechanism becomes too problematic to ignore, a long-avoided conflict forces a confrontation that will change everything.",0.11490000039339066,2025-12-01,Pavements,0.0,0,https://image.tmdb.org/t/p/w342/AgCcb0GwbzdMwzraPYcG9oWUl7V.jpg,https://image.tmdb.org/t/p/w780/zaqrcmA9PQhQCQsuODMlYcBQ9iw.jpg,2025,12,medium,,['Drama'],Drama
1567788,en,Synthetic Sincerity,"Marc Isaacs makes a deal with The Synthetic Sincerity Lab, an AI research project affiliated with the University of Southern England. There, researchers are investigating the possibility of teaching AI characters authenticity, using characters from Isaacs’ documentaries to do so. In return, they allow Isaacs to film the process.",0.1152999997138977,2025-11-16,Synthetic Sincerity,0.0,0,https://image.tmdb.org/t/p/w342,https://image.tmdb.org/t/p/w780,2025,11,medium,,['Documentary'],Documentary
1558656,en,A Man Fate Forgot,"Callous and crippled, former pirate Ed meets Regina, an escaped enslaved woman who offers him justice for his crew, a chance to walk again, and a shot at redemption – in exchange for a favour. After initially refusing, Ed sacrifices himself by securing justice for his crew, freeing Regina, and inspiring her to become a pirate.",0.11509999632835388,2025-11-15,A Man Fate Forgot,0.0,0,https://image.tmdb.org/t/p/w342/40Lzs5BrhkkUbqswHXGpA3Q6bF7.jpg,https://image.tmdb.org/t/p/w780,2025,11,medium,,['Drama'],Drama
1574152,en,Dimension 20 Live: Battle at the Bowl,The Bad Kids face-off against Chungledown Bim one last time in this canon live show event.,0.11500000208616257,2025-11-12,Dimension 20 Live: Battle at the Bowl,0.0,0,https://image.tmdb.org/t/p/w342/eJXbDjBKd7308VXfSJ3aFdVilVy.jpg,https://image.tmdb.org/t/p/w780/g6kZdPnu1can8qEar02i7WVvXdn.jpg,2025,11,medium,,"['Comedy', 'Fantasy']","Comedy, Fantasy"
1565886,es,Diciembre,"An atmospheric chronicle of the 2001 crisis in Argentina, a political, economic, and social uprising fueled by the ""Let them all go!"" revolt. The film reconstructs this moment using restored archival footage, capturing the spontaneity of the protests and the political instability that led to the resignation of five presidents. Through television footage, it immerses the viewer in a real-time experience of this crucial period in Argentine history.",0.11500000208616257,2025-11-17,December,0.0,0,https://image.tmdb.org/t/p/w342,https://image.tmdb.org/t/p/w780/3vzejiBqyocNXiON9ewB7c34nY4.jpg,2025,11,medium,,['Documentary'],Documentary
1563772,en,Pavements,"Finlay and Joe are processing the tragic death of their friend, Luke. But when Finlay's unique coping mechanism becomes too problematic to ignore, a long-avoided conflict forces a confrontation that will change everything.",0.11490000039339066,2025-12-01,Pavements,0.0,0,https://image.tmdb.org/t/p/w342/AgCcb0GwbzdMwzraPYcG9oWUl7V.jpg,https://image.tmdb.org/t/p/w780/zaqrcmA9PQhQCQsuODMlYcBQ9iw.jpg,2025,12,medium,,['Drama'],Drama
1426297,es,Hazte la muerta,"A woman wakes up injured in a basement surrounded by corpses. To survive, she pretends to be dead while a grotesque ritual unfolds in the house above.",0.11469999700784683,2025-03-29,Play Dead,5.800000190734863,5,https://image.tmdb.org/t/p/w342/d6SIoeYPRUIFvfxsCOTuPEwOhX.jpg,https://image.tmdb.org/t/p/w780/lZ3vcm5HtPX8BeHs4axZABJrYJa.jpg,2025,3,medium,average,['Horror'],Horror
1571902,en,EKAKI,ASHISH CHANCHALANI'S HORROR COMEDY SHOW ON YOUTUBE,0.11460000276565552,2025-11-27,EKAKI,0.0,0,https://image.tmdb.org/t/p/w342,https://image.tmdb.org/t/p/w780/36sI1zysaVzw6mDCGHuoYFJRpsX.jpg,2025,11,medium,,"['Horror', 'Comedy']","Horror, Comedy"
1567956,en,Preferences,"""Preferences"" follows lifelong friends Rhiannon and Odelia through a week of change, where old bonds shift, unexpected choices emerge, and questions of life and love take on new meaning.",0.11420000344514847,2025-11-12,Preferences,0.0,0,https://image.tmdb.org/t/p/w342/l1VU67ZLHXBKEHi75Sav3iItoDi.jpg,https://image.tmdb.org/t/p/w780/pggCYdTIZUmatNHEgBDqhCuWIgi.jpg,2025,11,medium,,[],
1570741,xx,华丽岛,"A father leaves his young daughter behind in pursuit of his ""dream,"" and she grows up alone amidst adversity. After years of separation, an unexpected reunion forces her to confront the all-too-familiar stranger that is her father.",0.1136000007390976,2025-11-14,Debris,0.0,0,https://image.tmdb.org/t/p/w342,https://image.tmdb.org/t/p/w780,2025,11,medium,,"['Animation', 'Drama']","Animation, Drama"
1543578,en,Frijoles,"A Mexican-American family adjusts to multi-generational living after their abuela moves into the home. Through work, play, and food, they connect with their family’s tradition while writing a new chapter in their shared history.",0.1128000020980835,2025-11-16,Frijoles,0.0,0,https://image.tmdb.org/t/p/w342/7eg51sKbSN8VtAtLiPWkAHe3kNo.jpg,https://image.tmdb.org/t/p/w780,2025,11,medium,,"['Documentary', 'Family']","Documentary, Family"
1559446,da,Herkules Falder,"Every war ends sooner or later, but it leaves scars on the hearts and minds of those who survive it. For Youssef, Afghanistan and Iraq linger. After an almost fatal incident at home, he enrols in a special facility to prepare for another battle: this time, to learn to control his anger. It's not going to be easy.",0.11259999871253967,2025-11-20,Hercules Falling,0.0,0,https://image.tmdb.org/t/p/w342/aKYapMzGse2NqeRF7XU2BZKytZm.jpg,https://image.tmdb.org/t/p/w780/wXTQwdo6a4zj4pE8clqNLkhBvwF.jpg,2025,11,medium,,['Drama'],Drama
1568431,en,Athens by Kaleidoscope,"An ode to Athens, Georgia.",0.1111999973654747,2025-11-15,Athens by Kaleidoscope,0.0,0,https://image.tmdb.org/t/p/w342/7aWocuIrYOPZXT4fPzDmHY1baO3.jpg,https://image.tmdb.org/t/p/w780,2025,11,medium,,[],
1561865,fr,RASPBERIXE,"A feast among friends may seem harmless, yet it isn't so in a fruitless world.",0.11110000312328339,2025-11-25,RASPBERIXE,0.0,0,https://image.tmdb.org/t/p/w342/3U4CEsuRAMUP7CvFKd70eYK2tmN.jpg,https://image.tmdb.org/t/p/w780/gNgU4X8R1saOXw1C9VMCf6OSHRX.jpg,2025,11,medium,,['Horror'],Horror
1487204,en,Stray Signals,"Where the catnip spreads, the feral rise.",0.11029999703168869,2025-11-30,Stray Signals,0.0,0,https://image.tmdb.org/t/p/w342/ljWOkZVuD19G304wykO9rtp3ado.jpg,https://image.tmdb.org/t/p/w780/lKj6ri4P3IGLhKSOLnnb2uyMnch.jpg,2025,11,medium,,"['Thriller', 'Fantasy', 'Mystery', 'Drama']","Thriller, Fantasy, Mystery, Drama"
1574371,en,Son of the Preacher,"Jasmine, a whip-smart beauty entrepreneur, dreams of launching her own haircare brand but can’t seem to catch a break. Enter Caleb Samuel — a social-media-famous preacher’s kid with millions of followers, a fast car, and complicated family expectations. What starts as a strategic business move quickly becomes a connection that challenges them both to face love, purpose, and legacy in ways they never expected.",0.10970000177621841,2025-11-27,Son of the Preacher,0.0,0,https://image.tmdb.org/t/p/w342,https://image.tmdb.org/t/p/w780/bR1cdRrPFhGYIeRWyXmCxTQeUOp.jpg,2025,11,medium,,['Romance'],Romance
1566141,tl,Surface Tension,Competitive swimmer Bulet finds herself drowning on the day of a small town wedding.,0.1096000000834465,2025-11-14,Surface Tension,0.0,0,https://image.tmdb.org/t/p/w342/msLKKsDidpRiO9mdu6sPSZpyvuu.jpg,https://image.tmdb.org/t/p/w780,2025,11,medium,,['Drama'],Drama
1555356,lt,Senio kelionės,"Legendary film actor Juozas Budraitis turns 85. Over his career, he has appeared in more than 120 films not only in Eastern and Central Europe but also in Switzerland and Italy. Film sets brought him close friendships and moments of joyful creativity. Yet today, many of his colleagues are gone, and the actor is increasingly visited by the regret of unfinished work. The Old Man’s Journey is shaped not by the structure of a traditional biographical film but by the fragmentary nature of memory. The roles he has embodied remain etched in his recollection no less vividly than the key events of his life, and so the film guides the viewer between Budraitis’s youthful memories and his most significant cinematic experiences, weaving them into a single, nostalgic stream of remembrance.",0.1088000014424324,2025-11-27,Old Man's Journeys,0.0,0,https://image.tmdb.org/t/p/w342/7U5VtipL4ZNRTxVxyXGW78AcbaL.jpg,https://image.tmdb.org/t/p/w780/ehgTeKfAuYzrZKTZ6Aplp6IWyw1.jpg,2025,11,medium,,['Documentary'],Documentary
1576664,en,All Saints Day,"To stop his oldest brother from drinking himself to death, Ronan enlists the help of their estranged priest brother and long-lost sister, sparking a chaotic family reunion, a botched intervention, and an unexpected journey into forgiveness and reckoning.",0.10809999704360962,2025-12-02,All Saints Day,0.0,0,https://image.tmdb.org/t/p/w342/kV5hFGofuxRB12IJIHNDcMlswmn.jpg,https://image.tmdb.org/t/p/w780/p6hjDh85Nzzuuk8QUbXVw7V2vcK.jpg,2025,12,medium,,"['Drama', 'Family', 'Comedy']","Drama, Family, Comedy"
1285876,es,Amantes en el cielo,"La Bonita and Cristina are two trans cooks who work on the cargo ships that travel around the rivers of the Peruvian Amazon. Both have begun to detransition themselves, one to fulfil a promise made to her dead mother, the other for fear of eternally burning in hell.",0.1080000028014183,2025-11-18,Lovers in the Sky,0.0,0,https://image.tmdb.org/t/p/w342/hKblNDTVtYhvcYW9VxHYsO8mHsy.jpg,https://image.tmdb.org/t/p/w780/9oaYFlvCFPNN2vRCdRhE7kB0brE.jpg,2025,11,medium,,['Documentary'],Documentary
1441918,nb,Haik,"A woman encounters a hitchhiker in the middle of the night while driving. From there, things spiral into absurdity, blurring the lines between what's real -and what isn't.",0.10760000348091125,2025-11-25,Hitch,0.0,0,https://image.tmdb.org/t/p/w342/rEzhNle246IiGtSZ9kd5pAlRK8R.jpg,https://image.tmdb.org/t/p/w780/4kcZqKUU8uxHODZQlokK452cwQn.jpg,2025,11,medium,,"['Mystery', 'Horror']","Mystery, Horror"
1555356,lt,Senio kelionės,"Legendary film actor Juozas Budraitis turns 85. Over his career, he has appeared in more than 120 films not only in Eastern and Central Europe but also in Switzerland and Italy. Film sets brought him close friendships and moments of joyful creativity. Yet today, many of his colleagues are gone, and the actor is increasingly visited by the regret of unfinished work. The Old Man’s Journey is shaped not by the structure of a traditional biographical film but by the fragmentary nature of memory. The roles he has embodied remain etched in his recollection no less vividly than the key events of his life, and so the film guides the viewer between Budraitis’s youthful memories and his most significant cinematic experiences, weaving them into a single, nostalgic stream of remembrance.",0.1088000014424324,2025-11-27,Old Man's Journeys,0.0,0,https://image.tmdb.org/t/p/w342/7U5VtipL4ZNRTxVxyXGW78AcbaL.jpg,https://image.tmdb.org/t/p/w780/ehgTeKfAuYzrZKTZ6Aplp6IWyw1.jpg,2025,11,medium,,['Documentary'],Documentary
1576664,en,All Saints Day,"To stop his oldest brother from drinking himself to death, Ronan enlists the help of their estranged priest brother and long-lost sister, sparking a chaotic family reunion, a botched intervention, and an unexpected journey into forgiveness and reckoning.",0.10809999704360962,2025-12-02,All Saints Day,0.0,0,https://image.tmdb.org/t/p/w342/kV5hFGofuxRB12IJIHNDcMlswmn.jpg,https://image.tmdb.org/t/p/w780/p6hjDh85Nzzuuk8QUbXVw7V2vcK.jpg,2025,12,medium,,"['Drama', 'Family', 'Comedy']","Drama, Family, Comedy"
1285876,es,Amantes en el cielo,"La Bonita and Cristina are two trans cooks who work on the cargo ships that travel around the rivers of the Peruvian Amazon. Both have begun to detransition themselves, one to fulfil a promise made to her dead mother, the other for fear of eternally burning in hell.",0.1080000028014183,2025-11-18,Lovers in the Sky,0.0,0,https://image.tmdb.org/t/p/w342/hKblNDTVtYhvcYW9VxHYsO8mHsy.jpg,https://image.tmdb.org/t/p/w780/9oaYFlvCFPNN2vRCdRhE7kB0brE.jpg,2025,11,medium,,['Documentary'],Documentary
1441918,nb,Haik,"A woman encounters a hitchhiker in the middle of the night while driving. From there, things spiral into absurdity, blurring the lines between what's real -and what isn't.",0.10760000348091125,2025-11-25,Hitch,0.0,0,https://image.tmdb.org/t/p/w342/rEzhNle246IiGtSZ9kd5pAlRK8R.jpg,https://image.tmdb.org/t/p/w780/4kcZqKUU8uxHODZQlokK452cwQn.jpg,2025,11,medium,,"['Mystery', 'Horror']","Mystery, Horror"
1362039,en,easy on the turns,"Jay and Matt move everything out of ""Stu's"" garage. A road trip of memory ensues.",0.10689999908208847,2025-11-16,easy on the turns,0.0,0,https://image.tmdb.org/t/p/w342/reQd4T1QKWql2Z51Snqa0MgUWnh.jpg,https://image.tmdb.org/t/p/w780/slCkuHQirOSaYBp2dyZAv6zmcCf.jpg,2025,11,medium,,"['Drama', 'Crime', 'Mystery', 'Thriller']","Drama, Crime, Mystery, Thriller"
1354672,es,"Les digo ""almas""","Angela Rojas, a police officer trapped by debt and harassed by Ferrer, her corrupt superior, finds an unexpected ally in patrolman Daniel Diaz. Faced with Ferrer’s abuses, Angela and Daniel are plunged into a dangerous revenge that forces them to commit a crime from which they cannot escape.  As they struggle to hide the truth, the complicity between Angela and Daniel reopens wounds from the past, confronting them with their own shadows and decisions that will change their destinies forever.",0.10610000044107437,2025-11-15,"I Call Them ""Souls""",0.0,0,https://image.tmdb.org/t/p/w342/osQ6s5zMQVpVcXXfqcd7A9jnpTL.jpg,https://image.tmdb.org/t/p/w780,2025,11,medium,,['Thriller'],Thriller
1571986,en,On Air,A documentary crew follows a fledgling New Zealand radio station when they hire a minor TikTok celebrity in a desperate attempt to reinvent their brand in this six-part limited series.,0.10589999705553055,2025-11-28,On Air,0.0,0,https://image.tmdb.org/t/p/w342,https://image.tmdb.org/t/p/w780,2025,11,medium,,['Comedy'],Comedy
1575622,en,TNA Turning Point 2025,"The 2025 Turning Point is an upcoming professional wrestling event produced by Total Nonstop Action Wrestling. It will take place on November 14, 2025 at Full Sail University in Winter Park, Florida.",0.10490000247955322,2025-11-14,TNA Turning Point 2025,0.0,0,https://image.tmdb.org/t/p/w342/twl9FvtNsNY5KvDLf9wkTxlSRVQ.jpg,https://image.tmdb.org/t/p/w780,2025,11,medium,,[],
1537232,he,If You Tell Your Dreams They Won't Come True,An account of a fresh nightmare disturbs the Saturday morning of an estranged middle-aged couple.,0.10490000247955322,2012-04-28,If You Tell Your Dreams They Won't Come True,0.0,0,https://image.tmdb.org/t/p/w342/jVK3KxYOF8p2QjGRXJ2d4SXXZQy.jpg,https://image.tmdb.org/t/p/w780/hRaDjDqQHOkVTICYA6DDBMXiwvO.jpg,2012,4,medium,,['Drama'],Drama
1452067,pt,Jantar Pra Seis,"Duda is a young lesbian who collects breakups. She is determined to make her next relationship work and decides to invite all her ex-girlfriends and her best friend to dinner. As soon as the guests arrive, secrets and surprises are brought to the table.",0.10480000078678131,2025-09-21,Dinner for Six,0.0,0,https://image.tmdb.org/t/p/w342/qynAz2q6mOezUCm5OEZPGYuRMjt.jpg,https://image.tmdb.org/t/p/w780,2025,9,medium,,[],
1293942,sv,Vera i Dornedalen,"Vera goes to visit her dad in Dorni valley. Here, they will soon find out that his house is in danger. Vera realizes that she must take matters into her own hands to save the house.",0.10459999740123749,2024-05-23,Vera in Dorni Valley,0.0,0,https://image.tmdb.org/t/p/w342/ogTDx33SwdGUsHkOUZ4XdSV8c18.jpg,https://image.tmdb.org/t/p/w780/hB77fTPsHi78hWw9Sy3tZ9v2f2E.jpg,2024,5,medium,,"['Animation', 'Drama', 'Fantasy']","Animation, Drama, Fantasy"
1559835,en,Free Joan Little,"A chronicle of a woman’s courageous fight for survival, whose 1975 acquittal challenged injustice and inspired a nation to confront sexual violence and racism.",0.10400000214576721,2025-11-12,Free Joan Little,0.0,0,https://image.tmdb.org/t/p/w342,https://image.tmdb.org/t/p/w780,2025,11,medium,,['Documentary'],Documentary
1575212,ko,무관한 당신들에게,"Dear you, unrelated is a contemporary project that dares to believe in the potential of fiction. Directors Lee Mi-rang and Lee Jong-su attempt to imaginatively restore the lost ending of The Widow. In The Widow: Rewoven, Lee Mi-rang reimagines the protagonist Shinja making a radically different decision from the original. Her film captures the inner turmoil and determination of a woman once dismissed as an Après-girl, tracing her hesitant yet resolute steps toward a new path. In Bearer of Dawn, Lee Jong-su presents a fictional scenario in which Shinja seeks revenge by finding a blacksmith. A newly added sequence in which she chooses a sword shifts the film's tone from drama into one infused with the suspense of a thriller.",0.10369999706745148,2025-11-27,"Dear you, unrelated",0.0,0,https://image.tmdb.org/t/p/w342,https://image.tmdb.org/t/p/w780/AoiI2AMqaMbCAwJg7rUUhhZFWkj.jpg,2025,11,medium,,['Drama'],Drama
1524094,en,Mall Santas Must Die,"Unearthed from the ruins of a burned-down Canadian video store, this long-lost slasher is finally back to stuff your stocking - with screams.",0.10320000350475311,2025-12-01,Mall Santas Must Die,0.0,0,https://image.tmdb.org/t/p/w342/xZCa98AQy7q22Z2se0QcsFdv7Z2.jpg,https://image.tmdb.org/t/p/w780,2025,12,medium,,['Horror'],Horror
999257,fr,Ricardo et la peinture,"Ricardo and Painting is Barbet Schroeder's portrait of his friend the painter Ricardo Cavallo, who devoted his life to painting. From Buenos Aires to Finistère, via Paris and Peru, this film is an invitation to dive into the history of painting, but also to discover the life of this exceptional man who, with simplicity and humility, always fully committed, to the point of transmitting his passion to the children of his village.",0.10180000215768814,2023-10-19,Ricardo and Painting,7.199999809265137,4,https://image.tmdb.org/t/p/w342/4rM2A3Ts63XiumCWSM2BKdCgQ9.jpg,https://image.tmdb.org/t/p/w780/ruNcPR73vUT4idwKB4pqvyHYjAT.jpg,2023,10,medium,good,['Documentary'],Documentary
1476370,en,orlando.,"The discovery of his twin brother’s body pulls Nick into a web of memory, illusion, and regret.",0.10159999877214432,2025-11-14,orlando.,0.0,0,https://image.tmdb.org/t/p/w342/jH2iYPcjCqkPAL0dmvqKHhe61tj.jpg,https://image.tmdb.org/t/p/w780/oYonp4MrZSTPdO3MXO4kgnDXNMO.jpg,2025,11,medium,,"['Drama', 'Horror', 'Thriller']","Drama, Horror, Thriller"
1570915,id,Leak 2 (Jimat Dadong),"It begins with a married couple, Putra and Sandra, originally from Jakarta, who decide to move to Bali. They leave their busy lives in Jakarta so his wife can get pregnant. However, unfortunately, the Leak magic rises and terrorizes them. The Leak magic originates from a talisman the wife carries, and they receive spiritual help to end the Leak terror.",0.10119999945163727,2025-11-20,Leak 2 (Jimat Dadong),0.0,0,https://image.tmdb.org/t/p/w342/aSdz96UFl108rxhkjGaMWMHMXIO.jpg,https://image.tmdb.org/t/p/w780,2025,11,medium,,['Horror'],Horror
1527699,en,A Distorted Individual,"After 18 years in the underground music scene, Individual Distortion sets his sights on Indonesia's most prestigious music awards. Determined to be acknowledged, he navigates the complexities of the music industry, confronting challenges that test his identity and aspirations.",0.10019999742507935,2025-12-03,A Distorted Individual,0.0,0,https://image.tmdb.org/t/p/w342/gYqQn9z1uQSm8zqo3a7p3Knh2M6.jpg,https://image.tmdb.org/t/p/w780,2025,12,medium,,[],
1557059,en,Brotherhood,"When Seb goes to read his younger brother Luke 'The Giving Tree' as a bedtime story, he is forced to accept the horrible truth that Luke is dead. Seb is consequently forced to begin his journey of acceptance, visiting his grave, and having a consoling conversation with the local Priest.",0.0997999981045723,2025-11-24,Brotherhood,0.0,0,https://image.tmdb.org/t/p/w342/2EX83o4RQpP45rnR0C0q48EZ8OQ.jpg,https://image.tmdb.org/t/p/w780/fpRvKbJPtI6hiae5pks6meo50FI.jpg,2025,11,medium,,['Family'],Family
1570328,bs,Memory Leak,"An unnamed explorer ventures to Korčanica, deep in the heart of Mount Grmeč, to film a vlog about an abandoned and mysterious monument from the Yugoslav era. But as he approaches the structure, he’s no longer certain that he’s the only visitor there.  Or is he?",0.09960000216960907,2025-12-01,Memory Leak,0.0,0,https://image.tmdb.org/t/p/w342/502Hvb0Fa0ZH0jABOGBSkJfjxwt.jpg,https://image.tmdb.org/t/p/w780,2025,12,medium,,"['Horror', 'Mystery']","Horror, Mystery"
1496142,pt,A Memória do Cheiro das Coisas,"An intimate drama about an aging war veteran forced into a retirement home, where he confronts the ghosts of his past and forms an unexpected bond with his Black caregiver.",0.09950000047683716,2025-10-03,The Scent of Things Remembered,0.0,0,https://image.tmdb.org/t/p/w342/wPirHtiZfOW8vkGWguTd2KpWfE2.jpg,https://image.tmdb.org/t/p/w780/t9KlvwFzX8oCNzz4ncLplvVanyW.jpg,2025,10,medium,,['Drama'],Drama
1568069,en,Def Leppard: Diamond Star Heroes,"On May 22, 2023, 47 years after their birth, Def Leppard returned to their home city to perform their second ever stadium concert in Sheffield at Bramall Lane.  Kicking off their European tour, this monumental homecoming show was performed to a sold-out roaring crowd of almost 40,000 fans. It includes classics Photograph and Pour Some Sugar on Me as well as UK live debuts Take What You Want and This Guitar, the latter dedicated to the band’s late great guitarist Steve Clark.  Setlist: ""Take What You Want"", ""Let’s Get Rocked"", ""Animal"", ""Foolin’"", ""Armageddon It"", ""Kick"", ""Love Bites"", ""Promises"", ""This Guitar"", ""When Love And Hate Collide"", ""Rocket"", ""Bringin’ On The Heartbreak"", ""Switch 625"", ""Hysteria"", ""Pour Some Sugar On Me"", ""Rock Of Ages"", ""Photograph""",0.09920000284910202,2025-11-21,Def Leppard: Diamond Star Heroes,0.0,0,https://image.tmdb.org/t/p/w342/pMj6IX6k1gHi9xdikAMcz59zoN4.jpg,https://image.tmdb.org/t/p/w780,2025,11,medium,,['Music'],Music
1530780,en,Frankie Teardrop,"Frankie lies. Frankie remembers an unfortunate event from his past and how it spiralled into the state he’s in now, with a little help from an old friend.",0.09910000115633011,2025-12-01,Frankie Teardrop,0.0,0,https://image.tmdb.org/t/p/w342/8nrhrveZyFtm5jo0t1RSnkUp5xS.jpg,https://image.tmdb.org/t/p/w780,2025,12,medium,,"['Romance', 'Drama', 'Fantasy']","Romance, Drama, Fantasy"
1574530,ro,Tati Full-Time,,0.09889999777078629,2025-11-21,Tati Full-Time,0.0,0,https://image.tmdb.org/t/p/w342/kAUykI6PrngE3aIfDDTGNXI45ZY.jpg,https://image.tmdb.org/t/p/w780,2025,11,medium,,['Comedy'],Comedy
1564346,pt,Caso Eloá: Refém ao Vivo,,0.09870000183582306,2025-11-12,Eloá the Hostage: Live on TV,0.0,0,https://image.tmdb.org/t/p/w342/hNrOFXsrKpJXUKyEF9dX926wiCe.jpg,https://image.tmdb.org/t/p/w780/190eSIqQgXLg9gbr9EjulBV7rR6.jpg,2025,11,medium,,"['Documentary', 'Crime']","Documentary, Crime"
1330029,en,Shared Bodies,,0.09790000319480896,2025-12-01,Shared Bodies,0.0,0,https://image.tmdb.org/t/p/w342,https://image.tmdb.org/t/p/w780,2025,12,medium,,"['Horror', 'Romance']","Horror, Romance"
1563537,fa,دوگانه,"On a spring day, a young couple drifts apart and back together: Nima, lost in office routines and an evening celebration, and Tara, roaming markets in search of both a dress and a place to bury her secrets. Meanwhile, Aban, a young woman swept up in the tremors of first love, embarks on a journey of her own. Their paths, at once ordinary and fateful, begin to circle and echo one another in ways that move beyond the limits of time and space.",0.09629999846220016,2025-11-17,Duality,0.0,0,https://image.tmdb.org/t/p/w342/clHZAPrOaQt5GLFqk1SsoYlgXre.jpg,https://image.tmdb.org/t/p/w780/dV8PPp0p2ZfK6sVb1zAx73kHqSC.jpg,2025,11,medium,,['Drama'],Drama
1519555,xx,Poraí,"For about a dozen years, Lizama has traveled to southern Chile during the summer, mainly between the cities of Valdivia and Osorno. Years of observing birds and their collective movements, trees and their swaying, the sea and its rhythm, the rain and its whisper, the mist that turns into fog and the boats that shatter the calm. Memories and lessons embedded in cinematic time, of someone who yesterday embarked on the journey as a stranger and today does so to reach the family home. Starting from a recognizable world, we enter a more dazzling and abstract one, playing with the pixels in the frame. Recorded and (mostly) edited on a cell phone.",0.09600000083446503,2025-11-27,overthere,0.0,0,https://image.tmdb.org/t/p/w342/cb3lfp9G6IOY5wfOh62IA1iIHn4.jpg,https://image.tmdb.org/t/p/w780/1yfxteHPXWn4xcLcRCjdmKEpCQU.jpg,2025,11,medium,,[],
1536671,fi,Syke-elokuva: Kipinöitä yössä,"The trauma center is facing its busiest day of the year: New Year's Eve. Jannica Ronkainen, a surgical nurse on duty, is already looking forward to the end of the year. Tired of her relationship troubles, Jannica wants anything but new romantic worries for the coming year – until she encounters a ghost from her past at the hospital. New Year's Eve offers Jannica the chance for one last adventure of the year, but the clinic's new and demanding surgeon, Eero Mustonen, adds challenges to Jannica's plans.",0.0949999988079071,2025-11-14,Syke-elokuva: Kipinöitä yössä,0.0,0,https://image.tmdb.org/t/p/w342/rt67vbIPOm71OUEHA5FqLzZSeQy.jpg,https://image.tmdb.org/t/p/w780,2025,11,medium,,"['Drama', 'Comedy']","Drama, Comedy"
1568938,pt,Cassandra,,0.09300000220537186,2025-11-26,Cassandra,0.0,0,https://image.tmdb.org/t/p/w342/bIzOvUBHwnTS9MWEBrRdGAj1FgL.jpg,https://image.tmdb.org/t/p/w780,2025,11,medium,,"['War', 'Drama', 'History']","War, Drama, History"
1563568,ro,Electing Ms Santa,"42-year-old Elena has big dreams. The beating heart of her remote Moldovan village, she organises community clean-ups, supports lonely elders, and each year dons a Santa Claus costume to bring joy to her neighbours. But beneath the suit, Elena is driven by ambition and a desire to shake things up. Her dream? To become mayor.",0.09300000220537186,2025-11-13,Electing Ms Santa,0.0,0,https://image.tmdb.org/t/p/w342/dNiX3kbmumy9dBxI5BY8HoyODsE.jpg,https://image.tmdb.org/t/p/w780/1hK34n2YDFrEqlpbuEAU5woWoOw.jpg,2025,11,medium,,['Documentary'],Documentary
1566857,es,Princesa,"On a trip to a beauty pageant, a teenager tries to please her controlling mother, until the pressure to achieve perfection pushes her to take a drastic measure.",0.0925000011920929,2025-11-15,Princesa,0.0,0,https://image.tmdb.org/t/p/w342/oIpm6ZMhdqMUrenRDJba4wyCFcr.jpg,https://image.tmdb.org/t/p/w780,2025,11,medium,,"['Drama', 'Thriller']","Drama, Thriller"
1543015,en,Alt-Right-Tab,"A directionless twenty-something discovers through online gaming how to make friends, make it big, and become a real man.",0.0925000011920929,2025-12-01,Alt-Right-Tab,0.0,0,https://image.tmdb.org/t/p/w342/f9hi4J6WJ1ScWPEE7Bl22RLbSFX.jpg,https://image.tmdb.org/t/p/w780/rEP4N4DSQrCTGnxgax1hXCCLEzy.jpg,2025,12,medium,,"['Drama', 'Comedy']","Drama, Comedy"
1295830,en,Route 138,"On June 10th, 2023, a man embarks on a journey to run 138 kilometers on Quebec's Road 138, wishing to honor his sister's resilience facing cancer. This odyssey becomes a brother's love letter to his sister in the language he knows best: running.",0.09229999780654907,2025-11-21,Route 138,0.0,0,https://image.tmdb.org/t/p/w342/55tQX3VYn4g2QVcC3DbirPVxass.jpg,https://image.tmdb.org/t/p/w780/gwiKFHpekZr6HzWGIpNz5iSrfU9.jpg,2025,11,medium,,['Documentary'],Documentary
1534204,en,Impasse,The fabric of a long relationship begins to tear after buried resentments come to surface.,0.09179999679327011,2025-11-12,Impasse,0.0,0,https://image.tmdb.org/t/p/w342/gsy5RUUcfu402gnUjrqMFtkaD1H.jpg,https://image.tmdb.org/t/p/w780,2025,11,medium,,"['Drama', 'Romance']","Drama, Romance"
1570388,en,Memories of the Moon,"A fragmented collection of private home video footage, interwined with the moon and stars.",0.09059999883174896,2025-11-22,Memories of the Moon,0.0,0,https://image.tmdb.org/t/p/w342/zfcxRNTHxOlcAUqHFrDc1FIRLZ3.jpg,https://image.tmdb.org/t/p/w780,2025,11,medium,,[],
1493555,en,Cloudcatchers,A broken heart. A wooden horse. One woman’s rememberance at the water’s edge summons wild steeds to prove that true devotion never washes away,0.09049999713897705,2025-07-17,Cloudcatchers,0.0,0,https://image.tmdb.org/t/p/w342/2C80beKyHRw6BsEqVWbdCpXeGgl.jpg,https://image.tmdb.org/t/p/w780/wwk0VMS5J6f6yHPn5sMYQOlDwTv.jpg,2025,7,medium,,"['Romance', 'Drama']","Romance, Drama"
1566995,xx,Film de roche,"Tattooed hands gently glide over a rock face, probing it with the tips of the fingers. Three women, arms raised to a high boulder, appear to be in prayer. Hidden in a cave, two others stare at their bloody palms. Touching Rocks depicts bouldering as a pagan ritual.",0.09019999951124191,2025-11-20,Touching Rocks,0.0,0,https://image.tmdb.org/t/p/w342/9sk0ImpTCpZj1HLMya7Bh065plx.jpg,https://image.tmdb.org/t/p/w780,2025,11,medium,,['Documentary'],Documentary
1573362,ja,NJPW World Tag League 2025 - Day 10,"The tenth night of the World Tag League 2025 heavyweight tag team tournament took place on December 3, 2025, at Kakuhiro Twin Messe Shizuoka in Shizuoka, Japan.",0.08980000019073486,2025-12-03,NJPW World Tag League 2025 - Day 10,0.0,0,https://image.tmdb.org/t/p/w342/d7r4EjlystmjwKmA5Elqg0fRTEx.jpg,https://image.tmdb.org/t/p/w780,2025,12,medium,,[],
1573361,ja,NJPW World Tag League 2025 - Day 9,"The ninth night of the World Tag League 2025 heavyweight tag team tournament took place on December 2, 2025, at Kakuhiro Aimesse Yamanashi in Kofu, Yamanashi, Japan.",0.08980000019073486,2025-12-02,NJPW World Tag League 2025 - Day 9,0.0,0,https://image.tmdb.org/t/p/w342/d7r4EjlystmjwKmA5Elqg0fRTEx.jpg,https://image.tmdb.org/t/p/w780,2025,12,medium,,[],
1370364,en,Slowly,A tale of unrequited love told in front of the backdrop of modern technology.,0.08820000290870667,2025-11-26,Slowly,0.0,0,https://image.tmdb.org/t/p/w342,https://image.tmdb.org/t/p/w780,2025,11,medium,,"['Drama', 'Comedy']","Drama, Comedy"
1484604,pt,João Ninguém,"At 30, João must decide whether to continue his unfulfilling dance career, as he questions how much of a life can be built on dreams alone.",0.0877000018954277,2025-11-26,John Doe,0.0,0,https://image.tmdb.org/t/p/w342/p3q7Tuy6ug9UdEWyy6aFvxhd3SW.jpg,https://image.tmdb.org/t/p/w780/wE7qLwpOSWb0hAiiFqWUj0zcfWo.jpg,2025,11,medium,,['Drama'],Drama
1132081,en,Inseparable,A young artist struggles to define the line between reality and psychosis.,0.08699999749660492,2025-11-20,Inseparable,0.0,0,https://image.tmdb.org/t/p/w342/bg1hdIwgF7Dg7kC4kX3Xqr20nCU.jpg,https://image.tmdb.org/t/p/w780,2025,11,medium,,['Thriller'],Thriller
1373474,en,We Have Until August,"A man from the Southern Highlands of New South Wales and a woman from Punjab, India, form a deep bond over three and a half years while living in Sydney’s Inner West. But as her departure in August 2026 nears, their final week together is filled with laughter, nostalgia, and the painful uncertainty of whether this is the end or just another chapter in their story.",0.0869000032544136,2025-10-09,We Have Until August,0.0,0,https://image.tmdb.org/t/p/w342/nlLSBO9q4Sl0rMoc4gyVd3ojCBJ.jpg,https://image.tmdb.org/t/p/w780/j4GyKHpTR95nt13Yig5mGOr0jOn.jpg,2025,10,medium,,"['Romance', 'Drama']","Romance, Drama"
1382789,fr,Ce qui restera,"Gaspar, an obsessive theatre director, sees his work threatening his relationship with Lola, who dreams of making a living from her music but is gradually giving up hope. Meanwhile, Victor, his childhood friend, who is involved in drug trafficking, is caught up in a disturbing series of murders.",0.08640000224113464,2025-11-21,What It Takes,0.0,0,https://image.tmdb.org/t/p/w342/xgCOBeLNtFkkfetRUuKWmFfgfzE.jpg,https://image.tmdb.org/t/p/w780,2025,11,medium,,"['Drama', 'Thriller']","Drama, Thriller"
1573359,ja,NJPW World Tag League 2025 - Day 7,"The seventh night of the World Tag League 2025 heavyweight tag team tournament took place on November 29, 2025, at New Aomori Prefecture General Sports Park in Aomori City, Aomori, Japan.",0.08579999953508377,2025-11-29,NJPW World Tag League 2025 - Day 7,0.0,0,https://image.tmdb.org/t/p/w342/d7r4EjlystmjwKmA5Elqg0fRTEx.jpg,https://image.tmdb.org/t/p/w780,2025,11,medium,,[],
1567485,es,La Carn,"Lluís Garau, a young dancer, has created a performance inspired by Chatroulette, a platform that connects strangers at random via video call. In his restless search for connection and meaning, he becomes entangled in a series of increasingly unsettling encounters where desire, fear, and exposure merge with art and intimacy.",0.08579999953508377,2025-11-15,La Carn,0.0,0,https://image.tmdb.org/t/p/w342/7OrOyDGt5WlzvTiRX4U2Lx9eCYg.jpg,https://image.tmdb.org/t/p/w780/9IY80XVQ2wl56h5tFwWoM4FOsjx.jpg,2025,11,medium,,"['Drama', 'Documentary']","Drama, Documentary"
1458170,it,Silver Joy: Journey Cut,,0.08569999784231186,2025-11-15,Silver Joy: Journey Cut,0.0,0,https://image.tmdb.org/t/p/w342,https://image.tmdb.org/t/p/w780,2025,11,medium,,"['Drama', 'Horror', 'Adventure']","Drama, Horror, Adventure"
67656,de,Westernhagen: LIVE,,0.08560000360012054,1989-01-01,Westernhagen: LIVE,7.599999904632568,4,https://image.tmdb.org/t/p/w342/c7UGkOCMZQG1xPxykfVl63Y6i0A.jpg,https://image.tmdb.org/t/p/w780/srCCZtjxeyd0PH1LKbZc2qTTHn2.jpg,1989,1,medium,good,['Music'],Music
1575369,en,Fake Yourself a Merry Little Christmas,"After reserved professor Maya pretends she's dating an unconscious stranger, she's swept into his family's holiday plans and feels undeniable sparks with her boyfriend's doctor, Daniel, who also happens to be her ex.",0.08550000190734863,2025-11-29,Fake Yourself a Merry Little Christmas,0.0,0,https://image.tmdb.org/t/p/w342/NOB99LLW4O16sKWHIOCcNfVCRl.jpg,https://image.tmdb.org/t/p/w780/9ZvJaiH6S6V5H3B47s39VF1Ge5h.jpg,2025,11,medium,,"['Romance', 'TV Movie']","Romance, TV Movie"
1554695,de,La Nuit de la Glisse 2025: Chronicles of a Wild Decade + Freebirds,,0.08529999852180481,2025-11-14,La Nuit de la Glisse 2025: Chronicles of a Wild Decade + Freebirds,0.0,0,https://image.tmdb.org/t/p/w342/4jgsYgIUz2vbF5fFtMeZ32pXY9y.jpg,https://image.tmdb.org/t/p/w780/aQWJoj3787QF23ch46IDc1CSa27.jpg,2025,11,medium,,[],
1533513,zh,Jumah,"A Muslim girl living in central China begins to question the religious and familial restrictions that shape her life. In an attempt to challenge the taboo of altering the body, she decides to get a tattoo — but her rebellion against the idea of “sin” unexpectedly gives rise to another kind of “sin” that visits her in return.",0.08489999920129776,2025-11-15,Jumah,0.0,0,https://image.tmdb.org/t/p/w342,https://image.tmdb.org/t/p/w780,2025,11,medium,,['Drama'],Drama
1563566,et,Ööäär,"As the sun sets, director Vladimir Loginov takes audiences to a Tallinn far from the postcard-perfect spires of the medieval Old Town. Venturing into its hidden underbelly, he reveals complex realities and vibrant subcultures. From the first cries of newborns in a maternity ward to the moans of lovers in a sex club, from emergency call operators giving life-saving instructions to the pulsing rhythms of a nightclub, Loginov guides viewers through a waking dream.",0.08479999750852585,2025-11-12,Edge of the Night,0.0,0,https://image.tmdb.org/t/p/w342/fmankTCEOnrnFump4DQCnq8pCJH.jpg,https://image.tmdb.org/t/p/w780/10cGAFWfEvGQI8H1zFuW7nVC0H0.jpg,2025,11,medium,,['Documentary'],Documentary
1560588,en,Keep Watch,"When Patrick returns to his childhood home in the wake of his father's death, he must escape from the ghost of his father that haunts the East Tennessee wilderness around him.",0.08410000056028366,2024-11-14,Keep Watch,0.0,0,https://image.tmdb.org/t/p/w342/beuTdTZOBmpk6e8hIb406ohudEL.jpg,https://image.tmdb.org/t/p/w780/zxzOvGP0Cr6gwChuPX3odem6TR2.jpg,2024,11,medium,,"['Horror', 'Thriller']","Horror, Thriller"
1566835,en,The Wild Palms,"Puts into practice a radical Godardian proposition: the screening of his Made in USA (1966) and 2 ou 3 choses que je sais d’elle (Two or Three Things I Know About Her, 1966) as a single work, with their reels and narratives intertwined. In 1967, having set aside the idea of adapting The Wild Palms, Godard proposed instead projecting his two very different most recent features, which he had shot back-to-back for separate producers, as an integrated work. As Richard Roud reported, what Godard wanted was to have them shown together, ‘first a reel of Made in USA, then a reel of Two or Three Things I Know About Her, then a reel of Made in USA, etc., just as Faulkner mixed two stories in The Wild Palms. That would be his adaptation of the novel.’",0.08320000022649765,2025-11-25,The Wild Palms,0.0,0,https://image.tmdb.org/t/p/w342/wGlWJP4gIYrAV4Uvox3LxbXlHNx.jpg,https://image.tmdb.org/t/p/w780,2025,11,medium,,[],
1574784,pt,Lascívia,,0.08290000259876251,2025-11-14,Lascívia,0.0,0,https://image.tmdb.org/t/p/w342/pE4qJrBipSpT3aeb5QyT7lup6nd.jpg,https://image.tmdb.org/t/p/w780,2025,11,medium,,['Horror'],Horror
1568302,de,Tödliches Spiel - Das Krimi-Dinner,,0.08240000158548355,2025-11-22,Tödliches Spiel - Das Krimi-Dinner,0.0,0,https://image.tmdb.org/t/p/w342,https://image.tmdb.org/t/p/w780,2025,11,medium,,['Crime'],Crime
1234472,en,Bottleneck,"Tara, Macca and Adam are three best friends from Campbelltown. On a day intended to be a celebration of new life, these teenagers make a decision that can never be undone.  A short australian drama - screened at Aesthetic Film Festival 2024 and Flickerfest International Short Film Festival 2024.",0.08219999819993973,2024-01-01,Bottleneck,0.0,0,https://image.tmdb.org/t/p/w342,https://image.tmdb.org/t/p/w780,2024,1,medium,,[],
1562398,sl,"Ida, ki je pela tako grdo, da so še mrtvi vstali od mrtvih in zapeli z njo",Ten-year-old Ida believes that the mysterious angelic singing resounding across the village graveyard is the only thing keeping her beloved Grandma alive. So she decides to join the school choir-even though she is absolutely tone deaf.,0.08169999718666077,2025-11-16,Ida Who Sang So Badly Even the Dead Rose Up and Joined Her in Song,0.0,0,https://image.tmdb.org/t/p/w342/awSGNmaoyTJ04T0LspNH8hKJFli.jpg,https://image.tmdb.org/t/p/w780,2025,11,medium,,['Fantasy'],Fantasy
1517145,it,Nino - 18 giorni,Following one of the most famous italian singers: Nino D'Angelo.,0.08169999718666077,2025-11-20,Nino - 18 giorni,0.0,0,https://image.tmdb.org/t/p/w342/bmbiW6g4t4d72WwWH5IuecUAmn6.jpg,https://image.tmdb.org/t/p/w780/jZ6jZR1Xi2Z3tQyazYCCfHn9aXQ.jpg,2025,11,medium,,['Documentary'],Documentary
1571815,ro,Crăciun cu Ramon,,0.08100000023841858,2025-12-01,Crăciun cu Ramon,0.0,0,https://image.tmdb.org/t/p/w342/11CCIYHlc5pEXVQMqVUNrVJxhWH.jpg,https://image.tmdb.org/t/p/w780/trheXpGatwNxSor0BzihLln9mzf.jpg,2025,12,medium,,['Comedy'],Comedy
1574535,ca,Nadal del 97,,0.08070000261068344,2025-11-15,Nadal del 97,0.0,0,https://image.tmdb.org/t/p/w342/lFjWOgSsuQoLjyo17IOd0DwIjsX.jpg,https://image.tmdb.org/t/p/w780/v6KdHsBiDt34la92ggOBh5UcFre.jpg,2025,11,medium,,['Drama'],Drama
1481907,en,L'homme qui plante les baobabs,"For the past 50 years, a man has been planting baobab trees every year in his village located in western Burkina Faso. At the age of 80 today, he has planted over 3,000 baobab trees that stretch as far as the eye can see. El Hadj Salifou Ouédraogo has spent 2/3 of his life planting baobabs. It's been a struggle and, above all, a life dedicated to ensuring the existence of these trees despite prevailing prejudices. El Hadj Salifou Ouédraogo was misunderstood by the inhabitants of his village when he started planting these majestic and millennia-old trees, which are rare and endangered in the African savannah.",0.08070000261068344,2025-11-14,The Man Who Plants Baobabs,0.0,0,https://image.tmdb.org/t/p/w342,https://image.tmdb.org/t/p/w780,2025,11,medium,,['Documentary'],Documentary
1550840,en,The Last First Date,"On what seems to be  an ordinary first date  between two young  people, subtle cracks  reveal that things aren’t  quite as they seem.",0.08060000091791153,2025-11-27,The Last First Date,0.0,0,https://image.tmdb.org/t/p/w342/8OaaxU7w8HmMo8xJczzMJLaviAM.jpg,https://image.tmdb.org/t/p/w780,2025,11,medium,,"['Drama', 'Romance']","Drama, Romance"
1544111,en,Da Idle Mindz,"Based on a true story, DJ Wayne, a young and talented DJ from a rough neighborhood, dreams of making it big in the music industry. Despite his aspirations, he is constantly drawn to the streets by the allure of quick money. Wayne works tirelessly to support his aunt and hopes to break free from the cycle of poverty. However, the temptation of crime threatens to derail his future. Torn between pursuing his passion for music and resorting to shortcuts that could destroy him, Wayne faces a pivotal moment that will determine the path he chooses to take and the man he wants to become.",0.07999999821186066,2025-11-21,Da Idle Mindz,0.0,0,https://image.tmdb.org/t/p/w342/lJDryywe84pbESqbvjtsp5cO63y.jpg,https://image.tmdb.org/t/p/w780/pUzgEF5zTWMhCvWTWtZSzu7p94R.jpg,2025,11,medium,,['Drama'],Drama
1544374,en,The Noisy Neighbour Massacre,"When her neighbours play loud music, preventing her from sleep, Suzanne murders the men in increasingly violent ways",0.07959999889135361,2025-11-28,The Noisy Neighbour Massacre,0.0,0,https://image.tmdb.org/t/p/w342/A7U9XOidePwaZlJP4816lFJ0PnL.jpg,https://image.tmdb.org/t/p/w780,2025,11,medium,,['Horror'],Horror
1514721,en,Duplicity,"Suhrab, a notorious figure in the underground drug world, is invited to the luxurious home of his rival, Serg, for a supposed negotiation. However, upon arrival, Suhrab quickly realizes that Serg's intentions are far from peaceful.",0.07930000126361847,2025-11-30,Duplicity,0.0,0,https://image.tmdb.org/t/p/w342/iSkRy4AKo10RzQp0RdCSej3qbrs.jpg,https://image.tmdb.org/t/p/w780/1Rl7c1DqimSHtwrC4jw3hvjaSrL.jpg,2025,11,medium,,['Action'],Action
1482985,es,Eva,"Eva, a trans woman, takes on the care of her granddaughter after the sudden death of her daughter-in-law. While processing the grief, she tries to help her son connect emotionally with the baby. Amid tensions, reproaches, and silence, mother and son embark on a path toward mutual understanding and the reconstruction of their family bond.",0.07880000025033951,2025-11-24,Eva,0.0,0,https://image.tmdb.org/t/p/w342/dbqEvm3Vmi7SP3vJVFPDjTLpRdS.jpg,https://image.tmdb.org/t/p/w780/48hk7lnL4LZVxXuSqokx3IbSKzj.jpg,2025,11,medium,,[],
1393288,pl,Piernikowe serce,"The story of 16-year-old Janek, who, during a visit to his grandmother Melania's house in Toruń, befriends the teenage Zuza. The plot is set in the climatic period leading up to Christmas. Against the backdrop of a magical Christmas atmosphere, the characters face complicated family relationships, youthful dilemmas and difficulties in communicating with loved ones.",0.07880000025033951,2025-11-28,Piernikowe serce,0.0,0,https://image.tmdb.org/t/p/w342,https://image.tmdb.org/t/p/w780,2025,11,medium,,"['Comedy', 'Romance']","Comedy, Romance"
1577550,en,Lithium Beryllium,"""Lithium and beryllium have high polarising powers due to which they distort the electron cloud of the anion and hence according to Fajans rule form covalent bonds.""",0.07859999686479568,2025-11-12,Lithium Beryllium,0.0,0,https://image.tmdb.org/t/p/w342/jksYHibD6F9Rp1jF1dPailLDNTj.jpg,https://image.tmdb.org/t/p/w780,2025,11,medium,,[],
1406392,pt,a maré,"The stories told by those who live from the Rio Potengi reveal the rhythm of the tides, flowing through memories, silences, and the strength of a river that resists between the mangrove, time, and the city.",0.07840000092983246,2025-11-13,a maré,0.0,0,https://image.tmdb.org/t/p/w342/twrWZZ6QavJCbh1BQ241BFYVBUi.jpg,https://image.tmdb.org/t/p/w780/zRSRAPor19F3Bf6M2dK0B4XlUQH.jpg,2025,11,medium,,['Documentary'],Documentary
1565294,de,Leonardo,"Leonardo, whose real name is Michael, wants new white teeth—because everyone has them now. Only unsuccessful people still have yellow ones. So he needs 150 euros, which he doesn’t have, since he’s got more credit record entries than cash. On the streets, the law of the strongest applies—if you don’t have something, you take it, and Leonardo takes it. But the watch he steals turns out to be a fake, and he decides to simply return it to its owner. Luck, however, arrives a little later…",0.07800000160932541,2025-11-13,Leonardo,0.0,0,https://image.tmdb.org/t/p/w342,https://image.tmdb.org/t/p/w780/fPLhCwKbVV3sBtlaxqWFygVeEko.jpg,2025,11,medium,,[],
1567686,es,Testarossa,"In a Buenos Aires Airbnb, an Italian woman and a stranger share wine and pasta in an unexpected encounter. A visual homage to the 1950s, where tango, Italian roots, desire, and infidelity intersect in an intimate story amidst the magical Buenos Aires nightlife.",0.07739999890327454,2025-11-13,Testarossa,0.0,0,https://image.tmdb.org/t/p/w342/aA2ukytRHICoiIzS19WdRwVb6f5.jpg,https://image.tmdb.org/t/p/w780,2025,11,medium,,[],
1523528,tr,Perde Arkası,"A girl whose dream of acting comes before everything else. This dream requires sacrifice, effort and a heart that refuses to give up.",0.07689999788999557,2025-12-01,Behind the Curtain,0.0,0,https://image.tmdb.org/t/p/w342/qvZW9Mt1GWI0ggM1oZkcNEzlrHH.jpg,https://image.tmdb.org/t/p/w780/vM3w5rlboNWdRcYKizdbph6AL3F.jpg,2025,12,medium,,['Drama'],Drama
1548128,en,stair's cam,"Home alone for a week, Jim sets up a stair camera to prove he’s not imagining things. What it records reveals a horror far beyond what he expected.",0.07599999755620956,2025-11-24,stair's cam,0.0,0,https://image.tmdb.org/t/p/w342/k6wnt5GdV4kDMoGriuIneJHurNq.jpg,https://image.tmdb.org/t/p/w780,2025,11,medium,,"['Mystery', 'Horror', 'Thriller']","Mystery, Horror, Thriller"
1424107,de,Glut,"On their escape from a torrid city, Noah, Motte and Samuel have to find shelter in an abandoned cabin in the forest. They are exhausted from their journey and their water supplies are almost depleted. As the the light of embers threatens to catch up with them, they are overcome with doubt - is it even possible to escape the nearing danger?",0.07559999823570251,2025-11-19,Light of Embers,0.0,0,https://image.tmdb.org/t/p/w342/kNIYwB8z2qkRT9Eudm6o6ww34ru.jpg,https://image.tmdb.org/t/p/w780,2025,11,medium,,['Drama'],Drama
1560821,it,Allevi - Back To Life,,0.07490000128746033,2025-11-17,Allevi - Back To Life,0.0,0,https://image.tmdb.org/t/p/w342/8imC4cxna0SIU6zwxDO6YwDlyYL.jpg,https://image.tmdb.org/t/p/w780/aEjbvClLQDiyy0XHF7f7MAlOihf.jpg,2025,11,medium,,['Documentary'],Documentary
1380093,es,ek • stasis,"At Martina's New Year's Eve party, a young influencer from the Argentine scene, her lifelong but strained friendship with Joaco takes a dramatic turn followed by an unexpected and tragic accident.",0.07479999959468842,2025-11-25,ek • stasis,0.0,0,https://image.tmdb.org/t/p/w342/qaPAgErVZzvIyhzdwR7IOK70j3y.jpg,https://image.tmdb.org/t/p/w780/zZD77sbCrWrxFxyjuiLg4rn4THa.jpg,2025,11,medium,,"['Thriller', 'Drama']","Thriller, Drama"
1575382,en,Merry Little Mystery,"Natasha Maxwell spends the holidays at her grandparent’s house in the tiny town of Roundtop, where she grew up. She happily takes over from her grandfather as the small town’s benevolent Secret Santa, covertly delivering gifts to deserving and grateful citizens. Meanwhile, while attempting to foil Adrian, an investigative reporter determined to reveal Natasha’s identity as the mystery gift giver, she ends up falling in love.",0.0738999992609024,2025-11-19,Merry Little Mystery,0.0,0,https://image.tmdb.org/t/p/w342/t20ehaN2LK4i49wFq3RSfVG5ukD.jpg,https://image.tmdb.org/t/p/w780/7tEtqjxP9XGTbU4D5CPEkx2pOpI.jpg,2025,11,medium,,['Romance'],Romance
1575300,id,Anatomi Burung Hantu,"After speaking at a literary forum alongside renowned novelist Robert Hausu, Malik dares to send his manuscript, The Anatomy of an Owl. Driven by a longing for recognition, he slips into a gathering of writers and filmmakers at a café, where his ambition slowly collides with reality.",0.07329999655485153,2025-12-01,On Being Almost,0.0,0,https://image.tmdb.org/t/p/w342/xRkZynCJDRNT2qsN0vUyCvN8Myj.jpg,https://image.tmdb.org/t/p/w780/oToR8V192MPkLmccbu0RHc0uyuH.jpg,2025,12,medium,,['Drama'],Drama
1567972,ar,ذاكرة متقاطعة,"Shayma’ was six years old when the Second Intifada broke out. More than twenty years later, she opens a box of old videotapes that starts her search for memories. In voice-over she addresses her mother, who says she is blessed with a poor memory. Shayma’, by contrast, still remembers exactly what she wore on her first day of school: her new school uniform with a lace collar and a white bow in her hair. She also remembers spying her birthday cake through a crack in the kitchen door of their house, which had been confiscated by Israeli soldiers.",0.07320000231266022,2025-11-13,Intersecting Memory,0.0,0,https://image.tmdb.org/t/p/w342,https://image.tmdb.org/t/p/w780,2025,11,medium,,['Documentary'],Documentary
1330385,lv,Telmas ideālā dzimenīte,"Thelma is a little penguin who is not like the others. She doesn’t like snow very much, or freezing water, and she wishes she could fly. Was that because she was born in the Great Forest, and partially raised by her best friends, Cat Vilhelm and Mouse Sophia?  Living in the Land of Ice again, Thelma also worries about her upcoming birthday. What if Birthday doesn’t find her snow-covered house - will she have to stay for forever? When Thelma tries to organize a Birthday Party for her forest friends, she tumbles into a great adventure that will teach her all she needs to know to become a proper penguin.",0.07289999723434448,2025-03-21,Thelma's Perfect Birthday,0.0,0,https://image.tmdb.org/t/p/w342/jdq2Tm1xHoTfS7OtvrB22fs71F0.jpg,https://image.tmdb.org/t/p/w780/1N9f5HuVuCwnilfbkI8QTvO54qJ.jpg,2025,3,medium,,"['Animation', 'Family']","Animation, Family"
1574177,en,ปลาหมึกแถวเกือบบน,"A young gay man tries to transform himself to be accepted as a ""Top row squid"" online. He would never know that the community he sought was a space he could never truly enter.",0.07280000299215317,2025-11-26,Squid bottom the top,0.0,0,https://image.tmdb.org/t/p/w342/tg8GO8YjCerOombz5epvVDxj6fI.jpg,https://image.tmdb.org/t/p/w780/p63Xg4pQp43Hyl7brdFAJEjA1aC.jpg,2025,11,medium,,"['Drama', 'Comedy']","Drama, Comedy"
1391626,ko,부력,,0.07190000265836716,2025-11-21,Buoyancy,0.0,0,https://image.tmdb.org/t/p/w342,https://image.tmdb.org/t/p/w780/sOqEExHPOWsQ7wjgsiI0a66vfah.jpg,2025,11,medium,,['Documentary'],Documentary
1503362,en,Alice Is Fine,"Forced to reckon with doctors who treat her debilitating pain as though it's all in her head, what will it take for Alice to get the care she needs?",0.07119999825954437,2025-11-21,Alice Is Fine,0.0,0,https://image.tmdb.org/t/p/w342/qmDGcldEBIxdkLEnf9hRbvNAHbw.jpg,https://image.tmdb.org/t/p/w780,2025,11,medium,,"['Comedy', 'Drama']","Comedy, Drama"
1575560,it,Separazioni,,0.07020000368356705,2025-11-28,Separazioni,0.0,0,https://image.tmdb.org/t/p/w342,https://image.tmdb.org/t/p/w780,2025,11,medium,,[],
1574127,es,Influencer,,0.07010000199079514,2025-11-12,Influencer,0.0,0,https://image.tmdb.org/t/p/w342/kYleO1MU9GHkyqkuJstmi6r18lm.jpg,https://image.tmdb.org/t/p/w780,2025,11,medium,,['Comedy'],Comedy
1567701,nl,Eyes of the Machine,"Should she ever see her husband and family again, she would ask them for forgiveness, says Kalbinur Sidik with sorrow in her eyes. The price she has paid for speaking the truth about China's persecution of the Uyghurs in East Turkestan (Xinjiang) is immense. But she cannot remain silent. As a woman of Uzbek heritage who grew up in the Uyghur community, she has seen with her own eyes the methods used by the Chinese state to extirpate the Uyghur population. Her recollections of dehumanizing internment camps are interwoven with monotonous state propaganda describing ""training centers"" where extremist ideas are ""eradicated."" State control extends into the private realm too, through a program obligating families to host party members at home.",0.07010000199079514,2025-11-17,Eyes of the Machine,0.0,0,https://image.tmdb.org/t/p/w342,https://image.tmdb.org/t/p/w780/QMYAXQe1LJBEdyI9k0Q70IG8Nn.jpg,2025,11,medium,,['Documentary'],Documentary
1558762,de,Wie Es War,"After an accident that leaves Mila paralysed, she and Paul begin to drift apart. Mila focuses on the future, while Paul is haunted by guilt and the past. To save their relationship, they must find a way to reconnect before everything falls apart.",0.06939999759197235,2025-11-17,Who We Used to Be,0.0,0,https://image.tmdb.org/t/p/w342,https://image.tmdb.org/t/p/w780,2025,11,medium,,['Drama'],Drama
1575360,es,Peripecias,,0.06880000233650208,2025-11-12,Peripecias,0.0,0,https://image.tmdb.org/t/p/w342,https://image.tmdb.org/t/p/w780,2025,11,medium,,['Drama'],Drama
1573346,ja,NJPW World Tag League 2025 - Day 2,"The second night of the World Tag League 2025 heavyweight tag team tournament took place on November 22, 2025, at	Chichibunomiya Memorial Gymnasium in Fujisawa, Kanagawa, Japan.",0.06729999929666519,2025-11-22,NJPW World Tag League 2025 - Day 2,0.0,0,https://image.tmdb.org/t/p/w342/d7r4EjlystmjwKmA5Elqg0fRTEx.jpg,https://image.tmdb.org/t/p/w780,2025,11,medium,,[],
1429768,es,Cuento de verano,"Jorge hustles his way through Buenos Aires' ruthless financial district, making cash and enemies by the minute. Crude, chaotic, and a magnet for disaster, he's burned just about every bridge, including the one to his estranged daughter. But after a near-fatal heart attack, Jorge is hit with an unfamiliar urge: to become a better man. Or at least look like one. Fueled by guilt, nicotine, junk food, and questionable life choices, he sets out to win back his daughter's trust and prove he’s changed – without actually changing too much. Because old habits die hard… and Jorge's aren't even close to dying.",0.06700000166893005,2025-11-19,A Summer Tale,0.0,0,https://image.tmdb.org/t/p/w342/6B2nylE9aq62aVnQlL3Qz4gKQ5e.jpg,https://image.tmdb.org/t/p/w780/zeNpEp9JQGNNuQwBVzIxN3RBugO.jpg,2025,11,medium,,['Comedy'],Comedy
1479646,de,The Metropolitan Opera: Arabella,"Strauss’s elegant romance brings the glamour and enchantment of 19th-century Vienna to cinemas worldwide in a sumptuous production by legendary director Otto Schenk that “is as beautiful as one could hope” (The New York Times). Soprano Rachel Willis-Sørensen stars as the title heroine, a young noblewoman in search of love on her own terms. Radiant soprano Louise Alder is her sister, Zdenka, and bass-baritone Tomasz Konieczny is the dashing count who sweeps Arabella off her feet.",0.06610000133514404,2025-11-22,The Metropolitan Opera: Arabella,0.0,0,https://image.tmdb.org/t/p/w342/3AHU7lxz6b4QyOVNLPdztyNerAJ.jpg,https://image.tmdb.org/t/p/w780/g5hslvu6YOpmVjBNtYHWoU5rhTF.jpg,2025,11,medium,,[],
1506769,sv,Set Crush,"It’s a quiet summer’s day in a small Swedish town. As the alarm goes off on a young woman’s phone, it sets off a series of events that she’s been planning for a long, long time.",0.0658000037074089,2025-12-03,Set Crush,0.0,0,https://image.tmdb.org/t/p/w342/vK7mulsDOgoHJzwj88vhDrrcIpz.jpg,https://image.tmdb.org/t/p/w780,2025,12,medium,,"['Mystery', 'Thriller']","Mystery, Thriller"
1575070,it,L'Arca del Dora,,0.065700002014637,2025-11-25,L'Arca del Dora,0.0,0,https://image.tmdb.org/t/p/w342,https://image.tmdb.org/t/p/w780,2025,11,medium,,[],
1165841,pt,Tainá e os Guardiões da Amazônia - Em Busca da Flecha Azul,,0.06560000032186508,2025-11-20,Tainá e os Guardiões da Amazônia - Em Busca da Flecha Azul,0.0,0,https://image.tmdb.org/t/p/w342/4ljNDq3az3enesOY0uLx7hcKdzc.jpg,https://image.tmdb.org/t/p/w780,2025,11,medium,,['Animation'],Animation
1523243,en,Death to the King,Documentary about the 2006 Maoist revolution in Nepal.,0.06480000168085098,2025-11-21,Death to the King,0.0,0,https://image.tmdb.org/t/p/w342/frod5t9D5eELfM1O05SvDK8OcKk.jpg,https://image.tmdb.org/t/p/w780/oCWxx90X3H8TSS82Q33jU1wwm4N.jpg,2025,11,medium,,['Documentary'],Documentary
1535764,fr,Paris Opera Ballet: GISELLE,"Encore screening from Paris Opera Ballet of 'Giselle', the ultimate romantic ballet.",0.06459999829530716,2025-11-16,Paris Opera Ballet: GISELLE,0.0,0,https://image.tmdb.org/t/p/w342/5nTNT2dP83RHvWZ3zCWOhhH3FtM.jpg,https://image.tmdb.org/t/p/w780/eAxMjpL4XNDE2azNuHpek2OW6wI.jpg,2025,11,medium,,[],
1574995,en,Prisczilla,"4 Parts  3 Countries  2 Directors  1 Star  An unpopular UK Prime Minister must seek help from an unorthodox scientist, an Australian  wood carver and a woman when a Kaiju emerges that threatens all of British patriarchy.",0.06449999660253525,2025-11-05,Prisczilla,0.0,0,https://image.tmdb.org/t/p/w342/yCO5tw6Xf97Fdq0JL2qCvSLGJFf.jpg,https://image.tmdb.org/t/p/w780,2025,11,medium,,"['Thriller', 'Comedy', 'Science Fiction']","Thriller, Comedy, Science Fiction"
1574951,es,La Cucaracha,,0.06390000134706497,2025-11-13,La Cucaracha,0.0,0,https://image.tmdb.org/t/p/w342/l85uXeNWjzOVoDl5at2jFmUCl1y.jpg,https://image.tmdb.org/t/p/w780/40mTeoHQvukYG7ngP2ayZjTAKGy.jpg,2025,11,medium,,"['Comedy', 'Horror']","Comedy, Horror"
1165841,pt,Tainá e os Guardiões da Amazônia - Em Busca da Flecha Azul,,0.06560000032186508,2025-11-20,Tainá e os Guardiões da Amazônia - Em Busca da Flecha Azul,0.0,0,https://image.tmdb.org/t/p/w342/4ljNDq3az3enesOY0uLx7hcKdzc.jpg,https://image.tmdb.org/t/p/w780,2025,11,medium,,['Animation'],Animation
1523243,en,Death to the King,Documentary about the 2006 Maoist revolution in Nepal.,0.06480000168085098,2025-11-21,Death to the King,0.0,0,https://image.tmdb.org/t/p/w342/frod5t9D5eELfM1O05SvDK8OcKk.jpg,https://image.tmdb.org/t/p/w780/oCWxx90X3H8TSS82Q33jU1wwm4N.jpg,2025,11,medium,,['Documentary'],Documentary
1535764,fr,Paris Opera Ballet: GISELLE,"Encore screening from Paris Opera Ballet of 'Giselle', the ultimate romantic ballet.",0.06459999829530716,2025-11-16,Paris Opera Ballet: GISELLE,0.0,0,https://image.tmdb.org/t/p/w342/5nTNT2dP83RHvWZ3zCWOhhH3FtM.jpg,https://image.tmdb.org/t/p/w780/eAxMjpL4XNDE2azNuHpek2OW6wI.jpg,2025,11,medium,,[],
1574995,en,Prisczilla,"4 Parts  3 Countries  2 Directors  1 Star  An unpopular UK Prime Minister must seek help from an unorthodox scientist, an Australian  wood carver and a woman when a Kaiju emerges that threatens all of British patriarchy.",0.06449999660253525,2025-11-05,Prisczilla,0.0,0,https://image.tmdb.org/t/p/w342/yCO5tw6Xf97Fdq0JL2qCvSLGJFf.jpg,https://image.tmdb.org/t/p/w780,2025,11,medium,,"['Thriller', 'Comedy', 'Science Fiction']","Thriller, Comedy, Science Fiction"
1574951,es,La Cucaracha,,0.06390000134706497,2025-11-13,La Cucaracha,0.0,0,https://image.tmdb.org/t/p/w342/l85uXeNWjzOVoDl5at2jFmUCl1y.jpg,https://image.tmdb.org/t/p/w780/40mTeoHQvukYG7ngP2ayZjTAKGy.jpg,2025,11,medium,,"['Comedy', 'Horror']","Comedy, Horror"
1550858,zu,Umtsha Wendoda,"“Umtsha Wendoda” is a story that follows the journey of two young boys to a waterfall they would visit when they were younger. However, on this journey, the past times of bubbling youth are replaced with the crushing weight of growing up, accepting your fate and finding your flow.",0.06379999965429306,2025-11-22,Umtsha Wendoda,0.0,0,https://image.tmdb.org/t/p/w342,https://image.tmdb.org/t/p/w780/e9yWzBxDLz3bojG747q1Mi7mAfq.jpg,2025,11,medium,,['Drama'],Drama
1576316,de,Spätfrost,"Sabrina Schiffers is writing a travel guide about Bayreuth, but then the boundaries between public and private space, and between future and present, begin to blur.",0.06360000371932983,2025-11-12,Spätfrost,0.0,0,https://image.tmdb.org/t/p/w342/oQz7iOnupw3wHpBIk0mLBKJ6BRP.jpg,https://image.tmdb.org/t/p/w780/qI21S7XxDCAAKqNvbLrIpD47VpD.jpg,2025,11,medium,,"['Drama', 'Mystery']","Drama, Mystery"
1520616,en,No Way Out,"A teenager must protect his autistic brother when a masked intruder breaks into their home, leading to a violent night of survival that tests their bond and pushes them to their limits.",0.06289999932050705,2025-11-12,No Way Out,0.0,0,https://image.tmdb.org/t/p/w342/mE1LoF5yCrffDUbzrDgNk9ZMmYX.jpg,https://image.tmdb.org/t/p/w780/4L4YrUR1TVHt3iLLJ2oOgbETK1r.jpg,2025,11,medium,,['Thriller'],Thriller
1494835,fi,A Few Good Men From The North,"In 1897, Finnish brothers Pietari and Verner Korpi head to the harsh frontier of Minnesota in search of their missing father.",0.06289999932050705,2025-11-14,A Few Good Men From The North,0.0,0,https://image.tmdb.org/t/p/w342/9TIERex0hFeEaWgkJYu5r8PKrgu.jpg,https://image.tmdb.org/t/p/w780/6NKum9lgYxF7tVx0cqpMoDCFDk3.jpg,2025,11,medium,,"['Western', 'Drama', 'History']","Western, Drama, History"
1575366,es,Hasta Que Funcione,,0.06239999830722809,2025-11-12,Hasta Que Funcione,0.0,0,https://image.tmdb.org/t/p/w342/yz9toPqJ35kH31hpKyqs51JFnpi.jpg,https://image.tmdb.org/t/p/w780,2025,11,medium,,['Comedy'],Comedy
1574845,pt,Borboleta no Aquário,,0.06210000067949295,2025-11-14,Borboleta no Aquário,0.0,0,https://image.tmdb.org/t/p/w342/7mNq1kDE9QhKtV9pzf24Q1Ab6Gb.jpg,https://image.tmdb.org/t/p/w780,2025,11,medium,,"['Horror', 'Drama']","Horror, Drama"
1558789,es,Cacería,Two priests walk. They're looking for something. Maybe someone.,0.06210000067949295,2025-11-20,Cacería,0.0,0,https://image.tmdb.org/t/p/w342/uC8Cx3plgUhb4yLGoRGKK15QwWK.jpg,https://image.tmdb.org/t/p/w780,2025,11,medium,,['Horror'],Horror
1548515,en,Pollo Guisado,"In a small kitchen rich with memory, Lucia teaches her daughter Mariana how to make pollo guisado, a cherished family recipe passed down from generations upon generations. As they cook, Lucia shares stories of her childhood, weaving together food, family, and culture in every simmering pot.  What begins as a lesson in cooking becomes something much deeper—a quiet ritual of connection, memory, and love. As time passes, Mariana finds herself returning to the recipe, now carrying the weight of legacy in her own hands.",0.061799999326467514,2025-11-14,Pollo Guisado,0.0,0,https://image.tmdb.org/t/p/w342/dXjrxr4eclnjHY3KBHdLVFruMf7.jpg,https://image.tmdb.org/t/p/w780,2025,11,medium,,"['Family', 'Drama']","Family, Drama"
1443731,en,Rezbotanik,"After nights of heavy partying, a trans performer goes to the Botanical Garden of Lisbon to get sober again.",0.06159999966621399,2025-11-22,Rezbotanik,0.0,0,https://image.tmdb.org/t/p/w342/v16qrtAOI6Vx91Qn9DLISOSX295.jpg,https://image.tmdb.org/t/p/w780/wwVhde9wesiIPXncBa6S02RWmWA.jpg,2025,11,medium,,['Documentary'],Documentary
1576197,sv,En juldröm,,0.061400000005960464,2025-11-27,En juldröm,0.0,0,https://image.tmdb.org/t/p/w342,https://image.tmdb.org/t/p/w780,2025,11,medium,,[],
1539827,es,Solía buscar la luz allá afuera,"Before leaving Tijuana, Annya and Cecilia give Graciela a peculiar acting workshop. After one of the classes, Annya finds a strange object that, when blown on, triggers a mysterious effect inside her.",0.061400000005960464,2025-11-20,I used to seek the light out there,0.0,0,https://image.tmdb.org/t/p/w342/4WT8I1rz9u61mFgKCTiBymydvZQ.jpg,https://image.tmdb.org/t/p/w780,2025,11,medium,,[],
1392925,lt,Razboras,"It’s a road movie about young people who have nothing to do at night, so they drink in the car and accidentally get into a neighborhood “fight”.",0.061400000005960464,2024-10-09,Let's Fight,0.0,0,https://image.tmdb.org/t/p/w342/8tMXefOKoY2d4k3vfGFnB3ApCxO.jpg,https://image.tmdb.org/t/p/w780,2024,10,medium,,['Drama'],Drama
1561514,cs,"Volej, Samba","Under the influence of a mysterious synthetic drug, exotic dancer Vivienne slips into a distorted night where reality bends and nothing feels stable. As her senses blur, she drifts between memory, withdrawal and surreal visions, unable to tell what’s real and what’s imagined.",0.06120000034570694,2025-11-17,Call Samba,0.0,0,https://image.tmdb.org/t/p/w342,https://image.tmdb.org/t/p/w780,2025,11,medium,,['Drama'],Drama
1565910,es,¿Cómo es una estrella sin ti?,A frog sets out to overcome the death of his wife through a farewell letter.,0.06109999865293503,2025-11-25,What’s a Star Without You?,0.0,0,https://image.tmdb.org/t/p/w342/ta0j563R1PLzqQjJPwAv3gHTIWm.jpg,https://image.tmdb.org/t/p/w780/mcOxd9RBXEeQOcsifHWIcRxBA6j.jpg,2025,11,medium,,"['Animation', 'Fantasy', 'Drama']","Animation, Fantasy, Drama"
1525565,en,The Bird Bridge Deprimere,"A man haunted by grief and unable to cope with the death of his friend to cancer, battles with his mental demon who resembles his lost friend.",0.06109999865293503,2025-11-26,The Bird Bridge Deprimere,0.0,0,https://image.tmdb.org/t/p/w342,https://image.tmdb.org/t/p/w780/9GznUyuuWi0GgCWwNVdWfHFhrMZ.jpg,2025,11,medium,,['Drama'],Drama
1551014,zh,一颗痣的自白,"After seven years of living and studying in Poland, Mo returns to her parents in China. She quickly finds herself back in the family's perpetual patterns, but she feels out of place. Her parents' usual care, though well-intentioned, often triggers conflicts with her, while relatives chime in with questions about when she'll take the next step in life. Meanwhile, her relationship with her boyfriend is far from smooth, and then there's the matter of the mole below her eye. According to traditional Chinese face reading, its tear-like appearance will bring misfortune. What will happen if she simply leaves it as it is?",0.05959999933838844,2025-11-16,Confessions of a Mole,0.0,0,https://image.tmdb.org/t/p/w342,https://image.tmdb.org/t/p/w780/4OwctR4qNtx62qXUPdeykvNrY3z.jpg,2025,11,medium,,['Documentary'],Documentary
1573352,ja,NJPW World Tag League 2025 - Day 6,"The sixth night of the World Tag League 2025 heavyweight tag team tournament took place on November 28, 2025, at Kakuhiro Group Athletic Stadium in Aomori, Japan.",0.05889999866485596,2025-11-28,NJPW World Tag League 2025 - Day 6,0.0,0,https://image.tmdb.org/t/p/w342/d7r4EjlystmjwKmA5Elqg0fRTEx.jpg,https://image.tmdb.org/t/p/w780,2025,11,medium,,[],
1567965,en,Detach,"The U.S. military developed the Da Vinci surgical robot in the 1980s. Remotely controlled by doctors, it was designed to help wounded soldiers in dangerous battlefield conditions. Nowadays the device is used in many hospitals, including for heart surgeries and complex cancer procedures.",0.05860000103712082,2025-11-15,Detach,0.0,0,https://image.tmdb.org/t/p/w342,https://image.tmdb.org/t/p/w780,2025,11,medium,,['Documentary'],Documentary
1563912,en,How to Find a Career That Loves You Back,"Khloe and Joyce, two trans women who work for a defense-technology corporation, fall in love when they're sent to a college career fair together. Their fragile bond forces Khloe to choose between safety and the uncertain path of freedom.",0.05860000103712082,2025-11-23,How to Find a Career That Loves You Back,0.0,0,https://image.tmdb.org/t/p/w342/dKRKz06NCQ9U3qUO7MoemS4BWar.jpg,https://image.tmdb.org/t/p/w780/1E0YDRZ4h5XXwtuicceojQDJJvn.jpg,2025,11,medium,,"['Drama', 'Romance', 'Science Fiction']","Drama, Romance, Science Fiction"
1567665,cs,Západ,"In a remote spot in the Eastern European countryside, far from the reach of the state, marshy earth is plowed, homemade wine tasted, and hunting rifles prepared—all meticulously observed by a slow-moving camera. From clearing construction waste to slaughtering a pig: the existential dimension of life here can be detected in almost every activity. This is a world that feels stable, yet always on edge, as if the structure could collapse at any moment.",0.05770000070333481,2025-11-17,Blood Red,0.0,0,https://image.tmdb.org/t/p/w342/hMj91qoKdQQSN3QGej4EehiptR1.jpg,https://image.tmdb.org/t/p/w780/ke0yIgViGRr1hcuWkxYdiTQ8nn0.jpg,2025,11,medium,,['Documentary'],Documentary
1571168,en,Solace,Animated short film.,0.057100001722574234,2025-11-13,Solace,0.0,0,https://image.tmdb.org/t/p/w342/3JL3skQJMUtqE1MEm2nKW622uJv.jpg,https://image.tmdb.org/t/p/w780,2025,11,medium,,['Animation'],Animation
1497113,pt,Sacrifício,"Sacrifice is a supernatural thriller that follows João and Humberto, two university students who, after the mysterious death of their friend Alberto, begin to receive enigmatic clues and discover that Alberto may still be alive.",0.05689999833703041,2025-11-12,Sacrifice,0.0,0,https://image.tmdb.org/t/p/w342/rduOL9MZ61S2Wt9qvtKMh0b3gtN.jpg,https://image.tmdb.org/t/p/w780,2025,11,medium,,"['Horror', 'Thriller', 'Mystery']","Horror, Thriller, Mystery"
1569897,vi,Phòng Trọ Ma Bầu,"Two best friends rent an old room where a series of eerie and unexplainable events begin to unfold. As they try to uncover the truth, they come face to face with the spirit of a pregnant woman — the “ghost mother.” Beneath the chilling haunt lies a heartbreaking tale of tragedy and sacred maternal love, where a mother’s sacrifice becomes the bond that connects generations.",0.056299999356269836,2025-11-28,Pregnant Ghost,0.0,0,https://image.tmdb.org/t/p/w342/wBmi0b5dOh42r1QCGUlfjxvFM2V.jpg,https://image.tmdb.org/t/p/w780,2025,11,medium,,"['Comedy', 'Horror']","Comedy, Horror"
1576417,it,Zorro - Un eremita sul marciapiede,"A man, an actor. The man calls himself Zorro — he lives on the streets, dances at night, and spends his days following “normal” people to expose their hypocrisy and insecurity. And the actor? The actor is also a drifter, living like a wanderer, and night after night, theater after theater, the man’s words end up infecting his psyche — and that of those who listen, seated in the audience. The new work by Castellitto, ironically suspended between theater and life.",0.05609999969601631,2025-11-22,Zorro - Un eremita sul marciapiede,0.0,0,https://image.tmdb.org/t/p/w342/fRQYbVyQHPv6dtL9W7uQfUExbuZ.jpg,https://image.tmdb.org/t/p/w780,2025,11,medium,,[],
1572228,th,Because Watching Pacifies,"On the journey to depict ""borders,"" Because Watching Pacifies captures two KMT military dependents' villages established for surveillance purposes following the Chinese Civil War. In the mountainous region traversed by Taiwan's Central Cross-Island Highway and the highlands that border Thailand, Myanmar, and Laos, the villages were established in conflict zones along ethnic frontiers.",0.05609999969601631,2025-11-13,Because Watching Pacifies,0.0,0,https://image.tmdb.org/t/p/w342/gE9xgRxORwZUyEwQH4iSA0GQm17.jpg,https://image.tmdb.org/t/p/w780/csm75tCiAASV8CksR0BP6yeu3BZ.jpg,2025,11,medium,,['Documentary'],Documentary
1563580,uk,Одного дня я хочу побачити тебе щасливим,"In the quiet of their home, filmmaker Maryna Nikolcheva documents her husband Max as he drifts through a midlife crisis. Once celebrated for his art, Max now edits commercials he can't stand, finding meaning only in the slow, obsessive restoration of a battered old car. Through the lens of Maryna's camera, we witness the small victories, frustrations, and tender moments that make up their shared life. When Russia invades Ukraine, the couple is torn apart, connected only through video calls. Amid missile strikes, blackouts, and uncertainty, they confront the fragility of life and the enduring pull of their shared craft. Despite the backdrop of war, Max begins to find happiness again – but, like safety itself, it remains precarious and fleeting.",0.05550000071525574,2025-11-13,One Day I Wish to See You Happy,0.0,0,https://image.tmdb.org/t/p/w342/iTUTYOrFDCSAVrUmemzeYf7J5Pl.jpg,https://image.tmdb.org/t/p/w780/pIpFnEoTyFr0aLTSfoxPXd9efgV.jpg,2025,11,medium,,['Documentary'],Documentary
1572713,de,Die Zauberflöte,"A self-portrait of an Asian woman in Germany: The Magic Flute, with newly written lyrics in the style of a German tongue twister.",0.054499998688697815,2025-11-19,The Magic Flute,0.0,0,https://image.tmdb.org/t/p/w342,https://image.tmdb.org/t/p/w780,2025,11,medium,,['Music'],Music
1575071,es,Mi casa amarilla,,0.05380000174045563,2025-11-25,Mi casa amarilla,0.0,0,https://image.tmdb.org/t/p/w342/s2J68wFvPkrIiJzj4vDOJ1DEAQz.jpg,https://image.tmdb.org/t/p/w780,2025,11,medium,,[],
1573360,ja,NJPW World Tag League 2025 - Day 8,"The eighth night of the World Tag League 2025 heavyweight tag team tournament took place on November 30, 2025, at Akita Terrsa in Akita, Japan.",0.05380000174045563,2025-11-30,NJPW World Tag League 2025 - Day 8,0.0,0,https://image.tmdb.org/t/p/w342/d7r4EjlystmjwKmA5Elqg0fRTEx.jpg,https://image.tmdb.org/t/p/w780,2025,11,medium,,[],
1575617,en,Ang Happy Homes ni Diane Hilario,"A story of ordinary, happy people living in a tenement is suddenly shaken by a string of conspicuous deaths. Unfortunate and unrelated deaths continue, and they think a killer is living among them.",0.053700000047683716,2025-12-03,Ang Happy Homes ni Diane Hilario,0.0,0,https://image.tmdb.org/t/p/w342/aLrLbCNkQ9AfV7deZnfrYS4WPKU.jpg,https://image.tmdb.org/t/p/w780/1iJRhX9L1MozNKe7Il8wYwPm9bg.jpg,2025,12,medium,,"['Mystery', 'Thriller']","Mystery, Thriller"
1564134,zh,核桃熟了的时候,"In Sichuan's Liangshan mountains, Yi children grow up between tradition and change. When a father returns from prison seeking redemption, he finds that his daughter dreams of basketball but is torn over her schooling, and his son longs to earn money. As summer ends and walnuts ripen, their separate journeys begin.",0.05339999869465828,2025-11-18,If a Walnut Falls,0.0,0,https://image.tmdb.org/t/p/w342/1gigCm5DUlheBJ199ldj1FkLhc2.jpg,https://image.tmdb.org/t/p/w780/uf9rUjOlButGH1XGdVMkiRCCcfn.jpg,2025,11,medium,,['Documentary'],Documentary
1564460,en,Demi Adejuyigbe Is Going To Do 1 (One) Backflip,"A very special comedy show featuring original comedic songs, presentations, bits, and one (1) single backflip performed by an aging, sedentary man who had to stand up and crack his knees in the middle of writing this.",0.05299999937415123,2025-11-19,Demi Adejuyigbe Is Going To Do 1 (One) Backflip,0.0,0,https://image.tmdb.org/t/p/w342,https://image.tmdb.org/t/p/w780/qMEyKQgzFonqrNZR4N7AneXj64C.jpg,2025,11,medium,,['Comedy'],Comedy
1330243,en,DOPAMINE,"After a clandestine meeting goes horribly awry, an aimless, depressed young man reflects on the moments that led him there.",0.052799999713897705,2025-11-21,DOPAMINE,0.0,0,https://image.tmdb.org/t/p/w342/66eE3rboj4meywF6MzP1HO3mfpd.jpg,https://image.tmdb.org/t/p/w780,2025,11,medium,,"['Drama', 'Thriller']","Drama, Thriller"
1555819,ja,GENERATIONS：The Documentary,The untold truth behind GENERATIONS. This documentary offers an intimate look at their journey and the raw emotions of each member.,0.05270000174641609,2025-11-21,GENERATIONS: The Documentary,0.0,0,https://image.tmdb.org/t/p/w342/vqzd28XeaKBv5ZjKyl35PeR1QjE.jpg,https://image.tmdb.org/t/p/w780,2025,11,medium,,"['Documentary', 'Music']","Documentary, Music"
1570132,en,Late Night Television,A struggling production company take on a deadly assignment.,0.05260000005364418,2025-11-20,Late Night Television,0.0,0,https://image.tmdb.org/t/p/w342/zm3wee2oIQI3CoZ8WzaGWhVbxCI.jpg,https://image.tmdb.org/t/p/w780/9y7wPGYyZWGq5HGUCqFMUbRVIxw.jpg,2025,11,medium,,"['Comedy', 'Drama']","Comedy, Drama"
1567127,en,We Learn To Breathe In Distant Places,"In search of her lost son, a beleaguered Mahia enters a mystical forest. Chancing upon an otherworldly apparition, her grip on reality begins to fracture.",0.05209999904036522,2025-11-30,We Learn To Breathe In Distant Places,0.0,0,https://image.tmdb.org/t/p/w342/w2HfWhsyt6bNadANsDAxC8tX6tO.jpg,https://image.tmdb.org/t/p/w780,2025,11,medium,,[],
1574235,lt,Gulbės nugara,The tale of the illegal immigrant merges with dancers journey from ballet to semantic dance while overcoming the violence of the imperially constructed art of ballet instilled within his body.,0.05180000141263008,2025-11-29,Whose Memory?,0.0,0,https://image.tmdb.org/t/p/w342/nOy5ScNnIocUNo7RTN1LVRGZBj5.jpg,https://image.tmdb.org/t/p/w780,2025,11,medium,,[],
1560660,vi,Cưới Vợ Cho Cha,"In a quaint village nestled in the West Vietnam, Mr. Sau Seu, a karaoke cafe owner, resides alone, eagerly awaiting his son Ut Tung’s return from Saigon for a visit. However, his hopes are shattered when he discovers he has a grave illness. To fulfill his promise to his late wife, he decides to “marry his son off.” However, this plan takes an unexpected turn when he learns that Tung has a shocking secret and is concealing it. Amidst conflicts, misunderstandings, and attempts at reconciliation, father and son gradually gain a deeper understanding of each other. Ultimately, they find happiness and peace in their own unique marriages.",0.051600001752376556,2025-11-21,The Father's Wedding Orders!,0.0,0,https://image.tmdb.org/t/p/w342/29ZwzvtIyi1k3UB7cbqWoWyo5va.jpg,https://image.tmdb.org/t/p/w780,2025,11,medium,,"['Family', 'Drama', 'Comedy']","Family, Drama, Comedy"
1575073,ro,Cutezătorii,,0.051100000739097595,2025-11-25,Cutezătorii,0.0,0,https://image.tmdb.org/t/p/w342,https://image.tmdb.org/t/p/w780,2025,11,medium,,[],
1562802,fr,"Kogis, le chant de la terre",,0.051100000739097595,2025-11-26,"Kogis, le chant de la terre",0.0,0,https://image.tmdb.org/t/p/w342,https://image.tmdb.org/t/p/w780,2025,11,medium,,['Documentary'],Documentary
1574921,en,Windows (for piet and peter),"A hypnotic mise-en-abyme constructed from JVC camcorder footage of a parking garage.  Produced in tribute to teacher, filmmaker and video artist Peter Rose and the work of Piet Mondrian.",0.050999999046325684,2025-11-14,Windows (for piet and peter),0.0,0,https://image.tmdb.org/t/p/w342/yv81Px7hKsu8knUrKyDHDAFyclG.jpg,https://image.tmdb.org/t/p/w780,2025,11,medium,,['Animation'],Animation
1563551,mn,Ханын зураач,"Bayaraa, a weather-worn muralist who once tasted glory in Europe, returns to Mongolia with only a box of paints, a rooftop tent, and his loyal stray dog. Each day he descends the wall of an abandoned factory, covering its crumbling concrete with sweeping murals of mythic Mongolian landscapes. Watching him is a sardonic balloon, at once conscience, companion, and a stroke of fable. When officials announce the factory will soon be demolished, Bayaraa becomes determined to leave behind his masterpiece. Yet the deeper battle lies within: the long-buried wound of the wife and daughter he abandoned for art.",0.050999999046325684,2025-11-19,The Muralist,0.0,0,https://image.tmdb.org/t/p/w342/uWA2x3MOpEAYP9GvxoH0PzN5CB8.jpg,https://image.tmdb.org/t/p/w780/mumK3sipvMtcwN2BW7YTEb1Qr8z.jpg,2025,11,medium,,['Drama'],Drama
1549611,fr,Opération séduction,,0.050999999046325684,2025-11-28,Opération séduction,0.0,0,https://image.tmdb.org/t/p/w342/cFw4ZxQLwn1gy4wcBDe4kb7kIQ7.jpg,https://image.tmdb.org/t/p/w780,2025,11,medium,,['Comedy'],Comedy
1402896,en,Two Kinds of People,"A couple looks back on the road trip that transformed their relationship and confronts the fear and vulnerability of falling in love. Early in their relationship, Evan and Laura embarked on a road trip to Evan's hometown in Alberta, Canada. Armed with an old Super 8mm movie camera, they documented their adventure, capturing candid moments of their burgeoning love story. Years later, they revisit the footage and reflect on the journey that defined their bond. TWO KINDS OF PEOPLE explores the deep emotional challenge of vulnerability and speaks to the profound power of acceptance and unconditional love.",0.050700001418590546,2024-11-21,Two Kinds of People,0.0,0,https://image.tmdb.org/t/p/w342/u3D5XwvmmXmuPJZmbxBqsw8318B.jpg,https://image.tmdb.org/t/p/w780/iQqkXAbTYZSWurjZAlInxtEnwPT.jpg,2024,11,medium,,['Documentary'],Documentary
1575082,it,Souvenir de Paris,,0.050599999725818634,2025-11-25,Souvenir de Paris,0.0,0,https://image.tmdb.org/t/p/w342,https://image.tmdb.org/t/p/w780,2025,11,medium,,[],
1573347,ja,NJPW World Tag League 2025 - Day 3,"The third night of the World Tag League 2025 heavyweight tag team tournament took place on November 24, 2025, at Machida City General Gymnasium in Machida, Tokyo, Japan.",0.05050000175833702,2025-11-24,NJPW World Tag League 2025 - Day 3,0.0,0,https://image.tmdb.org/t/p/w342/d7r4EjlystmjwKmA5Elqg0fRTEx.jpg,https://image.tmdb.org/t/p/w780,2025,11,medium,,[],
1572958,es,No estás loca,,0.05050000175833702,2025-11-14,No estás loca,0.0,0,https://image.tmdb.org/t/p/w342/kKPfRBk2IUZULvv5WbDBXOYMgiR.jpg,https://image.tmdb.org/t/p/w780,2025,11,medium,,['Documentary'],Documentary
1237445,en,Backstage,"Backstage is about a small fictional community theater group who are in the middle of rehearsals for their winter production. But behind the scenes chaos, shenanigans, and politics threaten the shows progress as the company juggles their daily lives with the demands of the show.",0.05050000175833702,2025-11-13,Backstage,0.0,0,https://image.tmdb.org/t/p/w342/bvNPlFmF6FJKVvAWqxQsqxpUOPb.jpg,https://image.tmdb.org/t/p/w780/58JpKp8pdAsd8sn6NDrKvkyxlsW.jpg,2025,11,medium,,"['Drama', 'Comedy']","Drama, Comedy"
1575562,it,Quasi Grazia,,0.05040000006556511,2025-11-27,Quasi Grazia,0.0,0,https://image.tmdb.org/t/p/w342/ehWcUeWaiVfUl94j9cLJwUZdjXJ.jpg,https://image.tmdb.org/t/p/w780,2025,11,medium,,"['Drama', 'History']","Drama, History"
1522229,en,Exhaustion Lines,"After narrowly avoiding a car crash, a sleep deprived drifter decides to find a place to get some shuteye. But when he finds every hotel is booked, overnight parking is restricted, and people just keep telling him he needs to move his car, getting a good night's rest proves harder than it sounds.",0.05000000074505806,2025-12-01,Exhaustion Lines,0.0,0,https://image.tmdb.org/t/p/w342/g9qNUXUgl928oyH9QKeWGv6wI7R.jpg,https://image.tmdb.org/t/p/w780/gOebospdmiDsXaJTWkH0eun2XrL.jpg,2025,12,medium,,['Comedy'],Comedy
1575342,ko,코로나 사피엔스 러브,,0.04989999905228615,2025-11-14,Covid-19 Sapiens Love,0.0,0,https://image.tmdb.org/t/p/w342/mulyDjV1KFmXPiX23smp0KVWnIc.jpg,https://image.tmdb.org/t/p/w780,2025,11,medium,,"['Drama', 'Romance', 'Comedy']","Drama, Romance, Comedy"
1558515,no,Klæbo,,0.04989999905228615,2025-11-14,Klæbo,0.0,0,https://image.tmdb.org/t/p/w342/4zAqXETASCljzePrO2pI6QBLxxy.jpg,https://image.tmdb.org/t/p/w780/eqkDQBRG270hbz2qHspxGvaRlfs.jpg,2025,11,medium,,['Documentary'],Documentary
1577119,pt,a fechadura,,0.04960000142455101,2025-11-22,a fechadura,0.0,0,https://image.tmdb.org/t/p/w342/9gXHqtTkJS8UVAuTHWdX5k6Km4.jpg,https://image.tmdb.org/t/p/w780,2025,11,medium,,"['Mystery', 'Thriller']","Mystery, Thriller"
1576878,en,Unseen Enemy,"An isolated private investigator is convinced by a friend to come out of hiding to help find her missing sister, putting him back in reach by those who want his family dead.",0.04960000142455101,2025-11-26,Unseen Enemy,0.0,0,https://image.tmdb.org/t/p/w342/qC7kQpenplKQT1VO7RSa5RxbEpb.jpg,https://image.tmdb.org/t/p/w780/7TsA9t4iy3lcYHBHPT9o2FOkZ0.jpg,2025,11,medium,,"['Action', 'Crime', 'Thriller']","Action, Crime, Thriller"
1575273,en,Don't Let The Bastards Grind You Down,"""Don't Let The Bastards Grind You Down"" is a documentary film about British social policy. The focus is on the political struggle against neoliberal austerity policies, which have their origins in the hated Thatcher government.  The film features the former socialist MP Dave Nellist, who is now the national chair of the Trade Unionist & Socialist Coalition and Hannah Sell, the general secretary of the Socialist Party. The film features a local election campaign in the miners' town of Nuneaton, students campaigning against an increase in tuition fees and refuse workers from Birmingham striking against massive cuts to their wages.",0.04960000142455101,2025-11-15,Don't Let The Bastards Grind You Down,0.0,0,https://image.tmdb.org/t/p/w342/b8hHk6lc44SqUnZdi14HThca56x.jpg,https://image.tmdb.org/t/p/w780/xMFVda2iZwyAbdbZjQSvUbyoaQN.jpg,2025,11,medium,,['Documentary'],Documentary
1572835,fr,Quand le grenier aura pris feu,"A music film about people experiencing their own reality, and about pigeons.",0.04960000142455101,2025-11-22,Quand le grenier aura pris feu,0.0,0,https://image.tmdb.org/t/p/w342,https://image.tmdb.org/t/p/w780,2025,11,medium,,['Music'],Music
1554792,ja,橋本千紘10周年記念大会『KAIBUTSU A DECADE』,"Chihiro Hashimoto 10th Anniversary ~KAIBUTSU A DECADE~ is an upcoming professional wrestling event promoted by Sendai Girls' Pro Wrestling to celebrate the anniversary of long-time ""ace"" Chihiro Hashimoto's debut in 2015. It will be held on November 16, 2025, at Korakuen Hall in Tokyo, Japan.",0.0494999997317791,2025-11-16,Sendai Girls Chihiro Hashimoto 10th Anniversary ~KAIBUTSU A DECADE~,0.0,0,https://image.tmdb.org/t/p/w342/yJ8VOVImtWfrlXE94grJNMpnhf1.jpg,https://image.tmdb.org/t/p/w780,2025,11,medium,,"['Action', 'Drama']","Action, Drama"
1575081,es,Entre los días,"An elderly woman lives alone and isolated in an apartment; her daily life consists of wandering ghostlike through its hallways and rooms. Every night, she receives a phone call from an anonymous man who seeks her out for erotic conversations.",0.04919999837875366,2025-11-25,Between Days,0.0,0,https://image.tmdb.org/t/p/w342/w978zfg3JQRPvQe9H6aMpZrFyrL.jpg,https://image.tmdb.org/t/p/w780,2025,11,medium,,[],
1567991,ar,تحت نفس السماء,"Behind you lies the sea; before you stands the enemy. This is the reality for the people of Gaza—and for Palestinian journalist Sami, who records it all with his 360° camera in the VR documentary Under the Same Sky. Driving along the Mediterranean coast in a press vehicle, he documents the war in the Gaza Strip. On one side are peaceful waters; on the other, heart-wrenching ruins.",0.04809999838471413,2025-11-14,Under the Same Sky,0.0,0,https://image.tmdb.org/t/p/w342,https://image.tmdb.org/t/p/w780,2025,11,medium,,['Documentary'],Documentary
1564196,de,Ich atme die ganze Zeit,"In this autobiographical documentary, Rosa explores her anxiety, derealisation, and a mother-daughter bond shaped by shared trauma.",0.04809999838471413,2025-11-21,I'm Breathing All the Time,0.0,0,https://image.tmdb.org/t/p/w342/4Ny8M1gFHIXjA8VJU7i8iGbcxTq.jpg,https://image.tmdb.org/t/p/w780/h4ozfuDalJC4gyzq87mh6nzlck0.jpg,2025,11,medium,,['Documentary'],Documentary
1573773,en,Gerry Dee: Funny You Should Say That,"With dry wit, Canadian comic Gerry Dee explores his perilous years as a schoolteacher, the pitfalls of open marriages and the truth about Santa.",0.0478999987244606,2025-11-18,Gerry Dee: Funny You Should Say That,0.0,0,https://image.tmdb.org/t/p/w342,https://image.tmdb.org/t/p/w780,2025,11,medium,,['Comedy'],Comedy
1573348,en,NJPW World Tag League 2025 - Day 4,"The fourth night of the World Tag League 2025 heavyweight tag team tournament took place on November 25, 2025, at Big Palette Fukushima in Kōriyama, Fukushima, Japan.",0.04780000075697899,2025-11-25,NJPW World Tag League 2025 - Day 4,0.0,0,https://image.tmdb.org/t/p/w342/d7r4EjlystmjwKmA5Elqg0fRTEx.jpg,https://image.tmdb.org/t/p/w780,2025,11,medium,,[],
1544556,en,Love & Other Crimes,"Noah Thomas's life takes a dangerous turn when a chance reunion with an old high school friend entangles him in a ruthless crime ring. As he falls deeper into the syndicate's violent world, his budding romance with Shaye Matthews offers a fragile glimmer of hope. Torn between love and survival, Noah must navigate betrayals, escalating stakes, and deadly choices that threaten to destroy everything he values.",0.04749999940395355,2025-11-28,Love & Other Crimes,0.0,0,https://image.tmdb.org/t/p/w342/mVO5KafSNW8sZ2EtsMreZomqjBz.jpg,https://image.tmdb.org/t/p/w780,2025,11,medium,,"['Crime', 'Drama', 'Romance']","Crime, Drama, Romance"
1541686,en,Haunting Within,"The Haunting Within begins with a woman (Shannon Sullivan) waking in her pajamas on an empty street—no memory, no direction, just the creeping sense that something is wrong.",0.0471000000834465,2025-11-20,Haunting Within,0.0,0,https://image.tmdb.org/t/p/w342/loDeuMWLctzsDfsW8Cd282tf1BP.jpg,https://image.tmdb.org/t/p/w780/aPft3JtRU41dlLTNtQeF8eKPOXj.jpg,2025,11,medium,,"['Horror', 'Mystery']","Horror, Mystery"
1576400,en,Pawn,"What starts as a friendly chess game, quickly progresses into a full blown conflict.",0.04699999839067459,2025-11-22,Pawn,0.0,0,https://image.tmdb.org/t/p/w342/orvRNk04nVrr85aVjMeOgcTF3fb.jpg,https://image.tmdb.org/t/p/w780/4HhteWrwzEP4apcndXnyyM4T3fH.jpg,2025,11,medium,,"['Drama', 'Comedy']","Drama, Comedy"
1518432,en,2006,"John is forced to live a life of crime and deception, but when somebody he deeply cares about is killed, he stops at nothing to exact brutal revenge on the perpetrators.",0.04699999839067459,2025-11-26,2006,0.0,0,https://image.tmdb.org/t/p/w342,https://image.tmdb.org/t/p/w780/eognoS6h0uJgz2Zbpb3GVPdIZNp.jpg,2025,11,medium,,"['Action', 'Thriller']","Action, Thriller"
1571176,en,The Fall,Short featuring stop motion animation.,0.04639999940991402,2025-11-13,The Fall,0.0,0,https://image.tmdb.org/t/p/w342/vE6OjrWZIiZOakuXWEugAD15LXy.jpg,https://image.tmdb.org/t/p/w780,2025,11,medium,,['Animation'],Animation
1575139,en,Heirs,"Escaping a raging wildfire, Obi and his mother take refuge in a shelter. There, Obi meets Connor. The two boys come from different backgrounds and have dissimilar ambitions. But for a brief moment, it seems that all of this can be overcome.",0.04619999974966049,2025-11-20,Heirs,0.0,0,https://image.tmdb.org/t/p/w342,https://image.tmdb.org/t/p/w780,2025,11,medium,,['Drama'],Drama
1573679,es,quién es jane?,A teenage girl going through an identity crisis turns to artificial intelligence in search of answers.,0.045899998396635056,2025-11-29,who is jane?,0.0,0,https://image.tmdb.org/t/p/w342/qchmuyYOi5dKDDL18lwrM2m2OVB.jpg,https://image.tmdb.org/t/p/w780/lTdNlyQ5zWCYjKgakyMJ9pNUtiY.jpg,2025,11,medium,,['Drama'],Drama
1575569,it,Ritratti di cinema,,0.04560000076889992,2025-11-26,Ritratti di cinema,0.0,0,https://image.tmdb.org/t/p/w342/iE0bXxsPttt8dVVm4rvEBjTS7zL.jpg,https://image.tmdb.org/t/p/w780,2025,11,medium,,['Documentary'],Documentary
1572817,en,De Essentie,A film student is dealing with a break-up.,0.04540000110864639,2025-11-30,De Essentie,0.0,0,https://image.tmdb.org/t/p/w342,https://image.tmdb.org/t/p/w780,2025,11,medium,,"['Comedy', 'Drama']","Comedy, Drama"
1572820,ko,김아무개씨 이야기,"The transformation of Kim, an ordinary person with the most common surname in Korea, into a dish sponge—a process in which he becomes ""dish scrubber-ized."" It is a poetic reflection on identity, conformity, and the loss of self in the face of societal expectations. As Kim transforms from a human being into a ""tool of cleanliness,"" the film raises the question: How much of ourselves remains when we adapt to the demands of an ever-changing world?",0.04529999941587448,2025-11-21,Kim's Story,0.0,0,https://image.tmdb.org/t/p/w342,https://image.tmdb.org/t/p/w780,2025,11,medium,,[],
1558107,en,At Home with Work,"The Film follows the path of four home-based businesses owners- a permaculture farmer, a somatic healing practitioner, a mom-influencer, and a meal-prep business owner. These four individuals creatively re-imagine and re-define their domestic spaces to suit their business needs. Through the film, the characters work hard to achieve the best versions of themselves. However this comes at personal cost, a tenuous line develops between what they consider work and what they consider not work. As this line increasingly gets blurred, we witness how that changes the way that they relate to home, work and rest.",0.04529999941587448,2025-11-30,At Home with Work,0.0,0,https://image.tmdb.org/t/p/w342,https://image.tmdb.org/t/p/w780,2025,11,medium,,['Documentary'],Documentary
1553640,nl,Water tussen ons,,0.04529999941587448,2025-11-24,Water tussen ons,0.0,0,https://image.tmdb.org/t/p/w342/uAHw8P0gkMSkeK3RtfeXzvQY9aK.jpg,https://image.tmdb.org/t/p/w780/kjlPNuAzGNLZcwvFYxHoAppwCrx.jpg,2025,11,medium,,['Documentary'],Documentary
1430899,en,Tides of Change,"Through stunning visuals and intimate encounters with marine life, the film showcases the hidden beauty of the ocean and the devastating impact of human pollution.",0.04529999941587448,2025-11-14,Tides of Change,0.0,0,https://image.tmdb.org/t/p/w342,https://image.tmdb.org/t/p/w780,2025,11,medium,,[],
1430899,en,Tides of Change,"Through stunning visuals and intimate encounters with marine life, the film showcases the hidden beauty of the ocean and the devastating impact of human pollution.",0.04529999941587448,2025-11-14,Tides of Change,0.0,0,https://image.tmdb.org/t/p/w342,https://image.tmdb.org/t/p/w780,2025,11,medium,,[],
1548499,fr,Aurore,,0.04479999840259552,2025-11-22,Aurore,0.0,0,https://image.tmdb.org/t/p/w342/hzG3PZMBG3YIJZHDh3YtWxFIuhT.jpg,https://image.tmdb.org/t/p/w780/zoC04kxT7ISgbdLTpKX51JlVgd0.jpg,2025,11,medium,,"['Music', 'Drama']","Music, Drama"
1576917,ca,07004,The director films their neighborhood over the course of a day,0.04430000111460686,2025-11-19,07004,0.0,0,https://image.tmdb.org/t/p/w342/iMl0QXZDdrjytEMFOJS24aEBvRC.jpg,https://image.tmdb.org/t/p/w780/jdrsoDyXasjCUYZoXuEWNiHiCJ1.jpg,2025,11,medium,,['Documentary'],Documentary
1570929,es,"Yo, albañil",,0.04410000145435333,2025-11-24,"Yo, albañil",0.0,0,https://image.tmdb.org/t/p/w342/rvngouEMw1s0vKcTShxfiCFw14k.jpg,https://image.tmdb.org/t/p/w780/offPlgCPiEZ8r738uD9QsUVvjKY.jpg,2025,11,medium,,['Documentary'],Documentary
1246040,ko,시네마 테러리스트,,0.04410000145435333,2025-11-23,Cinema Terrorist,0.0,0,https://image.tmdb.org/t/p/w342,https://image.tmdb.org/t/p/w780/kUu4GhoaAOtBF2OHVG715haznma.jpg,2025,11,medium,,['Drama'],Drama
814640,ko,직지루트; 테라 인코그니타,"The documentary production team, which was tracking the connection between Gutenberg and Goryeo metal types, finds the ""Pope´s Letter to King of Goryeo"" in the Vatican archives. In the face of opposition from scholars for lack of relevant evidence, they leave for Europe in search of historical traces to complement it.",0.04399999976158142,2025-11-12,Jikji Route; Terra Incognita,0.0,0,https://image.tmdb.org/t/p/w342/8DFxgK1HLjXxrYPt2S9PNDpFkdW.jpg,https://image.tmdb.org/t/p/w780/hwxphyQ6YrNy6SqoPTvxFBBFczv.jpg,2025,11,medium,,['Documentary'],Documentary
1575067,it,La Talpa,,0.04360000044107437,2025-11-25,La Talpa,0.0,0,https://image.tmdb.org/t/p/w342/338ClCG4CIK8XKwnoykyYvnKnWt.jpg,https://image.tmdb.org/t/p/w780,2025,11,medium,,[],
1454469,fr,Monikondee,"A participatory documentary along the Maroni River between Suriname and French Guiana. Boogie, a Maroon boatman, transports fuel and supplies to Maroon and indigenous communities in an 18-meter canoe. Each village becomes a stage transmitting fables, songs, and  stories, revealing cultural erosion and resilience. They face threats including gold mining, floods, and corporate intrusions. Caught between his responsibilities to the community and the demands of his work, Boogie embodies the tension between tradition and economy. The film explores colonial legacy, environmental crisis, and sovereignty through participatory filming.",0.04340000078082085,2025-11-20,Monikondee,0.0,0,https://image.tmdb.org/t/p/w342/342dLWudz1Kj05B5vxwr6hb6IWG.jpg,https://image.tmdb.org/t/p/w780/iJKNGFjyoppxVCI3zr0aNnyVrJx.jpg,2025,11,medium,,['Documentary'],Documentary
1576338,ja,阪神タイガース THE OFFICIAL MOVIE 2025 ―栄光の虎道（こどう）―,"The fastest league championship in history. The truth and behind-the-scenes story of that fierce battle. In 2025, the milestone year marking the 90th anniversary of the team's founding, the Hanshin Tigers achieved the historic feat of winning the league championship in the fastest time in history. What was the path to glory that Kyuji Fujikawa, the guardian angel who once thrilled Koshien with his fiery fastball, led in his first year as manager, led the team with his powerful pitching staff and devastating batting lineup? Relive the excitement with powerful game footage and behind-the-scenes coverage of fierce battles captured by team cameras. And through interviews with Manager Fujikawa and players, the untold truth is now revealed.",0.042899999767541885,2025-11-14,Hanshin Tigers THE OFFICIAL MOVIE 2025 - Glorious Tiger Path,0.0,0,https://image.tmdb.org/t/p/w342/5R07QVqPBhHZFvgAKLv1v4kMBVt.jpg,https://image.tmdb.org/t/p/w780,2025,11,medium,,['Documentary'],Documentary
1567688,de,Elon Musk Unveiled – The Tesla Experiment,"It's 2014 and tech billionaire Elon Musk unveils his plans for a self-driving car in front of an enthusiastic audience. What consumers don't know is that Tesla's ""autopilot"" function is far from road-ready, and new owners are being used to improve the software by providing their data. A fatal accident in Florida triggers a protracted lawsuit to hold Tesla accountable. And it's not the only incident. Shocking footage from dashcams and security cameras shows the ruthlessness of Tesla cars suddenly braking or accelerating—and the crashes that follow. Then, an employee leaks thousands of documents containing complaints from users.",0.042899999767541885,2025-11-16,Elon Musk Unveiled – The Tesla Experiment,0.0,0,https://image.tmdb.org/t/p/w342,https://image.tmdb.org/t/p/w780/8dsYvBzGhiQibycXgj5t54ZJVnW.jpg,2025,11,medium,,['Documentary'],Documentary
1559302,en,Ts and Ps,"Moments before a televised gun control debate between two prominent politicians, a tragic mass shooting occurs, forcing Rachel, a headstrong debate coach, to scope out a new plan last minute for her conservative boss.",0.042899999767541885,2025-11-15,Ts and Ps,0.0,0,https://image.tmdb.org/t/p/w342/lfHSPpI4fcR7pMBUrfzLN2pmgNx.jpg,https://image.tmdb.org/t/p/w780/uCeEnYdtXPlH1PQCtY46wlMKNeX.jpg,2025,11,medium,,"['Comedy', 'Drama']","Comedy, Drama"
1008593,zh,百川东到海,"During summer vacation, Xiaohai and his father live alone on the edge of the desert. As his father devoted himself to farming all day, Xiaohai felt very bored. In order to complete the summer vacation travelogue, Xiaohai came up with the idea of ​​sneaking to town to find his mother.",0.04230000078678131,2025-11-18,Summer Diary,0.0,0,https://image.tmdb.org/t/p/w342/wSMjDJ7yCLrPHksSdKmqAi7bD7O.jpg,https://image.tmdb.org/t/p/w780/hgj2ReGbprnolZmdsHATYerbZ4H.jpg,2025,11,medium,,"['Drama', 'Family']","Drama, Family"
1575080,fa,Comment,,0.0414000004529953,2025-11-25,Comment,0.0,0,https://image.tmdb.org/t/p/w342/fIqtpf3n6bJbiGJxXV2PH6sXBmd.jpg,https://image.tmdb.org/t/p/w780,2025,11,medium,,[],
1573350,ja,NJPW World Tag League 2025 - Day 5,"The fifth night of the World Tag League 2025 heavyweight tag team tournament took place on November 26, 2025, at Sendai Sun Plaza Hall in Sendai, Miyagi, Japan.",0.04129999876022339,2025-11-26,NJPW World Tag League 2025 - Day 5,0.0,0,https://image.tmdb.org/t/p/w342/d7r4EjlystmjwKmA5Elqg0fRTEx.jpg,https://image.tmdb.org/t/p/w780,2025,11,medium,,[],
1568599,fr,"Lionel Soukaz, le désir et le manque","Portrait of pioneering LGBT filmmaker Lionel Soukaz, who passed away in February 2025. His work lies at the crossroads of several film traditions that rarely intersect: experimental, activist, pornographic, and diary film. Based on both public and private interviews with Lionel Soukaz.",0.041200000792741776,2025-11-15,"Lionel Soukaz, le désir et le manque",0.0,0,https://image.tmdb.org/t/p/w342,https://image.tmdb.org/t/p/w780,2025,11,medium,,['Documentary'],Documentary
1576975,pt,BATE CABELO!,"BATE CABELO! unveils the story of an artistic creation that became a living symbol of memory, embodiment, and resistance.",0.041099999099969864,2025-11-16,WHIPPING HAIR!,0.0,0,https://image.tmdb.org/t/p/w342/msJuf9lqohzB3iADfPUgeQzWOGr.jpg,https://image.tmdb.org/t/p/w780/iySZchrhAIyxrTj6C1Z77Lx6DTq.jpg,2025,11,medium,,['Documentary'],Documentary
1575573,it,Nel blu dipinti di rosso,,0.041099999099969864,2025-11-27,Nel blu dipinti di rosso,0.0,0,https://image.tmdb.org/t/p/w342,https://image.tmdb.org/t/p/w780,2025,11,medium,,['Documentary'],Documentary
1320301,en,The Scatterer,"Professional Ash Scatterer, Arthur, takes a job from a mysterious past familiar in the middle of the outback. Memories blur with the present as Arthur seeks answers for the unanswerable.",0.04089999943971634,2025-11-30,The Scatterer,0.0,0,https://image.tmdb.org/t/p/w342/7YxnMPnTEEMw2dUVzMDQAMs5jfo.jpg,https://image.tmdb.org/t/p/w780,2025,11,medium,,['Drama'],Drama
1576462,en,αLPα,"After his arrest, Banyu, a punk vocalist, is sent to a moral rehabilitation center—where he meets Deri, the ghost of his past and the town’s respected cleric. Between rebellion and remorse, Banyu fights against the system that confines him, only to realize his only path to freedom lies within the last person on earth he wants to see.",0.04039999842643738,2025-12-01,αLPα,0.0,0,https://image.tmdb.org/t/p/w342/7jRhoGLatI0XxICnznVDCwaaXCW.jpg,https://image.tmdb.org/t/p/w780/k1sjszsashVQ8sAVNookpg4xvB6.jpg,2025,12,medium,,['Drama'],Drama
1576975,pt,BATE CABELO!,"BATE CABELO! unveils the story of an artistic creation that became a living symbol of memory, embodiment, and resistance.",0.041099999099969864,2025-11-16,WHIPPING HAIR!,0.0,0,https://image.tmdb.org/t/p/w342/msJuf9lqohzB3iADfPUgeQzWOGr.jpg,https://image.tmdb.org/t/p/w780/iySZchrhAIyxrTj6C1Z77Lx6DTq.jpg,2025,11,medium,,['Documentary'],Documentary
1575573,it,Nel blu dipinti di rosso,,0.041099999099969864,2025-11-27,Nel blu dipinti di rosso,0.0,0,https://image.tmdb.org/t/p/w342,https://image.tmdb.org/t/p/w780,2025,11,medium,,['Documentary'],Documentary
1320301,en,The Scatterer,"Professional Ash Scatterer, Arthur, takes a job from a mysterious past familiar in the middle of the outback. Memories blur with the present as Arthur seeks answers for the unanswerable.",0.04089999943971634,2025-11-30,The Scatterer,0.0,0,https://image.tmdb.org/t/p/w342/7YxnMPnTEEMw2dUVzMDQAMs5jfo.jpg,https://image.tmdb.org/t/p/w780,2025,11,medium,,['Drama'],Drama
1576462,en,αLPα,"After his arrest, Banyu, a punk vocalist, is sent to a moral rehabilitation center—where he meets Deri, the ghost of his past and the town’s respected cleric. Between rebellion and remorse, Banyu fights against the system that confines him, only to realize his only path to freedom lies within the last person on earth he wants to see.",0.04039999842643738,2025-12-01,αLPα,0.0,0,https://image.tmdb.org/t/p/w342/7jRhoGLatI0XxICnznVDCwaaXCW.jpg,https://image.tmdb.org/t/p/w780/k1sjszsashVQ8sAVNookpg4xvB6.jpg,2025,12,medium,,['Drama'],Drama
1575022,en,joseph gagnon - a self portrait,The trials and tribulations of Joseph Gagnon.,0.04039999842643738,2025-11-28,joseph gagnon - a self portrait,0.0,0,https://image.tmdb.org/t/p/w342/rdLvbuBB3kh5CFBzb51FfWOmx1M.jpg,https://image.tmdb.org/t/p/w780,2025,11,medium,,['Comedy'],Comedy
1574253,lt,Telieka tik pėdsakas,"When creating the film “Only a Trace Remains,” a connection was established between the film and soil fungi, without the authors expecting to receive any specific results in return. However, the microorganisms were generous. Although part of the film is no longer on the reel, its traces continue to circulate in the ecological system. How can this complex connection be described?",0.04039999842643738,2025-11-29,Let Them Vanish with a Trace,0.0,0,https://image.tmdb.org/t/p/w342,https://image.tmdb.org/t/p/w780,2025,11,medium,,['Documentary'],Documentary
1572828,zh,迷途,The world and I are lost.,0.04039999842643738,2025-11-21,Allegory of the Cave,0.0,0,https://image.tmdb.org/t/p/w342,https://image.tmdb.org/t/p/w780,2025,11,medium,,[],
1568800,ca,Asímptota (pilot),,0.04039999842643738,2025-11-15,Asímptota (pilot),0.0,0,https://image.tmdb.org/t/p/w342/yAD1GQkAkj8KvqfXAvlX6H7Fov6.jpg,https://image.tmdb.org/t/p/w780/KnL2f5QKJNtlE6wQAtqTZAWTLz.jpg,2025,11,medium,,['Drama'],Drama
1531394,en,unidentified,"From 1947 to 1969, the U.S. Air Force carried out a systematic study of unidentified flying object (UFO) sightings, codenamed “Project Blue Book.” Thousands of reports from American and European citizens were recorded during those years; more than 700 cases remained “unidentified.” The film reuses original documents from the now-declassified project, superimposing them over family footage from the same period. In the encounter between the domestic and the scientific, the familiar and the alien, a hidden portrait emerges of a nation haunted by its own astronomical obsessions.",0.04039999842643738,2025-11-16,unidentified,0.0,0,https://image.tmdb.org/t/p/w342/rJymUF8emnplzxISPbNEAQerHzF.jpg,https://image.tmdb.org/t/p/w780,2025,11,medium,,"['Documentary', 'Science Fiction']","Documentary, Science Fiction"
1375552,pt,Rosetta,"An extroverted, cheerful, dreamer, Rosetta was raised in the “Traveling Circus of Pitibiribas”. From a very young age, she dreamed of following her parents' profession and become a circus clown, but when offered the opportunity to perform in public for the first time, she gets nervous and gets her number wrong. Consumed with the feeling of failure, she runs away before she could fulfill her dream",0.03970000147819519,2025-01-31,Rosetta,0.0,0,https://image.tmdb.org/t/p/w342/U2mCPOLwv1rRt7orVMw28C3xPS.jpg,https://image.tmdb.org/t/p/w780/jmBb0oNiLYsLmN3oSizs87jC9dY.jpg,2025,1,medium,,"['Animation', 'Drama']","Animation, Drama"
1575250,ja,淫愛ラブホテル　ふしだらな逢瀬,Pink film by Yoshikazu Kato.,0.03929999843239784,2025-11-21,Lusty Love Hotel: Lewd Rendezvous,0.0,0,https://image.tmdb.org/t/p/w342,https://image.tmdb.org/t/p/w780,2025,11,medium,,[],
1572085,fr,L'adieu à la viande : la grande histoire des végétariens,,0.03929999843239784,2025-11-22,L'adieu à la viande : la grande histoire des végétariens,0.0,0,https://image.tmdb.org/t/p/w342,https://image.tmdb.org/t/p/w780,2025,11,medium,,"['Documentary', 'TV Movie']","Documentary, TV Movie"
1248497,en,The Organist,"At his father’s funeral, a young man wrestles with his impulses with the arrival of a last minute replacement organist.",0.03889999911189079,2025-11-16,The Organist,0.0,0,https://image.tmdb.org/t/p/w342/wu5vHuY7uYBA9fCzFZCKvO5Rlx.jpg,https://image.tmdb.org/t/p/w780,2025,11,medium,,[],
1576358,pt,Lar,,0.03869999945163727,2025-11-13,Lar,0.0,0,https://image.tmdb.org/t/p/w342/e2mX3r9lO9HH3zHd1H6pXPxu5DU.jpg,https://image.tmdb.org/t/p/w780,2025,11,medium,,['Documentary'],Documentary
1567465,es,Los caminantes de la calle,"In 2010, two rival Chinese mafia groups wage a hidden war within a silent, fearful immigrant community. As merchants are extorted and women are trafficked, a small family restaurant becomes the unlikely epicentre of the conflict. With the help of Officer Li and wiretaps in Cantonese, prosecutor Diana Belenguer launches a groundbreaking investigation. But when Xu, a mafia soldier, defies his clan to save a young victim, he becomes a target – hunted by his own brother. What begins as a wiretap case spirals into a high-stakes chase through Argentina’s criminal underworld.",0.03869999945163727,2025-11-14,Street Wanderers,0.0,0,https://image.tmdb.org/t/p/w342,https://image.tmdb.org/t/p/w780/m7Q9wpJXTOC16xYPIWn11ZWwLDl.jpg,2025,11,medium,,"['Thriller', 'Crime']","Thriller, Crime"
1277400,hi,Appu,"Elephant calf Appu undertakes perilous journey across ocean and treacherous forest to save father from poachers' grip, aided by loyal dog Tiger and runaway child Neena, uncovering his extraordinary abilities.",0.03869999945163727,2024-04-19,Appu,0.0,0,https://image.tmdb.org/t/p/w342/zCxIRomxyOrMKsYKIChRlK9HBLO.jpg,https://image.tmdb.org/t/p/w780/qAMH8LpJxAgGRRYK45IG14XIL93.jpg,2024,4,medium,,"['Animation', 'Comedy', 'Drama', 'Family']","Animation, Comedy, Drama, Family"
1575571,it,Mothers,,0.038600001484155655,2025-11-26,Mothers,0.0,0,https://image.tmdb.org/t/p/w342,https://image.tmdb.org/t/p/w780,2025,11,medium,,['Documentary'],Documentary
1424513,de,Der Tod ist ein Arschloch,"An unconventional undertaker and his team want to change radically how death and grief are tabooed in our society. Less reticence, more honesty, more empathy. But how do professional undertakers act when they have to handle cases that affect them personally and emotionally? A subtle, a concise documentary about Eric Wrede and his team in action.",0.03819999843835831,2025-11-27,Death Is an Asshole,0.0,0,https://image.tmdb.org/t/p/w342/67eFNsxX1gYHrCop93UvgrFOAbf.jpg,https://image.tmdb.org/t/p/w780/ctI418OTUwTnnhQJnqlq9u5QA7.jpg,2025,11,medium,,['Documentary'],Documentary
1576645,en,Alharaca en Rojo,"Axel, Avril, Nacho and Nicolás prepare to rob another gang. Things go south from then on.",0.03790000081062317,2025-11-19,Alharaca en Rojo,0.0,0,https://image.tmdb.org/t/p/w342,https://image.tmdb.org/t/p/w780,2025,11,medium,,[],
1575282,fr,What Are You Looking At?,The film is exploring the problematic relationship of our societies with animals. The anthropomorphization of animals in films contributes to 'human exceptionalism' provoking further issues in the coexistence of animals with humans. The film explores the story of a moon bear that is trying to find its way in a human dominated world out of its natural habitat.,0.03790000081062317,2025-11-13,What Are You Looking At?,0.0,0,https://image.tmdb.org/t/p/w342,https://image.tmdb.org/t/p/w780,2025,11,medium,,['Animation'],Animation
1575161,de,Gegenwarten,"At almost 90 years old, Monika is approaching the end of her life. Her mind is also starting to go. She’s suffering from dementia. It’s a good thing she has her granddaughter Emma for company during her final days in her home, which is full of history.",0.03790000081062317,2025-11-18,Passing On,0.0,0,https://image.tmdb.org/t/p/w342,https://image.tmdb.org/t/p/w780,2025,11,medium,,['Documentary'],Documentary
1573124,en,Metempsychosis - Prologue,A man finds himself in a mysterious hallway but whats lies within is the beginning of a treacherous journey from then on.,0.03790000081062317,2025-11-14,Metempsychosis - Prologue,0.0,0,https://image.tmdb.org/t/p/w342/rHczivrshV1RgLpZ1m9wqKLC8La.jpg,https://image.tmdb.org/t/p/w780/npFZ9ACfKg24PuCEpWEr6GefLCV.jpg,2025,11,medium,,"['Animation', 'Thriller', 'Horror', 'Science Fiction']","Animation, Thriller, Horror, Science Fiction"
1572923,en,Wolf,"A mixed-media animation in which artist Julie grapples with her imposter syndrome by coming into conflict with her newly developed werewolf personality, who would rather spend time with her band than focus on work. Now the two sides are at odds, as Julie's work deadline falls on the same day as her band's gig! Will she manage to be there for her friends by accepting her wilder side?",0.03790000081062317,2025-11-20,Wolf,0.0,0,https://image.tmdb.org/t/p/w342,https://image.tmdb.org/t/p/w780,2025,11,medium,,['Animation'],Animation
1568023,ar,بلياتشو غزة,"A portrait of the greatly beloved performer Alaa Meqdad. The bombings of Gaza City—where he once lived with his parents, sisters, wife, and children—have forced him and his family into a tent camp. With extraordinary optimism, he embraces life in the here and now, and tries to make it more enjoyable for others. Together with his partner, he performs as Aloosh the clown for children in hospitals and on the streets. Their jokes, songs, and boundless energy make the horrific reality momentarily disappear.",0.03790000081062317,2025-11-18,The Clown of Gaza,0.0,0,https://image.tmdb.org/t/p/w342,https://image.tmdb.org/t/p/w780,2025,11,medium,,['Documentary'],Documentary
1528840,es,No te las comas,,0.03790000081062317,2025-11-20,No te las comas,0.0,0,https://image.tmdb.org/t/p/w342,https://image.tmdb.org/t/p/w780/jt5cMd0mGOOWpgSmd67zEzK0xK8.jpg,2025,11,medium,,"['Horror', 'Thriller']","Horror, Thriller"
1575066,en,Nature,Showing the great visuals of nature,0.03680000081658363,2025-11-21,Nature,0.0,0,https://image.tmdb.org/t/p/w342/7Kq58cr0NtQbFtq8gc4PRLsn8T3.jpg,https://image.tmdb.org/t/p/w780,2025,11,medium,,['Animation'],Animation
1396549,es,Malas Raíces,,0.03680000081658363,2025-12-01,Malas Raíces,0.0,0,https://image.tmdb.org/t/p/w342/r7SiQZkzFrHPIZL0BU94eNTPXKY.jpg,https://image.tmdb.org/t/p/w780/968jnSXV5gnZ83B6p5BFmfegVel.jpg,2025,12,medium,,['Horror'],Horror
1574559,es,Plaza Mayor,"An intimate portrait of a city that no longer exists and another still under construction. Through celebrations, protests, everyday gestures, and images from the past, the film traces Gijón's transformation: from an industrial city to a tourist destination, from a battleground to a stage for spectacle. Faced with this transformation, the filmmaker returns to the plaza of his childhood and questions collective memory: who constructs it? What is forgotten? What remains outside the frame?",0.03629999980330467,2025-11-18,Plaza Mayor,0.0,0,https://image.tmdb.org/t/p/w342/o85Y2pJpaiwIRV5aLLvw3qdjves.jpg,https://image.tmdb.org/t/p/w780,2025,11,medium,,['Documentary'],Documentary
1573945,en,Frank Stares at Celestials,A group of people gather to observe two celestial bodies passing by.,0.03629999980330467,2025-11-23,Frank Stares at Celestials,0.0,0,https://image.tmdb.org/t/p/w342,https://image.tmdb.org/t/p/w780,2025,11,medium,,['Animation'],Animation
1576451,en,The Blue Screen Between Us,"Sara struggles to recall any good memories with her late father, Doni, and wishes to reconnect with him before the burial the next morning. Moreover, she discovers his secret that makes her feel estranged from him. When she touches her father’s corpse, a blue vision appears . A magical bridge that allows them to speak. This becomes her chance to mend their once-distant relationship. Driven by guilt, Sara tries to create one last good memory with her father.",0.03620000183582306,2025-12-01,The Blue Screen Between Us,0.0,0,https://image.tmdb.org/t/p/w342/wnHNgcV83zL9ODg0HvTm1foDmqR.jpg,https://image.tmdb.org/t/p/w780/pHNWk1XXUjSWRLL5itCgyH41xfG.jpg,2025,12,medium,,['Drama'],Drama
1574849,en,Wînipêk,"This documentary explores Indigeneity in prairie settings, highlighting feelings of disconnection and the desire for kinship with the Land. Through contrasting experiences and landscapes, it reflects on cultural dispossession and the ongoing journey to reconnect with one’s roots.",0.03620000183582306,2025-11-27,Wînipêk,0.0,0,https://image.tmdb.org/t/p/w342,https://image.tmdb.org/t/p/w780,2025,11,medium,,[],
1574846,en,Cross,"An Indigenous woman, Sarah, recounts to her grandson Devin a story from her time in Residential School, when she was believed to be possessed by a demon.",0.03620000183582306,2025-11-27,Cross,0.0,0,https://image.tmdb.org/t/p/w342/jdFCM2IvYj2NG9DMDTHd6EjsiNu.jpg,https://image.tmdb.org/t/p/w780,2025,11,medium,,"['Drama', 'Horror']","Drama, Horror"
1570241,es,Utopías y otras especies,,0.03620000183582306,2025-11-24,Utopías y otras especies,0.0,0,https://image.tmdb.org/t/p/w342/ar9AFzqCT1vReGUmAcnAgGOgqSf.jpg,https://image.tmdb.org/t/p/w780,2025,11,medium,,['Documentary'],Documentary
1567720,en,The Cycle of Life,"A Viennese eater, painter, and chef cooks twelve seasonal dishes inspired by sketches that reflect the stages of human life, from conception to death. The Cycle of Life is a poetic meditation on the transience of existence and the eternal nature of human beings.",0.03620000183582306,2025-11-13,The Cycle of Life,0.0,0,https://image.tmdb.org/t/p/w342/rTFkU8WS4cvDvyGU6vknjDPSExG.jpg,https://image.tmdb.org/t/p/w780/yrJ3RYMomdswMNeh89QS7GeWsME.jpg,2025,11,medium,,['Documentary'],Documentary
1566327,it,03:16 Parte 1 e 2,,0.03620000183582306,2025-11-30,03:16 Parte 1 e 2,0.0,0,https://image.tmdb.org/t/p/w342/33nuLk4Hld8ZI7VVfcHuTJLBAXN.jpg,https://image.tmdb.org/t/p/w780,2025,11,medium,,"['Thriller', 'Horror', 'Action']","Thriller, Horror, Action"
1549421,de,Wohin mit mir?,"Majd and Shahfaisal live together in a residential group for unaccompanied refugee minors in Germany. Here, in the protected environment of the group, for the first time after fleeing, they should be able to live a life true to who they really are: teenagers who are just developing a personality, have dreams and are looking for their place in society. But how is this supposed to work if they are not even part of this society due to their refugee status?",0.03620000183582306,2025-11-14,Where do I go from here?,0.0,0,https://image.tmdb.org/t/p/w342/wixaSPO0gQ7dAvz0qVg3sK4sZ2y.jpg,https://image.tmdb.org/t/p/w780,2025,11,medium,,['Documentary'],Documentary
1506904,en,Ascent,"Rhys pushes himself by walking up a steep hill, however this strenuous challenge is met by another: a person.",0.03620000183582306,2025-11-12,Ascent,0.0,0,https://image.tmdb.org/t/p/w342/xaI2ch25TU0UtfiCRKWLRNbfS6G.jpg,https://image.tmdb.org/t/p/w780,2025,11,medium,,['Drama'],Drama
1416490,en,Azrag,"Immersed in a daily life where actions repeat, and hours seem to dissolve, this animated film unveils the deep pain hidden within the crushing monotony of the work routine.",0.03620000183582306,2025-12-01,Millstone,0.0,0,https://image.tmdb.org/t/p/w342/pychSmk8qW3buXzrOTKLpFquCZH.jpg,https://image.tmdb.org/t/p/w780,2025,12,medium,,"['Drama', 'Mystery']","Drama, Mystery"
1036984,en,The Favour,"After their friend takes his own life, two young Scottish men scramble to cover up the suicide and keep the truth about the incident from coming out, with devastating consequences.",0.03620000183582306,2025-11-30,The Favour,0.0,0,https://image.tmdb.org/t/p/w342/oQbvJaW1izbvNMtzaEXcLF9u0Ig.jpg,https://image.tmdb.org/t/p/w780/eckNE0pXMHWgc2mN4oylnPfSKQ4.jpg,2025,11,medium,,['Drama'],Drama
1576770,en,Twelfth Night,"Join us to revel in the midsummer madness as twins Sebastian and Viola survive shipwreck, revenge plots, and the trick doors of love. The Public’s Associate Artistic Director and Resident Director, Tony Award nominee Saheem Ali directs this joyful romp welcoming all of New York back to the magic of Central Park’s beloved theater.",0.03610000014305115,2025-11-14,Twelfth Night,0.0,0,https://image.tmdb.org/t/p/w342,https://image.tmdb.org/t/p/w780,2025,11,medium,,[],
1565023,zh,紅隙,"In Taipei New Park, a woman uses a device meant to find hidden cameras but accidentally brings the park’s statues to life. These statues, linked to Taiwan’s colonial past, seem to rise to avenge a tragic plane crash during a 1964 national day’s military parade under Chiang Kai-shek’s military law.",0.0357000008225441,2025-11-14,The Fissure of the Red Sight,0.0,0,https://image.tmdb.org/t/p/w342,https://image.tmdb.org/t/p/w780/8Z6CbtUFDoctjuAb2Bq76ZmENqn.jpg,2025,11,low,,[],
1564151,hr,Priroda i poezija,"Selma and her nephew Dino go on a hiking trip, discovering that, while in nature, true borders don't just come from their surroundings, but alss from deep within themselves.",0.0357000008225441,2025-11-12,Nature and Poetry,0.0,0,https://image.tmdb.org/t/p/w342/muTnEiRaG9ZbaFWrsvaWg1Xu97Y.jpg,https://image.tmdb.org/t/p/w780,2025,11,low,,['Drama'],Drama
1551173,de,Bunker,"Shot on 35mm film and hand-developed on negative stock, this abstract experimental animation immerses the viewer in the psychological atmosphere of life inside a bunker. Through distorted visuals and fragmented rhythms, it explores the blurred line between physical confinement and mental unraveling. As the shelter becomes a pressure chamber of the soul, hallucinations and inner fears begin to seep through the cracks. The film is less a narrative than a sensory experience — a descent into the emotional and perceptual dissonance of isolation.",0.0357000008225441,2025-11-12,Bunker,0.0,0,https://image.tmdb.org/t/p/w342/tJeCkLrc1HVO4N7i3oUoXxWOIRq.jpg,https://image.tmdb.org/t/p/w780,2025,11,low,,['Animation'],Animation
1540948,pt,Maní,"While preparing a traditional lunch, a young man revisits memories and conversations with his family on a journey of affection, culture and ancestry.",0.0357000008225441,2025-11-17,Maní,0.0,0,https://image.tmdb.org/t/p/w342/2hcukFBO5s60k7qCCC28WULcbxF.jpg,https://image.tmdb.org/t/p/w780/kxjcsc9warJJZdwcuiN77lEUylA.jpg,2025,11,low,,"['Drama', 'Family']","Drama, Family"
1493559,en,The Shape of Invisible Skies,"Seven shapes. Same sky. Lost, found, and lost again. Two souls meet across seven lifetimes — always in the spaces between.",0.0357000008225441,2025-07-17,The Shape of Invisible Skies,0.0,0,https://image.tmdb.org/t/p/w342/dqZihdEq3xO8ZA4KlZcD0XOXUFx.jpg,https://image.tmdb.org/t/p/w780/aGrPlms020xXlW1ZF0Z6IPXrMbV.jpg,2025,7,low,,"['Adventure', 'Drama', 'Fantasy', 'Romance', 'Music']","Adventure, Drama, Fantasy, Romance, Music"
1493020,fr,7 Jours en Juin,,0.0357000008225441,2025-11-19,7 Jours en Juin,0.0,0,https://image.tmdb.org/t/p/w342/kVvlE3EEyfwIulYtywErgFAG4sf.jpg,https://image.tmdb.org/t/p/w780,2025,11,low,,['War'],War
1475780,en,Are You a Friend of Dorothy?,"In the 1950s, a seasoned police detective is assigned to investigate a suspected homosexual couple, forcing him to confront the morality of his duty in a world where justice and prejudice collide.",0.0357000008225441,2025-11-17,Are You a Friend of Dorothy?,0.0,0,https://image.tmdb.org/t/p/w342/7RMBXASsIdOxVP7AYeOZzGvUsom.jpg,https://image.tmdb.org/t/p/w780/elL5kP1ARCGaGcKcYpE5Fyu3F4b.jpg,2025,11,low,,['Drama'],Drama
1282818,es,Naiki weeria. Ka gotti ba´a betuk luula,"A devastated town, the history that hurts and a forgiveness that has not yet come. Serapio, a young Yoeme, questions whether resentment is inherited.",0.0357000008225441,2025-11-20,Chapter 4: Beneath The Waves,0.0,0,https://image.tmdb.org/t/p/w342/tq5eo3pAVfLyJUc0bnM8k51go67.jpg,https://image.tmdb.org/t/p/w780,2025,11,low,,['Documentary'],Documentary
1549300,ja,木乃婦 - 食、伝統、アイデンティティ,"The film centers on Takuji Takahashi, the third-generation chef-owner of Kinobu, who honors the deep roots of Japanese cuisine while boldly reimagining its future. A practitioner of Noh theater for over 20 years, Takahashi brings its disciplined intensity and calm precision into his high-pressure kitchen, crafting dishes that are as delicate as they are inventive. As a trained sommelier, he also collaborates with a Japanese winemaker to develop wines that pair seamlessly with his cuisine.",0.034699998795986176,2025-11-14,"Kinobu: Food, Tradition & Identity",0.0,0,https://image.tmdb.org/t/p/w342/5pksmxeJh8UUWkQCvAmYnxyoKSg.jpg,https://image.tmdb.org/t/p/w780/xzu8ppgVsK9DMxX19Hjc1nirT3q.jpg,2025,11,low,,['Documentary'],Documentary
1576199,fr,Rapaces,,0.033900000154972076,2025-11-15,Rapaces,0.0,0,https://image.tmdb.org/t/p/w342/2Msa7fySR4HZH1mPXI2v2wLIa2o.jpg,https://image.tmdb.org/t/p/w780/qhskeWRypN6xCwt2vVlK02s8dAF.jpg,2025,11,low,,[],
1575138,fr,Cazafortuna,"Daniela, a wife and mother, is celebrating her birthday. She spends the morning with Javier, her neighbor and secret lover. But how will she be able to hide from her husband the exquisite necklace that Javier has given her?",0.033799998462200165,2025-11-18,Cazafortuna,0.0,0,https://image.tmdb.org/t/p/w342/bv7Ygc8z1FcTNY6IIcfh3MfOaKK.jpg,https://image.tmdb.org/t/p/w780,2025,11,low,,['Animation'],Animation
1574593,es,Saltar,"Saltar is a documentary essay that breaks the silence surrounding suicide to explore the reality of a region with the highest suicide rate in the country. Through different characters, places, and situations, we learn how suicide is experienced when it has become relatively commonplace.",0.033799998462200165,2025-11-19,Saltar,0.0,0,https://image.tmdb.org/t/p/w342/wdiUrMOjdXKwx6SnGFUxzHu6z9Q.jpg,https://image.tmdb.org/t/p/w780,2025,11,low,,['Documentary'],Documentary
1567482,fr,Deleau: Le cinéma en liberté,"A humanistic documentary about the “soul” of the Directors' Fortnight at Cannes, a formidable facilitator, a passionate man thirsty for novelty and the avant-garde: Pierre-Henri Deleau.",0.033799998462200165,2025-11-28,Deleau: Le cinéma en liberté,0.0,0,https://image.tmdb.org/t/p/w342/jrEBFWdOF5YCZNu19IQTUATkXE7.jpg,https://image.tmdb.org/t/p/w780,2025,11,low,,[],
1564854,lt,Pingvinas ir balandis,"It’s an ordinary evening in the neighborhood: the residents are at home, quietly watching TV. Like everyone else, Penguin loves spending time in front of the screen – alone and undisturbed. However, a new neighbor, Pigeon, moves in, and he enjoys different things – a good party. Unable to share limited resources, the birds start a conflict that can lead to only one thing – catastrophe.",0.033799998462200165,2025-11-13,Backstreet Birds,0.0,0,https://image.tmdb.org/t/p/w342,https://image.tmdb.org/t/p/w780,2025,11,low,,['Animation'],Animation
1541286,en,Theatre of Horrors: The Sordid Story of Paris' Grand Guignol,"In 1897, when Bram Stoker published Dracula, Oscar Méténier invented the Grand-Guignol. Live depictions of death, bloody melodramas, screams of the victims and the audience: here is the story of this Parisian theater of horrors that revolutionized the depiction of death in art.",0.033799998462200165,2025-11-20,Theatre of Horrors: The Sordid Story of Paris' Grand Guignol,0.0,0,https://image.tmdb.org/t/p/w342/edHxdnORd4KWT2s7Y6NRaG23YdQ.jpg,https://image.tmdb.org/t/p/w780/1pjs3eniux7n0jDx9RkhVsyHaSF.jpg,2025,11,low,,['Documentary'],Documentary
1491110,en,Tough Love,"After accidentally killing one of her clients, a recently divorced housewife turned dominatrix must figure out what to do next - all while dealing with her manipulative teenage son.",0.033799998462200165,2025-11-17,Tough Love,0.0,0,https://image.tmdb.org/t/p/w342/raD3sFFV0dINqn7Ti2ckZi6FHBw.jpg,https://image.tmdb.org/t/p/w780,2025,11,low,,['Comedy'],Comedy
1453488,en,Terminus,"A struggling middle-aged bus driver, trapped in the monotony of his routine, is faced with an alternative that could finally change everything.",0.033799998462200165,2025-03-28,Terminus,8.0,1,https://image.tmdb.org/t/p/w342/phGPwE4MgGhANFuKrl80g1yTGJe.jpg,https://image.tmdb.org/t/p/w780/k9r0t0W575quMTWvkGSqIkWkdMK.jpg,2025,3,low,good,"['Drama', 'Horror', 'Science Fiction']","Drama, Horror, Science Fiction"
1445776,es,Seamos mejores,"An interior monologue mourns a past relationship. In the present, the revenge plan of a broken heart.",0.033799998462200165,2025-11-21,A Ghosting Story,0.0,0,https://image.tmdb.org/t/p/w342/wlGyaM2pGH2lR6xilC0qOix3jm7.jpg,https://image.tmdb.org/t/p/w780/iiepaLa3pwybuwlMPz7P4vlSSds.jpg,2025,11,low,,[],
1574453,tr,İbi: Uzay Görevi,,0.03359999880194664,2025-11-28,İbi: Uzay Görevi,0.0,0,https://image.tmdb.org/t/p/w342/p5DaBDHjSoZ21tlQAph9AWJLctb.jpg,https://image.tmdb.org/t/p/w780,2025,11,low,,['Animation'],Animation
1569978,en,Attack On Allford 2: Army Of Alex,"Following the tragic and chaotic battle that left everyone in shock, the legendary, action-packed saga continues, as shorter-than-average student Rio Allford battles his inner demons, gathers his troops and fights to take down the 'Army of Alex'.",0.03310000151395798,2025-11-27,Attack On Allford 2: Army Of Alex,0.0,0,https://image.tmdb.org/t/p/w342/cq1buMx4WBlHvO0CcsFrlDskltI.jpg,https://image.tmdb.org/t/p/w780/4zihiuahKuGVsgeeov89z73vMEJ.jpg,2025,11,low,,"['War', 'Comedy', 'Action']","War, Comedy, Action"
1575435,fr,Let Me Run,,0.03269999846816063,2025-11-20,Let Me Run,0.0,0,https://image.tmdb.org/t/p/w342/pXnNrE3Kq8BOy0ASJH8WNrpojeT.jpg,https://image.tmdb.org/t/p/w780/x5FAotb0kl5mG3CBUTc3JJbbz3b.jpg,2025,11,low,,['Documentary'],Documentary
1574212,no,"Papaya - Tettere, nærmere, värmere",,0.03269999846816063,2025-12-01,"Papaya - Tettere, nærmere, värmere",0.0,0,https://image.tmdb.org/t/p/w342,https://image.tmdb.org/t/p/w780,2025,12,low,,['Documentary'],Documentary
1471499,en,"Angpao, diskarteng Badjao","The story explores the life of three Badjao brothers, Diether, Rakmel, and Agi, who beg on jeepneys. This documentary captures the difficult realities the siblings face every day in the bustling streets of Manila, where they are often unnoticed and ignored by society. By speaking out and supporting initiatives to alleviate inequity,  Angpao, diskarteng Badjao encourages viewers to acknowledge these problems and take action.",0.03269999846816063,2025-11-25,"Angpao, diskarteng Badjao",0.0,0,https://image.tmdb.org/t/p/w342/hMJuunic163QlOnddWdYVeDCiQA.jpg,https://image.tmdb.org/t/p/w780/dxBbdYvVWrp5q4XBEdULCZrMLxT.jpg,2025,11,low,,['Documentary'],Documentary
1547510,en,she’s waiting for the sunset,"To break image curses, a filmic time capsule is opened early and introspective musings meant for the future seep out",0.03220000118017197,2025-11-29,she’s waiting for the sunset,0.0,0,https://image.tmdb.org/t/p/w342,https://image.tmdb.org/t/p/w780,2025,11,low,,['Documentary'],Documentary
1506756,es,Muertos Que No Son Muertos,"While filming a so-called exorcism, the host of the TV show ""Muertos Que No Son Muertos"" faces his worst fear: a rural house where absolutely nothing paranormal happens.",0.03220000118017197,2025-12-02,Muertos Que No Son Muertos,0.0,0,https://image.tmdb.org/t/p/w342/uvJNAQPDcIIcw10zjZw8BR6OytU.jpg,https://image.tmdb.org/t/p/w780,2025,12,low,,"['Comedy', 'Horror']","Comedy, Horror"
1353154,en,Not Another Christmas Movie,"In this spoof of holiday-themed movies, a cynical 21-year-old loser spends Christmas Eve home alone while comically disguised thieves cause mischief.",0.03180000185966492,2025-11-14,Not Another Christmas Movie,0.0,0,https://image.tmdb.org/t/p/w342/egTd89xuE8n7cufb9okBYBU7CCG.jpg,https://image.tmdb.org/t/p/w780/ai1izFM3vKdiMj9A5PH5QnisuPd.jpg,2025,11,low,,['Comedy'],Comedy
1575925,en,The Lost Boys of Carbis Bay,"A short documentary following a daring band of unlikely explorers embarking on a quest to uncover the forgotten mines of Cornwall, only to unearth an unexpected journey of self-discovery. For this motley crew, the pursuit of the unknown serves as a cathartic release, allowing them to momentarily cast aside their worries and reset for the challenges of everyday life. Transcending mere adrenaline urges, the group becomes a vital means of connection and understanding, underscoring the importance of community in our lives.",0.03139999881386757,2025-11-21,The Lost Boys of Carbis Bay,0.0,0,https://image.tmdb.org/t/p/w342/3heL8XirNduNK4R8vtdHJ83fRiF.jpg,https://image.tmdb.org/t/p/w780/seBXJbQftHHOIA8eGg0WqWT0RTR.jpg,2025,11,low,,['Documentary'],Documentary
1577065,en,Origins Of Islam In The Seventh Century,The documentary studies the inception of Islam and its development up till now.,0.031099999323487282,2025-11-30,Origins Of Islam In The Seventh Century,0.0,0,https://image.tmdb.org/t/p/w342,https://image.tmdb.org/t/p/w780,2025,11,low,,"['History', 'Documentary']","History, Documentary"
1575563,pt,Protocolo do Silêncio,"Clara, a newly hired nurse at a psychiatric hospital, witnesses abuse in the institution’s neglected wards. When she tries to report the torture of a patient, she ends up being interrogated by the police. But instead of clarifying the facts, her answers only deepen the suspicions.",0.031099999323487282,2025-11-28,The Silence Protocol,0.0,0,https://image.tmdb.org/t/p/w342/eisvGiFazmrrBOIFbtWQk75ZbQF.jpg,https://image.tmdb.org/t/p/w780/2hGTsgsLo4LRQJYrmbdRkpsuaL3.jpg,2025,11,low,,"['Thriller', 'Horror']","Thriller, Horror"
1575332,ko,숭고한 통역,,0.031099999323487282,2025-11-13,You've Got Messenger,0.0,0,https://image.tmdb.org/t/p/w342/7COWQ5GCIeCLjekRu8OjuJbdPQ9.jpg,https://image.tmdb.org/t/p/w780,2025,11,low,,"['Romance', 'Drama']","Romance, Drama"
1570389,fr,Leur existence,"In the city, atop a mountain, and out in space, amateur radio operators wander through the airwaves in search of human connections.",0.031099999323487282,2025-11-25,Leur existence,0.0,0,https://image.tmdb.org/t/p/w342/q6G05W82D2zyKYavyXHbEAWQwwp.jpg,https://image.tmdb.org/t/p/w780/4vEdrVkC6k7Unr7v5ghtnNhJ1tk.jpg,2025,11,low,,[],
1567796,es,Nuestro cuerpo es una estrella que se expande,"Two siblings, their queer bodies and the deep bond they share. They read the brown skin they once wished they didn’t have as a landscape. Associatively, with extreme close-ups, animations, projections or razor-sharp nature photography, pores become desert landscapes, skin cells become salt flats.",0.031099999323487282,2025-11-17,Our Body Is an Expanding Star,0.0,0,https://image.tmdb.org/t/p/w342,https://image.tmdb.org/t/p/w780,2025,11,low,,['Documentary'],Documentary
1484329,de,woman/mOther,"Since the birth of her child, dancer Mara has been feeling lonely and disconnected from her creativity. Together with the director, her friend Klara, she is finally planning another dance performance.",0.031099999323487282,2025-11-20,woman/mOther,0.0,0,https://image.tmdb.org/t/p/w342,https://image.tmdb.org/t/p/w780,2025,11,low,,['Documentary'],Documentary
1575776,gl,Historia dunha bicicleta (sen aire nas rodas e chea de po),A girl decides to clean her old bike and take a ride by the sea. She hopes this will make her feel better.,0.03060000017285347,2025-12-01,Story of a flat-tired bicycle,0.0,0,https://image.tmdb.org/t/p/w342/yuv12ekJbwG6xFGiaKhP8ezxtky.jpg,https://image.tmdb.org/t/p/w780/qTA4UAeDw3DhpC6pwJYrK5LAK6y.jpg,2025,12,low,,['Drama'],Drama
1576512,en,Over the Kitchen Table,"After years of being silenced through violent opposition, Norma Burton, one of the key founders of the first women’s shelter in Tulsa, OK, tells an untold story of the battered women's movement. In the late 1970s and early 1980’s LGBTQ, BIPOC, and formerly abused women across the US gathered in secret to create a grassroots movement that became today's National Coalition Against Domestic Violence, despite persecution and death threats. Norma recounts to her daughter, director Nisha Burton, how she and her collaborators alerted the police of rising cases of domestic violence and ultimately decided to take matters into their own hands by conducting support gatherings in their homes around the kitchen table. These meetings led to the founding of the first battered women’s shelter in Tulsa, OK in 1975. The years that followed were filled with harassment and verbal and physical attacks on Norma and fellow organizers, but today these courageous advocates continue to support the movement.",0.02969999983906746,2025-11-16,Over the Kitchen Table,0.0,0,https://image.tmdb.org/t/p/w342/6oliG81Qe41T4bpnxvWccSQCSAy.jpg,https://image.tmdb.org/t/p/w780,2025,11,low,,['Documentary'],Documentary
1575134,es,When the Herons Return,The lamentations of a missing person’s mother lead a murderer suffering from amnesia to question his actions. He travels to the spot in the jungle where he murdered and buried his most recent victim.,0.02969999983906746,2025-11-17,When the Herons Return,0.0,0,https://image.tmdb.org/t/p/w342,https://image.tmdb.org/t/p/w780,2025,11,low,,['Drama'],Drama
1573897,de,rare earths,"An island in the middle of nowhere, horizon, sea, trees, earth—and screens. What to refer to, what to orient oneself by? A stream of consciousness between superficial observation and introspection in search of orientation.",0.02969999983906746,2025-11-20,rare earths,0.0,0,https://image.tmdb.org/t/p/w342,https://image.tmdb.org/t/p/w780,2025,11,low,,[],
1541496,de,Burning Memory,,0.02969999983906746,2025-11-20,Burning Memory,0.0,0,https://image.tmdb.org/t/p/w342/dlGSOdiSKc8BepndC1jdwiNWy2u.jpg,https://image.tmdb.org/t/p/w780/7yXPA3UWGVHzMCgjOxhCqxt7Cb4.jpg,2025,11,low,,['Drama'],Drama
1575156,pl,Algorytm życia,,0.028599999845027924,2025-11-27,Algorytm życia,0.0,0,https://image.tmdb.org/t/p/w342,https://image.tmdb.org/t/p/w780,2025,11,low,,['Drama'],Drama
1574185,fr,W9 comedy show,,0.028599999845027924,2025-11-18,W9 comedy show,0.0,0,https://image.tmdb.org/t/p/w342/hCYu49VQflQlVZFwnA8Eregr2Gy.jpg,https://image.tmdb.org/t/p/w780/bXw03loE8dL7lbre0jCcRcqPMYP.jpg,2025,11,low,,"['Comedy', 'Family']","Comedy, Family"
1568191,en,Truck Mama,"“My family was shocked when they found out that I'm driving,” says Eva, a Kenyan woman, as she sits behind the wheel of a truck, heavily pregnant. She botched up her school years and was the only one in her family not to graduate. Pretty foolish, she admits in hindsight, but now she is glad to have chosen a profession she can be proud of. She sees more of the world than her brothers and sisters do.",0.028599999845027924,2025-11-14,Truck Mama,0.0,0,https://image.tmdb.org/t/p/w342,https://image.tmdb.org/t/p/w780,2025,11,low,,['Documentary'],Documentary
1568190,el,Ιστορίες Ενός Ψέματος,"During a stay in her native Greece, Olia hears that her friend Sofia has cancer. Her doctors and family are keeping the illness hidden from her, and Olia isn’t allowed to give anything away either. She decides to investigate the rationale behind this practice.",0.028599999845027924,2025-11-17,Stories of a Lie,0.0,0,https://image.tmdb.org/t/p/w342,https://image.tmdb.org/t/p/w780,2025,11,low,,['Documentary'],Documentary
1567979,fr,Triangle,"A mother goes through a box of keepsakes, showing photographs and reading love letters out loud in a soft voice. Meanwhile a father leafs through an ethnography book, then fixes his gaze on a single, significant photograph. These are the parents of French-Vietnamese filmmaker Anaël Dang, who, 21 years ago, received an envelope with life-changing contents.",0.028599999845027924,2025-11-15,Triangle,0.0,0,https://image.tmdb.org/t/p/w342,https://image.tmdb.org/t/p/w780,2025,11,low,,['Documentary'],Documentary
1567971,pt,Rio Infinito,"Thousands of workers take the ferry across Lisbon’s Tagus River every day. They’re commuters just like those you see everywhere in buses, trains and subways. In the ceaseless flow of humanity they disappear anonymously into the crowd. This film is Gonçalo Pina’s cinematic tribute to these “invisibles.”",0.028599999845027924,2025-11-15,Infinity River,0.0,0,https://image.tmdb.org/t/p/w342,https://image.tmdb.org/t/p/w780,2025,11,low,,['Documentary'],Documentary
1567757,es,El borde de las cosas,"A taxi driver who works at night takes us through different stories unfolding simultaneously in the city of Buenos Aires. While she desperately searches for an organizing principle that gives meaning to her life, the other characters are pushed to their own limits.",0.028599999845027924,2025-11-13,The Edge of Things,0.0,0,https://image.tmdb.org/t/p/w342/wm2I8VISGl979aVBveT3XSpvmae.jpg,https://image.tmdb.org/t/p/w780,2025,11,low,,[],
1567702,es,Mientras tanto,"Diana wakes up in her beach house when her ventilator fails. In an imaginary conversation with her father, Astor Piazzolla, she reveals what she could never tell him in life, until her final words reveal that she, too, has died.",0.028599999845027924,2025-11-13,Meanwhile,0.0,0,https://image.tmdb.org/t/p/w342/7P61ugYFlGlv5axrU4HCFzqOAb.jpg,https://image.tmdb.org/t/p/w780,2025,11,low,,['Documentary'],Documentary
1567488,fr,Baie James 1975 : le choc des nations,"A dive into the origins of two revolutions: the rapid expansion of Hydro-Québec with the construction of the La Grande hydroelectric power plant, a project championed by Premier Robert Bourassa, and the awakening of Indigenous nations. A clash of civilizations where two worldviews collide. Quebec, buoyed by the momentum of the Quiet Revolution, takes control of its destiny. Meanwhile, in the North, young Inuit and Cree rise up for the first time to protect what is most precious to them: their land and their culture. At the heart of the conflict is the James Bay construction site, the largest of its kind in North America.",0.028599999845027924,2025-11-14,James Bay 1975,0.0,0,https://image.tmdb.org/t/p/w342,https://image.tmdb.org/t/p/w780,2025,11,low,,[],
1565213,es,Un Chot@ Amor,"Martin is a young man who is kidnapped by Mica, a psychopath obsessed with finding a partner. Over the course of one night, Martin will be subjected to all kinds of bloody torture and visceral offerings from Mica, with the added misfortune of being allergic to blood.",0.028599999845027924,2025-12-01,A D*** Love,0.0,0,https://image.tmdb.org/t/p/w342/qJmvT383sqgXKIuFgm3EqcY2leF.jpg,https://image.tmdb.org/t/p/w780,2025,12,low,,"['Comedy', 'Thriller', 'Horror']","Comedy, Thriller, Horror"
1559422,ro,Un loc sigur,"Lucia has everything a woman could want. A loving husband and son. The opportunity to devote herself entirely to her family. A lifelong friendship with Cristina, which began during their university days. Yet, amid the intoxicating idyllic summer holiday, Lucia can feel nothing but longing for the person she once was. Lucia and Cristina, accompanied by their husbands, spend the summer in a small beach village whose charm has faded over time. Behind a façade of peace and security, Lucia finds herself drawn to everything that is not handed to her on a silver platter. An unattainable man from her past emerges in their holiday group, giving her a reason to hunt. Because life should not be without a bite.",0.028599999845027924,2025-11-13,A Safe Place,0.0,0,https://image.tmdb.org/t/p/w342,https://image.tmdb.org/t/p/w780/ithCISxluzc9fdVV0T3SBy7fSiB.jpg,2025,11,low,,['Drama'],Drama
1556891,en,为你省下的113个字,"A team of workers is sent to planet Gliese 12b to build a gravitational portal. To conserve energy for survival on the frozen planet, each worker is allowed to speak only 113 words per day.",0.028599999845027924,2025-08-07,113 Words for You Today,0.0,0,https://image.tmdb.org/t/p/w342/xeZ9PCLZh7qiq6Xdw6XtYPbtN05.jpg,https://image.tmdb.org/t/p/w780/os5wwTZ8VSOGc47yD8LPod6ZtFv.jpg,2025,8,low,,"['Science Fiction', 'Drama', 'Romance', 'Animation']","Science Fiction, Drama, Romance, Animation"
1552447,th,Pellatree Family,,0.028599999845027924,2025-11-20,Pellatree Family,0.0,0,https://image.tmdb.org/t/p/w342/6scV1U3z1zrltFCuw0wuJmolslK.jpg,https://image.tmdb.org/t/p/w780/kVb2GZDBr2Bv9S3xkcAcY6HGRIL.jpg,2025,11,low,,"['Horror', 'Mystery']","Horror, Mystery"
1550392,id,Anak Macan,"Eki, living by the landfill, searches for a memento to honor his late mother. Battling the relentless rain, landslides, and looming threats from scavengers and machinery, he fears her memory could be lost beneath the waste forever.",0.028599999845027924,2025-11-14,My Plastic Mother,0.0,0,https://image.tmdb.org/t/p/w342/32c8r92bpL5LgfolW5B1w2iXbAT.jpg,https://image.tmdb.org/t/p/w780,2025,11,low,,[],
1542946,en,What's in your Bag?,"It starts, predictably, with the benign. An interview, a celebrity with effortless charm, a designer bag, and the familiar ritual of personal revelation in this “inside look” series – shallow as it is invasive. The host’s expectation for sanitized intimacy is soon subverted, as a polished, white smile transforms into something far more dangerous. With a jarring laugh, the actress removes not a lip gloss, nor a compact, but an ASP baton. She laughs, still performing for the camera, then strikes the host violently. This isn’t merely a shock. It’s a coup, an overthrow of the modern internet theater’s safe spaces and a descent into total rupture. The viewer is helplessly ensnared in the chaos, a witness unable to turn away.",0.028599999845027924,2025-11-25,What's in your Bag?,0.0,0,https://image.tmdb.org/t/p/w342/9Ys6x9iRr9TCEQGapma3pXAhKV5.jpg,https://image.tmdb.org/t/p/w780,2025,11,low,,[],
1530607,ku,In the Shadow,Kavan is a teenage boy with Down syndrome who lives with his mother and older brother. His father passed away many years ago.,0.028599999845027924,2025-11-15,In the Shadow,0.0,0,https://image.tmdb.org/t/p/w342,https://image.tmdb.org/t/p/w780,2025,11,low,,[],
1480529,en,Little Star,"A man haunted by his past is led on a surreal, dark journey through the night, only to be confronted by his sins in the presence of the stars he once loved...",0.028599999845027924,2025-11-24,Little Star,0.0,0,https://image.tmdb.org/t/p/w342/p7LV2EWgT1dhJ2OdWs918OfnRth.jpg,https://image.tmdb.org/t/p/w780/wSV8IDOh6AAn366OpXzDk30SGqA.jpg,2025,11,low,,"['Drama', 'Thriller']","Drama, Thriller"
1450672,fr,Une page se tourne,"Clément, a shy and introverted teenager, begins a diary. As he writes, his words reveal more than he imagined, shaking up his inner world.",0.028599999845027924,2025-11-19,Une page se tourne,0.0,0,https://image.tmdb.org/t/p/w342/ahN0xq219W2deUfKBvD21XM0mb7.jpg,https://image.tmdb.org/t/p/w780,2025,11,low,,"['Comedy', 'Romance']","Comedy, Romance"
1443909,en,Emptiness,"A man sits in his living room, doing absolutely nothing while morning arrives.",0.028599999845027924,2025-11-28,Emptiness,0.0,0,https://image.tmdb.org/t/p/w342/llWQCAmedWEHtchYBtV2hHBb2AJ.jpg,https://image.tmdb.org/t/p/w780,2025,11,low,,"['Mystery', 'Animation']","Mystery, Animation"
1439728,fr,Les flocons de la fin du monde,"Snowflakes at the End of the World offers a meditation on the beauty and ugliness of Montreal winter, and invites critical reflection on the relationship between humans and nature.",0.028599999845027924,2025-11-18,Snowflakes at the End of the World,0.0,0,https://image.tmdb.org/t/p/w342/d5lVTXn6S2EvOIobfshEaYHoTUJ.jpg,https://image.tmdb.org/t/p/w780/ot0OYyw6JX7HEDPBRmZk6FFtaQm.jpg,2025,11,low,,['Documentary'],Documentary
1432777,en,أبي لم يحب أبدا لعبي,"The world through the lens of a child's imagination.  This experimental short film follows a passionate child as she undergoes various inconvenient situations. She turns to her favorite doll as a means of coping, using her imagination to create a familiar, ideal world that reflects her feelings and aspirations. The film combines archival footage from the director's childhood with animated scenes to show the world from the eyes of a child.",0.028599999845027924,2025-11-22,Father Never Approved of My Toys,0.0,0,https://image.tmdb.org/t/p/w342/5je1WwfHfHlGChtj2lC0EF5DPJ4.jpg,https://image.tmdb.org/t/p/w780,2025,11,low,,[],
1326233,es,Entre dos tierras,"Rodrigo, a widowed father who lives in Tijuana with his mother and son, works undocumented at a hotel in San Diego, California. However, with the arrival of the COVID-19 pandemic, the border crossing is closed, triggering unfortunate events. The family will have to confront the harsh reality of living separated by the world’s most important border, dealing with the physical and emotional distance that this situation imposes on their lives.",0.028599999845027924,2025-11-20,Between Borders,0.0,0,https://image.tmdb.org/t/p/w342/bDpnmK1RQSYKz6fHEzQwKmkuTRC.jpg,https://image.tmdb.org/t/p/w780,2025,11,low,,[],
1326233,es,Entre dos tierras,"Rodrigo, a widowed father who lives in Tijuana with his mother and son, works undocumented at a hotel in San Diego, California. However, with the arrival of the COVID-19 pandemic, the border crossing is closed, triggering unfortunate events. The family will have to confront the harsh reality of living separated by the world’s most important border, dealing with the physical and emotional distance that this situation imposes on their lives.",0.028599999845027924,2025-11-20,Between Borders,0.0,0,https://image.tmdb.org/t/p/w342/bDpnmK1RQSYKz6fHEzQwKmkuTRC.jpg,https://image.tmdb.org/t/p/w780,2025,11,low,,[],
1575623,zh,蕃茄有毒,"This is a tale of tomatoes and desire: In the 17th century, tomatoes were feared as poisonous across Europe. It wasn’t until a French painter dared to face death that the world was finally able to taste the tomato’s beauty. After twelve hours of anxiety and fear, the painter emerged not only unharmed but found the flavor of the tomato exquisite, his appetite awakened. One evening, a woman prepared a delightful dish of tomato pasta with red sauce, waiting in both anxiety and anticipation for the return of a man.",0.02810000069439411,2025-12-02,Tomatoes are poisonous,0.0,0,https://image.tmdb.org/t/p/w342/b8XnIGgNrBNTG6HOseQlZxwigC4.jpg,https://image.tmdb.org/t/p/w780/7L8vpbxc9lcOOJIrLHFYO5yztsU.jpg,2025,12,low,,['Drama'],Drama
1560005,fr,21 SEPTEMBRE 2024 PRÉFECTURE VERSAILLES DÉLIVRANCE TITRE DE SÉJOUR 10 ANS,,0.02810000069439411,2025-11-15,21 SEPTEMBRE 2024 PRÉFECTURE VERSAILLES DÉLIVRANCE TITRE DE SÉJOUR 10 ANS,0.0,0,https://image.tmdb.org/t/p/w342/rFytIGGlOpppr2lTOknntzsS9CJ.jpg,https://image.tmdb.org/t/p/w780,2025,11,low,,['Documentary'],Documentary
1483609,en,For Them,"On the night of a high-profile gallery fundraiser, Noah—a 50-year-old queer painter—prepares to deliver a long-anticipated speech. In the hours before he takes the stage, he confides in Kai, his loyal companion, revisiting the stories behind his most haunting works. Together, they trace the arc of Noah’s life: a childhood scarred by trauma, a volatile relationship with his abusive mother, struggles with addiction, and the ache of a love lost. As the evening deepens, the boundaries between memory and reality begin to dissolve. When Noah finally steps into the spotlight, the weight of his past surges to the surface. Overwhelmed, he slips into a dreamlike trance, a final, surreal descent into the emotional landscape we’ve traversed with him.",0.02810000069439411,2025-11-12,For Them,0.0,0,https://image.tmdb.org/t/p/w342/vtPX4iFSMwqjCgrQQ38T3KC9W1I.jpg,https://image.tmdb.org/t/p/w780,2025,11,low,,[],
1567749,es,Y la intensa lluvia,"Sol accepts the invitation of Naty, an old friend she hasn't seen in seven years. The plan is to spend the weekend together and perform an ayahuasca ritual. But the trip reawakens old, unresolved emotions among the friends.",0.026799999177455902,2025-11-13,Deluge,0.0,0,https://image.tmdb.org/t/p/w342/jmOnqvoelV2prRDyWZGa3nF8cyM.jpg,https://image.tmdb.org/t/p/w780,2025,11,low,,[],
1559568,af,A Giving Hand,,0.026799999177455902,2025-11-16,A Giving Hand,0.0,0,https://image.tmdb.org/t/p/w342,https://image.tmdb.org/t/p/w780,2025,11,low,,[],
1568360,fr,Trouble,"Nora is a young woman like no other — and she’s hiding an unusual secret. When Eddie, her crush, is about to uncover it, everything spirals out of control…",0.026399999856948853,2025-11-14,Trouble,0.0,0,https://image.tmdb.org/t/p/w342/5C5y7wETprNWm4yVpeSIkbxTdmS.jpg,https://image.tmdb.org/t/p/w780,2025,11,low,,[],
1568222,ka,The Wind Blows Wherever It Wants,"Over a period of 16 months, herders in the Georgian region of Tusheti guide vast flocks of sheep back and forth between the snow-covered Caucasus peaks and the remote Vashlovani steppes. The herders are transient figures in this dialogue-free film, leaving barely a trace in the landscape.",0.026399999856948853,2025-11-17,The Wind Blows Wherever It Wants,0.0,0,https://image.tmdb.org/t/p/w342/uLsOZhz98bvNS1BJ8WKwJnC9O8M.jpg,https://image.tmdb.org/t/p/w780,2025,11,low,,['Documentary'],Documentary
1542473,fr,Le Poids des Ailes,A mother and her son have left the marital home. The mother entrusts her son Jacques to a friend for the day. This is an opportunity for the little boy to play with Julie. But Jacques has a secret: he loves playing with dolls.,0.026399999856948853,2025-11-22,The Doll Boy,0.0,0,https://image.tmdb.org/t/p/w342/kKyotC5Hzfkg2Lu2WISH7S8M3Og.jpg,https://image.tmdb.org/t/p/w780/yCEKuYYjLXQ3K9b9fWSJIn6jnYS.jpg,2025,11,low,,['Drama'],Drama
1576995,en,Lesbian Mud Wrestling,"Every night, Kit dreams of the golden strap — the ultimate prize for the ultimate lesbian mud wrestler. Cheered on by sold-out community crowds, Lesbian Mud Wrestling regularly takes place as a way to raise funds for gender-affirming surgeries for legends like Kit. This latest release from Sapphic Flicks, directed by Kirsty Wilson, is an intimate and playful documentary that plunges you right into the mud, capturing Naarm’s young inclusive lesbian community as it is in 2025. God bless lesbians!",0.026100000366568565,2025-11-22,Lesbian Mud Wrestling,0.0,0,https://image.tmdb.org/t/p/w342/gyGYQkGGzxUP26yWC8Y2aSjdOkv.jpg,https://image.tmdb.org/t/p/w780,2025,11,low,,[],
1576224,en,Silk on Silk While the World Burns,"Shot in Brooklyn during the 2023 summer of collective grief and forest fire smoke, three artists sought shelter indoors to express feelings of doom, anarchy, and hedonism. This visceral film is a cathartic response to environmental collapse, exploring how queer bodies find endurance and resistance through an embrace of softness and urgent personal expression.",0.026100000366568565,2025-11-28,Silk on Silk While the World Burns,0.0,0,https://image.tmdb.org/t/p/w342,https://image.tmdb.org/t/p/w780,2025,11,low,,[],
1575831,sv,Jonatan Unge solo,Stand-up special with comedian Jonatan Unge.,0.026100000366568565,2025-11-18,Jonatan Unge solo,0.0,0,https://image.tmdb.org/t/p/w342/cfY2Oia3sKXDrucYiCtYZ4YLRz0.jpg,https://image.tmdb.org/t/p/w780/mAMlaXqhkkFWlNoA1f5BZdGujAU.jpg,2025,11,low,,['Comedy'],Comedy
1575149,de,Maifeld,"In postwar Germany, Hannelore and Marina, a “guest worker” from Italy, get acquainted — much to the displeasure of their conservative husbands. Two women seeking empowerment in a patriarchal and racist society.",0.026100000366568565,2025-11-16,Maifeld,0.0,0,https://image.tmdb.org/t/p/w342,https://image.tmdb.org/t/p/w780,2025,11,low,,['Drama'],Drama
1575092,en,Let Me In,"A young priest prepares for another night of ritual pain, but when Joy appears to confront his devotion to suffering, he's forced to choose between healing and the seductive pull of Grief.",0.026100000366568565,2025-11-28,Let Me In,0.0,0,https://image.tmdb.org/t/p/w342/7acBfsEoD7njL7sLyaBZ3SCSieN.jpg,https://image.tmdb.org/t/p/w780,2025,11,low,,[],
1574571,lb,Lëtzebuerger an Argentinien,"Shrouded in mystery, our documentary dives into the seldom-told tale of Luxembourg’s emigration to Argentina.",0.026100000366568565,2025-11-25,Luxembourgers in Argentina,0.0,0,https://image.tmdb.org/t/p/w342,https://image.tmdb.org/t/p/w780,2025,11,low,,['Documentary'],Documentary
1572776,de,Save Nujin,"In 2022, the Statue of Peace ""Nujin"" was erected at the University of Kassel, honouring the countless female victims of the Asia-Pacific wars. However, shortly after International Women's Day in 2023, the university administration abruptly removed the statue - without public explanation. Outraged, citizens and students formed the ""Save Nujin"" initiative.",0.026100000366568565,2025-11-20,Save Nujin,0.0,0,https://image.tmdb.org/t/p/w342,https://image.tmdb.org/t/p/w780,2025,11,low,,['Documentary'],Documentary
1572007,en,Cards & Cognac,"Four men gather for cards and cognac after the death of a close friend. What begins as a fellowship becomes raw confessions of infidelity, betrayal, guilt, and loss, forcing each man to speak their truth while strengthening their brotherhood.",0.026100000366568565,2025-11-20,Cards & Cognac,0.0,0,https://image.tmdb.org/t/p/w342/83IfkKZY6BceDiAclYkKnAT6sG0.jpg,https://image.tmdb.org/t/p/w780/1a15V5nqAKQhzwsFUJeP5xF9eX8.jpg,2025,11,low,,['Drama'],Drama
1568528,fr,La boîte à frissons,"For decades, Le Tango, a legendary LGBTQ+ dance hall in Paris’s Marais district, welcomed everyone who loved to dance, regardless of gender or orientation. When the building was put up for sale in 2020, its music stopped, threatening to erase a vital community refuge. This documentary traces both the vibrant history and the fierce fight to save this iconic space. Through personal stories from regulars and activists—Grégoire, Giovanna, Christian, Livia, and others—the film revisits nights of drag balls, Dalida tributes, and joyous Madisons, revealing how Le Tango became a symbol of freedom and belonging. As filmmaker Antoine Vergez follows Hervé and the Tango 3.0 collective’s three-year struggle to reopen the club, the film becomes both a love letter to queer nightlife and a chronicle of collective resistance to cultural disappearance.",0.026100000366568565,2025-11-16,La boîte à frissons,0.0,0,https://image.tmdb.org/t/p/w342/pKRn8x17B3dFmQVEuy9t1PKBeZO.jpg,https://image.tmdb.org/t/p/w780/hbW7QflMRW1Vx6i2DPl8iQyMhZF.jpg,2025,11,low,,['Documentary'],Documentary
1567708,zh,Tai Feng Jiang Luo Zhi Qian,"In a world ravaged by violence and poverty, Rat, a teenage runaway, survives by stealing alongside his friends. On the eve of a typhoon, a betrayal comes to light. Fueled by rage, the boys turn on each other until the storm forces them to confront the fragility of their home and themselves.",0.026100000366568565,2025-11-13,We Will Follow the Wind,0.0,0,https://image.tmdb.org/t/p/w342/2yJbbEopErPf5ANXoDC1OfqakYS.jpg,https://image.tmdb.org/t/p/w780,2025,11,low,,[],
1566489,es,El coloso,"“El Coloso” tells the story of the life and legacy of Freddy Rincón, a giant of Colombian soccer who conquered Brazil with his strength and talent, filled stadiums in Spain, and gave his country one of its most unforgettable goals against Germany. From his roots in Buenaventura to becoming a symbol of national pride, Rincón transcended the soccer field to inspire an entire generation. More than just a soccer player, he was a beacon of hope, whose greatness lives on in the memory of Colombians.",0.026100000366568565,2025-11-27,El coloso,0.0,0,https://image.tmdb.org/t/p/w342,https://image.tmdb.org/t/p/w780,2025,11,low,,['Documentary'],Documentary
1566224,zh,Girlfriends of Father,"The father had once been a violent man; his domestic abuse drove two women out of his life, and afterward, he sank into alcoholism. One day, his son sustained a severe injury—so severe that the hospital offered little hope for recovery. Following this, the son decided to leave home behind. On his journey, he unexpectedly crossed paths with his father's former girlfriends.",0.026100000366568565,2025-11-23,Girlfriends of Father,0.0,0,https://image.tmdb.org/t/p/w342/iepGjwKdlsK6TeusTByK6iJf6u1.jpg,https://image.tmdb.org/t/p/w780,2025,11,low,,"['Animation', 'Science Fiction']","Animation, Science Fiction"
1564140,zh,Beneath the Blue Cloud,"Xiao Lan, weighed down by depression rooted in family pain, struggles between escape and entrapment. A dark cloud follows her—yet she clings to the hope of finding a way out.",0.026100000366568565,2025-11-19,Beneath the Blue Cloud,0.0,0,https://image.tmdb.org/t/p/w342/agc9cSRSoHbwIIo8mWXN9HaTSWn.jpg,https://image.tmdb.org/t/p/w780,2025,11,low,,['Animation'],Animation
1301962,es,Al chile no se hizo nada xD,"Come back to this day, next year. Ain't nothing, chief.",0.026100000366568565,2025-11-22,Sneezed-out Ideas,0.0,0,https://image.tmdb.org/t/p/w342/kRDB640ZfNNRtdr5y9Lw3zrBM18.jpg,https://image.tmdb.org/t/p/w780/rm5dFjrpwpJ6T1YCuhzbHM8tV2v.jpg,2025,11,low,,['Drama'],Drama
1108396,fr,Hawar : nos enfants bannis,"In 2014, in Kurdistan, thousands of Yazidi women are kidnapped by ISIS and reduced to sexual slavery. Most of them become pregnant. Once freed, the surviving mothers are forced by their own community to abandon their children.",0.026100000366568565,2025-11-12,Hawar: Our Banished Children,0.0,0,https://image.tmdb.org/t/p/w342/vUvfBcllfx6WFIA5V3Ggi2rmatR.jpg,https://image.tmdb.org/t/p/w780/wfrA6miekfe3blq8RMAhflnBuQI.jpg,2025,11,low,,['Documentary'],Documentary
1576300,fr,Franck,"Franck is a soldier. He watches the streets of Paris. But one day, Franck decides to leave.",0.025599999353289604,2025-11-15,Franck,0.0,0,https://image.tmdb.org/t/p/w342/gTNvijROgUBEZ5rAcdyQlJVkFye.jpg,https://image.tmdb.org/t/p/w780,2025,11,low,,[],
1574821,en,A Spot on the Sun,"An artist’s attempt to recreate experimental filmmaker Chris Marker’s Sans Soleil from memory. Working from fragments, the film weaves together into an engrossing narrative. It follows patterns of thought through material such as Alfred Hitchcock’s Vertigo, WG Sebald’s The Rings of Saturn, Virginia Woolf’s The Waves, and combines it with personal, intimate footage, images of the Welsh landscape, San Francisco, and of course, Chris Marker’s favourite animal.",0.025599999353289604,2025-11-29,A Spot on the Sun,0.0,0,https://image.tmdb.org/t/p/w342,https://image.tmdb.org/t/p/w780,2025,11,low,,[],
1574164,es,Así chegou a noite,,0.025599999353289604,2025-11-21,Así chegou a noite,0.0,0,https://image.tmdb.org/t/p/w342/6CzLfJGA1cNb5E4PphuYcgWA9fJ.jpg,https://image.tmdb.org/t/p/w780,2025,11,low,,[],
1574154,es,Al jet,,0.025599999353289604,2025-11-12,Al jet,0.0,0,https://image.tmdb.org/t/p/w342/jsfGstiwPKHteYVmYOOFzdXqxsR.jpg,https://image.tmdb.org/t/p/w780,2025,11,low,,['Documentary'],Documentary
1567517,ko,욕쟁이 할머니,"A man's loving memories of tending to his acerbic mother weave together remembrance, routine, and artistry in a lyrical reflection on familial bonds, loss, and generational connections.",0.025599999353289604,2025-11-20,The Foul-Mouthed Granny,0.0,0,https://image.tmdb.org/t/p/w342,https://image.tmdb.org/t/p/w780,2025,11,low,,['Documentary'],Documentary
1563711,lt,Biodestruktoriai,"It observes an astonishing cosmos of blooming microorganisms, such as fungi and mould, which have been documented with patience and precision. These images are connected to museum paintings depicting historical and modern Easter processions, while the restoration of frescoes and priests' relics raises questions about decay, fragility, and gratitude.",0.025599999353289604,2025-11-15,Holy Destructors,0.0,0,https://image.tmdb.org/t/p/w342,https://image.tmdb.org/t/p/w780/5sDRDC267hCpfG3jdRkYm1xxWyr.jpg,2025,11,low,,['Documentary'],Documentary
1576469,en,Love & Karma,"Alessa is a worldly and highly successful real estate agent at the height of her career. The only thing that's missing in her life is love. With a tumultuous divorce behind her, she ventures back to the Philippines to attend her 40-year class reunion. During her trip, an unexpected encounter with her childhood crush ignites a whirlwind of emotions and obstacles, sending Alessa on a quest of rediscovery, passion, and what it means to give love unconditionally.",0.023900000378489494,2025-11-19,Love & Karma,0.0,0,https://image.tmdb.org/t/p/w342/fjmesM7ltckSJSjBsrMfVm5ItMY.jpg,https://image.tmdb.org/t/p/w780,2025,11,low,,"['Drama', 'Comedy']","Drama, Comedy"
1572832,de,Hydra,"Clay-covered bodies squeeze through narrow rock passages. Sparingly lit by their helmet lamps, they blend in with the sediment-covered cave walls. The film accompanies a group of cave explorers and looks at their different motives for venturing into the inaccessible depths. In the farthest corners of the ""Windloch"" cave, discovered in 2019, lies a chamber filled with bizarre, delicate aragonite crystals. The most extraordinary of these is called ""Hydra"" by its discoverers.",0.023900000378489494,2025-11-21,Hydra,0.0,0,https://image.tmdb.org/t/p/w342,https://image.tmdb.org/t/p/w780,2025,11,low,,[],
1567509,en,Wayumi,"Hundreds of hours of footage are woven into a narrative that chronicles David Good and his indigenous mother, Yarima, as they journey from the Amazon rainforest to reunite their family, separated without contact for 30 years.",0.023900000378489494,2025-11-15,Wayumi,0.0,0,https://image.tmdb.org/t/p/w342,https://image.tmdb.org/t/p/w780,2025,11,low,,['Documentary'],Documentary
1471148,en,The Aegean Life,A Movie about Aegean Life.,0.023900000378489494,2025-11-27,The Aegean Life,0.0,0,https://image.tmdb.org/t/p/w342/8uooMN9dM0BxMoHrvL1uIX0Wuwv.jpg,https://image.tmdb.org/t/p/w780/m6iBvTi456Ahx6qQXYMWyFOPOMj.jpg,2025,11,low,,['Adventure'],Adventure
1577765,en,Dead on Distribution,"A B-movie filmmaker attempts to get a distribution deal for his new slasher flick, but the lead actor has some unsavory ideas about how to promote the film after its poor reception.",0.021400000900030136,2025-11-15,Dead on Distribution,0.0,0,https://image.tmdb.org/t/p/w342/9CbEJJ4NIF3hcUkzvTDH4rbJcqX.jpg,https://image.tmdb.org/t/p/w780,2025,11,low,,"['Horror', 'Comedy']","Horror, Comedy"
1577533,de,Semikolon - Schizophrenie für immer,,0.021400000900030136,2025-11-17,Semikolon - Schizophrenie für immer,0.0,0,https://image.tmdb.org/t/p/w342/uWGzPYlElD1yGRG7qpzBV9bWiec.jpg,https://image.tmdb.org/t/p/w780/co5dlWJhGBVO8fkTQTJ9PzVc9DA.jpg,2025,11,low,,[],
1577465,cs,Materials Mechanics,"After Yana finds out that her best friend is trapped in the war in Ukraine, she is forced to examine the moral compasses within her family. She visits her grandparents, who seem to trust Russian TV and radio more than her own account of events. This intimate drama is based on the reality of families divided by the war in Ukraine, including the author’s own. The film explores the inevitable choices between love and politics, friends and family, silence and resistance.",0.021400000900030136,2025-11-16,Materials Mechanics,0.0,0,https://image.tmdb.org/t/p/w342,https://image.tmdb.org/t/p/w780/4evliK1TDnbIm3Srxm76izplm70.jpg,2025,11,low,,['Drama'],Drama
1577434,ru,Мёртвая дорога,A short animated film about the human cost of Stalin-era construction on the Dead Road in the Russian Far North.,0.021400000900030136,2025-11-14,Dead Road,0.0,0,https://image.tmdb.org/t/p/w342/4ZYixH1BCo7f8ckYmO6VbQfERBj.jpg,https://image.tmdb.org/t/p/w780,2025,11,low,,['Animation'],Animation
1577426,et,Ära Vaata Eemale,A streamer desperate for attention pushes himself and his friend further and further until things reach a breaking point.,0.021400000900030136,2025-11-12,Don't Look Away,0.0,0,https://image.tmdb.org/t/p/w342/qMoIdgJ6vNaO7UVlMPkcPTvvlyN.jpg,https://image.tmdb.org/t/p/w780/p8zCIDQIZJvOdjXrVYp5NS8mZC2.jpg,2025,11,low,,['Drama'],Drama
1577232,pt,Natal sangrento,,0.021400000900030136,2025-12-01,Natal sangrento,0.0,0,https://image.tmdb.org/t/p/w342/ig7w7virCQ9hk4TyTzozNNLeUba.jpg,https://image.tmdb.org/t/p/w780,2025,12,low,,['Horror'],Horror
1577465,cs,Materials Mechanics,"After Yana finds out that her best friend is trapped in the war in Ukraine, she is forced to examine the moral compasses within her family. She visits her grandparents, who seem to trust Russian TV and radio more than her own account of events. This intimate drama is based on the reality of families divided by the war in Ukraine, including the author’s own. The film explores the inevitable choices between love and politics, friends and family, silence and resistance.",0.021400000900030136,2025-11-16,Materials Mechanics,0.0,0,https://image.tmdb.org/t/p/w342,https://image.tmdb.org/t/p/w780/4evliK1TDnbIm3Srxm76izplm70.jpg,2025,11,low,,['Drama'],Drama
1577434,ru,Мёртвая дорога,A short animated film about the human cost of Stalin-era construction on the Dead Road in the Russian Far North.,0.021400000900030136,2025-11-14,Dead Road,0.0,0,https://image.tmdb.org/t/p/w342/4ZYixH1BCo7f8ckYmO6VbQfERBj.jpg,https://image.tmdb.org/t/p/w780,2025,11,low,,['Animation'],Animation
1577426,et,Ära Vaata Eemale,A streamer desperate for attention pushes himself and his friend further and further until things reach a breaking point.,0.021400000900030136,2025-11-12,Don't Look Away,0.0,0,https://image.tmdb.org/t/p/w342/qMoIdgJ6vNaO7UVlMPkcPTvvlyN.jpg,https://image.tmdb.org/t/p/w780/p8zCIDQIZJvOdjXrVYp5NS8mZC2.jpg,2025,11,low,,['Drama'],Drama
1577232,pt,Natal sangrento,,0.021400000900030136,2025-12-01,Natal sangrento,0.0,0,https://image.tmdb.org/t/p/w342/ig7w7virCQ9hk4TyTzozNNLeUba.jpg,https://image.tmdb.org/t/p/w780,2025,12,low,,['Horror'],Horror
1576669,es,"¡Ay, cómo te amo, Verónica!",,0.021400000900030136,2025-11-12,"¡Ay, cómo te amo, Verónica!",0.0,0,https://image.tmdb.org/t/p/w342,https://image.tmdb.org/t/p/w780,2025,11,low,,['Comedy'],Comedy
1576434,id,Dihapus dari Peta,"A man tells a journalist about the photos and memories from his childhood in home and village that will soon disappear for the new national capital city. With his brother, he returns to the places they once played, taking pictures and recreating stories as if the land was still the same.",0.021400000900030136,2025-12-01,Erased from the Map,0.0,0,https://image.tmdb.org/t/p/w342/wt94g5uvuUwvZVnWOgapDlKAX6.jpg,https://image.tmdb.org/t/p/w780/4Oe0AqloRoUoiVNlLlNXz9G0ZiP.jpg,2025,12,low,,[],
1576179,lt,Paslapties kaina,,0.021400000900030136,2025-11-28,Paslapties kaina,0.0,0,https://image.tmdb.org/t/p/w342,https://image.tmdb.org/t/p/w780,2025,11,low,,[],
1575144,de,Seht ihr mich?,"Eleven-year-old Mira is in costume because her school is celebrating Mardi Gras. Later, she goes to the hospital to be with her gravely ill brother. Mira is more than a child; she’s a major source of comfort for her parents, who do everything they can to allow their family to lead normal lives. Nevertheless, Mira’s needs often take a back seat.",0.021400000900030136,2025-11-16,Seht ihr mich?,0.0,0,https://image.tmdb.org/t/p/w342,https://image.tmdb.org/t/p/w780,2025,11,low,,['Documentary'],Documentary
1575141,en,L'heure du goûter,"The flower is very keen for the strawberry to fill her day with all kinds of important activities and constantly pushes her to do so. But with her busy schedule, the strawberry is slowly reaching her limits and just wants a little snack.",0.021400000900030136,2025-11-20,L'heure du goûter,0.0,0,https://image.tmdb.org/t/p/w342/d890PefD9aqZBVwIGKPdKdBBYtQ.jpg,https://image.tmdb.org/t/p/w780,2025,11,low,,['Animation'],Animation
1575076,kk,"What have you done, Zarina?",,0.021400000900030136,2025-11-25,"What have you done, Zarina?",0.0,0,https://image.tmdb.org/t/p/w342/wDJHa1YmhoNFtpXHKKJ5hxL80nQ.jpg,https://image.tmdb.org/t/p/w780,2025,11,low,,[],
1574600,es,Una mujer que conocí llamada Yudita,"When Rodrigo was a child, he would eat at his grandmother Marité's house and wait until his aunt Montse came home from work. Without sitting down, Montse would fill a plastic bag with a loaf of bread, a container of food, empty plastic bottles, and a hot brick wrapped in newspaper. She was going to take the food to someone. One day, she decided to take Rodrigo with her on one condition: no talking. Eighteen years later, he remembers nothing.",0.021400000900030136,2025-11-19,Una mujer que conocí llamada Yudita,0.0,0,https://image.tmdb.org/t/p/w342/eWueIY5yHk3hGEWzGAp0pz9P24q.jpg,https://image.tmdb.org/t/p/w780,2025,11,low,,['Documentary'],Documentary
1574568,fr,Sauf le passé,"How can we approach a museum today that was built over a century ago to serve colonial propaganda? In Brussels, after five years of renovation, the Africa Museum has reopened its doors, offering new forms of exhibition. Visitors can be seen engaging in discussions with their guides as well as freely wandering through the spaces. This diverse crowd of museum-goers shapes the contours of a place where, despite the new narratives, the past seems to linger unresolved.",0.021400000900030136,2025-11-14,Except the Past,0.0,0,https://image.tmdb.org/t/p/w342,https://image.tmdb.org/t/p/w780,2025,11,low,,['Documentary'],Documentary
1573938,en,Das Finale,"Manu and her grandfather are passionate soccer fans. When the TV breaks down shortly before the final, she hatches a plan. An exciting chase begins. Will she be back in time for her grandfather to witness the big event?",0.021400000900030136,2025-11-23,Das Finale,0.0,0,https://image.tmdb.org/t/p/w342,https://image.tmdb.org/t/p/w780,2025,11,low,,['Animation'],Animation
1572925,xx,Bakobi,"Bakobi just wanted to sleep, but she is awakened by a loud noise. A vacuum cleaner monster appears and she tries to escape. After an exciting chase, she is lured back into the house by the smell of her favorite food. Her meal makes her forget all about the scary vacuum cleaner, so she can finally fall asleep and dream again.",0.021400000900030136,2025-11-20,Bakobi,0.0,0,https://image.tmdb.org/t/p/w342,https://image.tmdb.org/t/p/w780,2025,11,low,,[],
1572897,en,Real-KI,"No technology has caused as much of a stir in recent years as artificial intelligence. However, understanding what AI is depends on the perspective of the observer. A short film attempts to describe a realistic perspective on this phenomenon. Therefore, the film's presentation refers to the actual form of AI: individual lines of code.",0.021400000900030136,2025-11-23,Real-KI,0.0,0,https://image.tmdb.org/t/p/w342,https://image.tmdb.org/t/p/w780,2025,11,low,,[],
1572823,pl,Proxys,"In her essayistic documentary film, Katrin Esser stages the story of her mother, who suffers from Alzheimer's disease. The course of the illness is told from two perspectives: that of the Polish caregiver Violetta and that of the daughter. They take turns recounting their experiences, the limits of care, excessive demands, working conditions, exploitation within the system, and death. The only filming location is the apartment, which alternates between living space, museum, and crime scene. Esser's staging reveals layers of memory and shows that remembering and forgetting are very individual processes.",0.021400000900030136,2025-11-21,Proxys,0.0,0,https://image.tmdb.org/t/p/w342,https://image.tmdb.org/t/p/w780,2025,11,low,,[],
1572807,zh,sick home,How do we feel about the place where we grew up when it undergoes radical urbanization?,0.021400000900030136,2025-11-21,sick home,0.0,0,https://image.tmdb.org/t/p/w342,https://image.tmdb.org/t/p/w780,2025,11,low,,[],
1568128,es,Suprimir,"While a student is writing his thesis, the computer begins to behave strangely.",0.021400000900030136,2025-12-01,Delete,0.0,0,https://image.tmdb.org/t/p/w342/fjZQ35gcavH1s50zAa7imz5gFV3.jpg,https://image.tmdb.org/t/p/w780,2025,12,low,,"['Fantasy', 'Science Fiction']","Fantasy, Science Fiction"
1568055,en,Marvin's Gardens,The vibe of a friend group's monthly game night is thrown off when the host introduces a new player to the table.,0.021400000900030136,2025-11-27,Marvin's Gardens,0.0,0,https://image.tmdb.org/t/p/w342/dpMULAz2QH5nJFimKqDR5Xb0Y43.jpg,https://image.tmdb.org/t/p/w780/6VOQ1ZUiLsBfjE6PPkB7gwLZSN.jpg,2025,11,low,,['Comedy'],Comedy
1567989,xx,The Rift,"A pulsating combination of powerful contemporary dance and exhilarating music, with water as the unifying element. Multiple dancers perform a shared choreography—brought together through the editing—across various locations in Zimbabwe, from dense forests and open plains to urban settings and pristine natural landscapes.",0.021400000900030136,2025-11-14,The Rift,0.0,0,https://image.tmdb.org/t/p/w342,https://image.tmdb.org/t/p/w780,2025,11,low,,['Documentary'],Documentary
1566944,xx,PS,"Experimental audiovisual work of art. First I used an individually prepared (manipulated) CRT (analog) television, then digital editing followed. This piece refers to the birth of video art when the images were modified with a magnet. The sound / noise was also generated by the magnet, so it is a real-time audiovisual improvisation / 'comprovisation'. Aesthetics of error and visual music where you can almost see what you can hear.",0.021400000900030136,2025-11-22,PS,0.0,0,https://image.tmdb.org/t/p/w342,https://image.tmdb.org/t/p/w780,2025,11,low,,[],
1563715,et,Kadunud tähed,"When Russia invaded Ukraine on 24 February 2022, it triggered Europe's largest movement of refugees since World War II. According to the UN Refugee Agency, roughly one third of Ukraine's population is displaced. This film follows three Ukrainian girls, Iryna, Sasha and Masha and their families over the course of a year as they attempt to build their new lives in Estonia.",0.021400000900030136,2025-11-13,Lost Stars of the Horoscope,0.0,0,https://image.tmdb.org/t/p/w342/8maiX6P7omff5rA4WBpY3I1uKPE.jpg,https://image.tmdb.org/t/p/w780/xiq1yFU6XwZJNRRZxdcqYHdv9Ul.jpg,2025,11,low,,['Documentary'],Documentary
1560920,en,Bendito Banquete,"The hustle and bustle of life's routine compels Father Orlando Lugo to prepare a different kind of Thanksgiving dinner. Despite his insistence on experiencing this holiday alone, his lively imagination, various characters from his neighborhood in Ponce, and his entire parish teach him the lesson of a lifetime, reminding him of the value of living in community.",0.021400000900030136,2025-11-27,Bendito Banquete,0.0,0,https://image.tmdb.org/t/p/w342,https://image.tmdb.org/t/p/w780,2025,11,low,,"['Comedy', 'Fantasy', 'Family']","Comedy, Fantasy, Family"
1559744,pl,No to pa!,Love affairs need to be finished quickly. Sometimes it’s just not that simple.,0.021400000900030136,2025-11-17,Probably... See You Later!,0.0,0,https://image.tmdb.org/t/p/w342,https://image.tmdb.org/t/p/w780,2025,11,low,,['Drama'],Drama
1559432,nl,Ik ben Lewis,,0.021400000900030136,2025-12-01,Ik ben Lewis,0.0,0,https://image.tmdb.org/t/p/w342/eOjhDtwOoZ6jNg0p2E4g7eay4OJ.jpg,https://image.tmdb.org/t/p/w780/jqWEkCyM436GhsnOIDV8WDiwlgz.jpg,2025,12,low,,['Documentary'],Documentary
1558761,de,The USB Paradox,"When pilot Samantha’s spacecraft is struck by lightning, a system reboot is required. It should be a routine procedure, nothing to panic about. Co-pilot Josh reaches for the system-reboot flash drive and tries to plug it in, but the bloody thing just won’t go in!",0.021400000900030136,2025-11-17,The USB Paradox,0.0,0,https://image.tmdb.org/t/p/w342,https://image.tmdb.org/t/p/w780,2025,11,low,,['Comedy'],Comedy
1557056,en,There's A Man In The Back,"When Mark’s mistake puts his best friend Anna in danger, he must face a terrifying entity determined to take her away. To save her life, he’s forced to confront the darkness he unleashed.",0.021400000900030136,2025-11-26,There's A Man In The Back,0.0,0,https://image.tmdb.org/t/p/w342/yU9PDPTZBYnRq0r6z0iCuwsyEzR.jpg,https://image.tmdb.org/t/p/w780/10jA7S9KgOQOIvta0eTrMGppyjz.jpg,2025,11,low,,"['Horror', 'Thriller', 'Drama']","Horror, Thriller, Drama"
1554802,it,Finché morte non ci separi,,0.021400000900030136,2025-11-25,Finché morte non ci separi,0.0,0,https://image.tmdb.org/t/p/w342,https://image.tmdb.org/t/p/w780,2025,11,low,,"['Drama', 'Fantasy']","Drama, Fantasy"
1547772,en,Pedro Tomás Explica El Mundo,"On the volcanic island of La Palma lives Pedro Tomás, a man who can only speak in nouns.",0.021400000900030136,2025-11-16,Pedro Tomás Explains The World,0.0,0,https://image.tmdb.org/t/p/w342/phqGbk8lbRChPEr0kw9sZbr3M6l.jpg,https://image.tmdb.org/t/p/w780/hrBZDGvNA4lx9GsxH8QPol5Q9y2.jpg,2025,11,low,,['Documentary'],Documentary
1513052,de,Der Wanderer der Nacht,The sole survivor of a village ravaged by the plague sets out on a journey to save his life and fulfill his destiny - but peril and temptation seem to follow his every step.,0.021400000900030136,2025-11-15,Der Wanderer der Nacht,0.0,0,https://image.tmdb.org/t/p/w342/kKrk1ZfhL4tWvUP3ihzhGC7iIeJ.jpg,https://image.tmdb.org/t/p/w780/ynNVmdqdcIT66J1FmRylK7x4bIS.jpg,2025,11,low,,"['Fantasy', 'Drama', 'Horror']","Fantasy, Drama, Horror"
1511818,en,Poshington: The Grand Finale,"Five years after he left Poshington, Max gets a spooky visit from Angel Gabriél, telling him he must return. Upon his arrival, he discovers a terrifying mystery that plunges him into a time - travelling adventure with the fate of the world in his hands. For one last time, can Max save Britain?",0.021400000900030136,2025-11-29,Poshington: The Grand Finale,0.0,0,https://image.tmdb.org/t/p/w342/4bfM9Al4i5MyCEvAbOuFbTf9lfj.jpg,https://image.tmdb.org/t/p/w780/kFZ3nH2YD4CoewzJmM9LvIufjCr.jpg,2025,11,low,,"['Mystery', 'Thriller', 'Comedy', 'Action']","Mystery, Thriller, Comedy, Action"
1509143,he,בריזה,"Maor and his younger brother Dolev live with their father in a quiet, middle-class neighborhood. On the eve of a holiday, during a game of hide-and-seek, Dolev mysteriously disappears.",0.021400000900030136,2025-12-01,Breeze,0.0,0,https://image.tmdb.org/t/p/w342/5hJ0ybYvXIb6BikGZkpLXt0R5gw.jpg,https://image.tmdb.org/t/p/w780,2025,12,low,,['Drama'],Drama
1483103,en,Analogy of Light,"A woman, once captured in a 35mm image, waits to be seen. Light shapes the image and creates a new life form in this dance of pixels on analog skin. By working with different facets of the cinematic apparatus, this film is a transfeminist analysis of a single film frame.",0.021400000900030136,2025-11-23,Analogy of Light,0.0,0,https://image.tmdb.org/t/p/w342,https://image.tmdb.org/t/p/w780,2025,11,low,,[],
1476109,en,"Life, and nothing more","A debut short film, using beautiful imagery of places in England—grass, mountains, insects, lakes, wildlife, etcetera, in almost a poetic way; Nostalgic for anyone who has ever lived properly.",0.021400000900030136,2025-11-27,"Life, and nothing more",0.0,0,https://image.tmdb.org/t/p/w342,https://image.tmdb.org/t/p/w780,2025,11,low,,['Documentary'],Documentary
1316305,tr,Horona Duranlar,"Adem Ekiz lives in Trabzon, Turkey, with his wife and 3 children. He is Muslim and his native language is Greek. He is playing ""kemenche."" Through his music, he silently breaks the chains between peoples by singing his traditional songs in both Turkish and Greek languages.",0.021400000900030136,2025-11-24,A Journey To The Black Sea,0.0,0,https://image.tmdb.org/t/p/w342/wAzpXNaocKcuRTtsj4xA0M365d0.jpg,https://image.tmdb.org/t/p/w780/m6eRDcY2XR1FI2F9mGT63dUa83D.jpg,2025,11,low,,['Documentary'],Documentary
1573995,eu,Geratzen den hori,"After the death of his mother in 2011, the director embarks on an intimate journey through the personal objects and memories that remain of her in the present. This short documentary explores grief and illness and their relationship with dignity, care and transmission, claiming cinema as a tool to reveal the past.",0.019300000742077827,2025-11-23,All That Remains,0.0,0,https://image.tmdb.org/t/p/w342,https://image.tmdb.org/t/p/w780,2025,11,low,,['Documentary'],Documentary
1567534,de,Salam Beresoon,"Despite their deep bond, Mahnoush and her father Shahin are separated by their different realities. When Mahnoush visits Shahin, a confrontation ensues.",0.019300000742077827,2025-11-20,Salam Beresoon,0.0,0,https://image.tmdb.org/t/p/w342/odgQPaAD5sjN03yWvT8YMCSKF1A.jpg,https://image.tmdb.org/t/p/w780/wFiYNlq0iPOZHNP7VEfhKwlRtW7.jpg,2025,11,low,,[],
1576350,ja,MGA MAGICAL 10 YEARS DOCUMENTARY FILM THE ORIGIN,,0.01679999940097332,2025-11-28,MGA MAGICAL 10 YEARS DOCUMENTARY FILM THE ORIGIN,0.0,0,https://image.tmdb.org/t/p/w342/pDs73n48ol717Uk2QvEIY08V3jr.jpg,https://image.tmdb.org/t/p/w780,2025,11,low,,"['Documentary', 'Music']","Documentary, Music"
1575137,no,På Rett Kjøl,,0.01679999940097332,2025-11-17,På Rett Kjøl,0.0,0,https://image.tmdb.org/t/p/w342,https://image.tmdb.org/t/p/w780,2025,11,low,,['Documentary'],Documentary
1574661,pt,Perrengues Colegiais,"When the most popular girl in school is transfered to his class, the dreamy nerd Rafael puts himself to the task of conquering her heart.",0.01679999940097332,2025-11-26,Troubling Times at Plenitude High,0.0,0,https://image.tmdb.org/t/p/w342,https://image.tmdb.org/t/p/w780,2025,11,low,,['Comedy'],Comedy
1575137,no,På Rett Kjøl,,0.01679999940097332,2025-11-17,På Rett Kjøl,0.0,0,https://image.tmdb.org/t/p/w342,https://image.tmdb.org/t/p/w780,2025,11,low,,['Documentary'],Documentary
1574661,pt,Perrengues Colegiais,"When the most popular girl in school is transfered to his class, the dreamy nerd Rafael puts himself to the task of conquering her heart.",0.01679999940097332,2025-11-26,Troubling Times at Plenitude High,0.0,0,https://image.tmdb.org/t/p/w342,https://image.tmdb.org/t/p/w780,2025,11,low,,['Comedy'],Comedy
1573855,de,Saturnia,"Estranged from his father and their village community, 13-old Yona wanders in solitudethrough nature. Only newcomer Tobbi catches his attention. And a red mysterious star shining bright on him…",0.01679999940097332,2025-11-19,Saturnia,0.0,0,https://image.tmdb.org/t/p/w342,https://image.tmdb.org/t/p/w780,2025,11,low,,['Drama'],Drama
1571932,lt,Olandų gatvė,An experimental film about a meaningless end.,0.01679999940097332,2025-11-16,Holland Street,0.0,0,https://image.tmdb.org/t/p/w342/5GWFQ2oa7ZCusqVtdvFlsTl6317.jpg,https://image.tmdb.org/t/p/w780/ArQBdVCsI2T1ceBD2BUW7tv8Z81.jpg,2025,11,low,,[],
1571641,en,Button,A couple receives a box with a button that promises riches at the cost of a stranger's life. A single home setting with a moral dilemma.,0.01679999940097332,2025-12-03,Button,0.0,0,https://image.tmdb.org/t/p/w342/rq8qtCZd5zuDd9Ysp8PqaYKBZG0.jpg,https://image.tmdb.org/t/p/w780,2025,12,low,,"['Thriller', 'Drama']","Thriller, Drama"
1569681,en,Between the Waves,"In Between the Waves Charlotte Ming examines the narratives of German colonial rule in her hometown Qingdao, reaching into personal and historical recollections, interwoven with her own migration experience in Berlin.",0.01679999940097332,2025-11-14,Between the Waves,0.0,0,https://image.tmdb.org/t/p/w342/2WkvCpWKEWvUslQ8yiQH0Fj4RoZ.jpg,https://image.tmdb.org/t/p/w780,2025,11,low,,[],
1567786,nl,De schipbreukelingen,"Thirty years ago, Diego Gutiérrez moved to the Netherlands. For his latest film, he returned to Mexico, seeking answers to lingering questions. How do you cope with loneliness and grief? How do you connect with nature? Is an easier life in a less dangerous country also a better life?",0.01679999940097332,2025-11-15,The Shipwrecked,0.0,0,https://image.tmdb.org/t/p/w342,https://image.tmdb.org/t/p/w780,2025,11,low,,['Documentary'],Documentary
1530070,de,Renate,"With over 90 works, 87-year-old Renate Welsh is one of the most influential authors in Austrian children's and young adult literature. The film follows her eventful life - from a childhood filled with guilt to her literary work alongside Christine Nöstlinger and Mira Lobe, giving a voice to marginalized outsiders. In her writer's workshops she supports homeless people or farmers with little connection to writing to find their own voice. But a sudden stroke robs her of her own voice and mobility. A touching portrait of an extraordinary author who overcomes both her own and others' silence - never ceasing to tell stories.",0.01679999940097332,2025-11-23,Renate,0.0,0,https://image.tmdb.org/t/p/w342/zvQdiRi86KEBMHPOwZrQl90XJAM.jpg,https://image.tmdb.org/t/p/w780,2025,11,low,,['Documentary'],Documentary
1577764,en,Out of Shadows,"A powerful short documentary exploring the lives of three queer immigrants living with HIV. Luis from Venezuela, Jordi from Barcelona, and Prateek from northern India. Three people who each made Ireland their home in search of safety, acceptance, and renewal. Set against the landscapes of Wicklow, the Dublin Mountains, and Dublin city, the film celebrates resilience, solidarity, and self-love within Ireland’s increasingly diverse and vibrant queer community. Through their stories, the documentary reflects on migration, sexuality, gender, and health. Honouring those silenced by stigma and spotlighting the power of community to create visibility, empowerment, and change.",0.014299999922513962,2025-12-01,Out of Shadows,0.0,0,https://image.tmdb.org/t/p/w342/sO2wNuoVSBRiYeotBlVY0bKqS3T.jpg,https://image.tmdb.org/t/p/w780,2025,12,low,,[],
1577563,en,Quiet Voices in a Noisy World,"African American volunteers in Jasper, Texas work to overcome their community's history of racial violence and reclaim dignity through grassroots projects, museums, and memorials following the 1998 lynching of James Byrd Jr.",0.014299999922513962,2025-11-14,Quiet Voices in a Noisy World,0.0,0,https://image.tmdb.org/t/p/w342/qS7HySe1dJnLbg3KaWQW8CsyDsu.jpg,https://image.tmdb.org/t/p/w780,2025,11,low,,['Documentary'],Documentary
1577463,pl,Kawalerka,"Andrei is a man who has lost everything. Volha, his wife, has lost everything too. They lost it all when they emigrated to a foreign country. They can’t manage to build a new life. They live in their memories.",0.014299999922513962,2025-11-15,Kawalerka,0.0,0,https://image.tmdb.org/t/p/w342/wYf6nNuZuvaYQraXJ6mZnmI5Owr.jpg,https://image.tmdb.org/t/p/w780,2025,11,low,,['Drama'],Drama
1577460,ru,"My dearest ones, I'm writing to you from…","A short story about correspondence between Gulag prisoners and their families, showing how small acts can preserve love, hope, and humanity despite separation, fear, and censorship.",0.014299999922513962,2025-11-14,"My dearest ones, I'm writing to you from…",0.0,0,https://image.tmdb.org/t/p/w342/nT8nnBDSXSXmCfql8vUQqJGACbq.jpg,https://image.tmdb.org/t/p/w780,2025,11,low,,['Animation'],Animation
1577419,en,Ліст,"Belarusian teenager Lyosha, who ended up in San Francisco after the events of 2020, tries to stay in touch with his friend who remained in Belarus and went to prison. He writes letters, sharing stories about his new reality and friends. But life in a new country gradually brings new challenges and doubts: is it possible to live the new life fully without losing the old one?",0.014299999922513962,2025-11-12,The Letter,0.0,0,https://image.tmdb.org/t/p/w342/qxIgCUyb2ybggWuhZQi0xqX1Dsi.jpg,https://image.tmdb.org/t/p/w780,2025,11,low,,['Drama'],Drama
1577103,en,That Which Is Heard,"Shruti Kothari, a stroke survivor and once in-demand theatre performer, finds her way back on stage for the first time in four years.",0.014299999922513962,2025-11-16,That Which Is Heard,0.0,0,https://image.tmdb.org/t/p/w342,https://image.tmdb.org/t/p/w780/isoJFib9jcrIfNnhQOkenEp2zDd.jpg,2025,11,low,,['Documentary'],Documentary
1577083,en,Xtimacy: a BDSM Exercise Between Mothers,"This short film documents two single mothers and professional sex workers reclaiming female archetypes: the mother and the whore, beyond patriarchal constraints. They invite the viewer into a bondage session to redefine their intimacy and motherhood. It serves as an artistic and political endeavor to break down the boundaries of traditional motherhood and celebrate their radical friendship.",0.014299999922513962,2025-11-28,Xtimacy: a BDSM Exercise Between Mothers,0.0,0,https://image.tmdb.org/t/p/w342,https://image.tmdb.org/t/p/w780,2025,11,low,,[],
1577024,sq,Hana,"An actress joins an Art Therapy program at a Women's Rehabilitation Center in Kosovo, helping survivors turn their pain into art until their stories awaken her own suppressed wartime trauma and hidden identity.",0.014299999922513962,2025-11-23,Hana,0.0,0,https://image.tmdb.org/t/p/w342/iodu46HELyKWk811uxAZ5oVT13f.jpg,https://image.tmdb.org/t/p/w780,2025,11,low,,['Drama'],Drama
1577015,en,Small Town Pride,"In a remote outback Australian town, a brave queer community rallies to keep their vibrant pride weekend alive. Told through three locals’ stories, this film is a sharp, heartfelt look at resilience, belonging, and hope against the odds.",0.014299999922513962,2025-11-16,Small Town Pride,0.0,0,https://image.tmdb.org/t/p/w342/jJHqaWutftdMEDgUjCXRTByAROi.jpg,https://image.tmdb.org/t/p/w780,2025,11,low,,[],
1576849,pt,Chape - Memórias do Oeste,,0.014299999922513962,2025-11-13,Chape - Memórias do Oeste,0.0,0,https://image.tmdb.org/t/p/w342,https://image.tmdb.org/t/p/w780,2025,11,low,,['Documentary'],Documentary
1576671,es,Té de Ruda,,0.014299999922513962,2025-11-12,Té de Ruda,0.0,0,https://image.tmdb.org/t/p/w342,https://image.tmdb.org/t/p/w780,2025,11,low,,[],
1576458,en,The Unworn Cheongsam,"Cia (16), the adopted daughter of a matchmaker, finds out that she will be photographed naked to be sent to Taiwan as a mail-order bride. Within his limitations and restraints, she tries to find a way to avoid an arranged marriage.",0.014299999922513962,2025-12-01,The Unworn Cheongsam,0.0,0,https://image.tmdb.org/t/p/w342,https://image.tmdb.org/t/p/w780,2025,12,low,,['Drama'],Drama
1575141,en,L'heure du goûter,"The flower is very keen for the strawberry to fill her day with all kinds of important activities and constantly pushes her to do so. But with her busy schedule, the strawberry is slowly reaching her limits and just wants a little snack.",0.021400000900030136,2025-11-20,L'heure du goûter,0.0,0,https://image.tmdb.org/t/p/w342/d890PefD9aqZBVwIGKPdKdBBYtQ.jpg,https://image.tmdb.org/t/p/w780,2025,11,low,,['Animation'],Animation
1575140,en,My Friend Song Zhi,"Twelve-year-old Xiao Ai seems to be the only one affected by the death of an elderly neighbor whom everyone called “Crazy Granny”. In the abandoned apartment of the deceased, Xiao Ai begins to form a connection with her neighbor and uncover her past.",0.014299999922513962,2025-11-20,My Friend Song Zhi,0.0,0,https://image.tmdb.org/t/p/w342,https://image.tmdb.org/t/p/w780,2025,11,low,,['Mystery'],Mystery
1575131,en,Sila,"A busy intersection is where Sila, a Palestinian girl, has staked her claim, selling candy to passing motorists. That’s until Yusuf, also her age, starts cutting in on her business. Unexpectedly, a bond develops between the two.",0.014299999922513962,2025-11-16,Sila,0.0,0,https://image.tmdb.org/t/p/w342,https://image.tmdb.org/t/p/w780,2025,11,low,,['Drama'],Drama
1574606,es,Tolos fueos el fueu,"The Asturian mining regions face a threatening waste incineration project. Through the flames, we glimpse the past of a territory that has changed profoundly.",0.014299999922513962,2025-11-16,Tolos fueos el fueu,0.0,0,https://image.tmdb.org/t/p/w342/qLztCGvwqO6Fl22MPAIWsQxZQY6.jpg,https://image.tmdb.org/t/p/w780,2025,11,low,,['Documentary'],Documentary
1574589,es,El día que tal,"Vicente: How many years had he been saying that? One day, one day…  Miguel: Melenas made a movie out of his own life and lived inside that character.",0.014299999922513962,2025-11-18,El día que tal,0.0,0,https://image.tmdb.org/t/p/w342/t4exjJIKv4ad4wl4X2ghBwYwtMp.jpg,https://image.tmdb.org/t/p/w780,2025,11,low,,['Documentary'],Documentary
1574568,fr,Sauf le passé,"How can we approach a museum today that was built over a century ago to serve colonial propaganda? In Brussels, after five years of renovation, the Africa Museum has reopened its doors, offering new forms of exhibition. Visitors can be seen engaging in discussions with their guides as well as freely wandering through the spaces. This diverse crowd of museum-goers shapes the contours of a place where, despite the new narratives, the past seems to linger unresolved.",0.021400000900030136,2025-11-14,Except the Past,0.0,0,https://image.tmdb.org/t/p/w342,https://image.tmdb.org/t/p/w780,2025,11,low,,['Documentary'],Documentary
1574211,en,A Love Letter To Brum,"In this ‘Love Letter to Brum’ we will explore the diverse and creative aspects of the city, looking at it through the eyes and words of those that have been brought up here.",0.014299999922513962,2025-08-16,A Love Letter To Brum,0.0,0,https://image.tmdb.org/t/p/w342/3tr5e8M8zibIPHJz0SBtLOsbB9G.jpg,https://image.tmdb.org/t/p/w780/kGLAcPo0pfYK15hsnfh0ebrvsi9.jpg,2025,8,low,,[],
1573866,en,Maílmmittkus,A surreal journey into the complex relationship between indigenous peoples and the unstoppable force of technological progress. The film shows various stages of technological development and its effects on indigenous populations.,0.014299999922513962,2025-11-22,At the End of the World,0.0,0,https://image.tmdb.org/t/p/w342,https://image.tmdb.org/t/p/w780,2025,11,low,,[],
1573862,fa,Displaced in Time,"The story of an Iranian family scattered across years and borders, where home becomes a fragmented memory. The essay film shows how displacement also shapes time and encounters remain possible only in images.",0.014299999922513962,2025-11-21,Displaced in Time,0.0,0,https://image.tmdb.org/t/p/w342,https://image.tmdb.org/t/p/w780,2025,11,low,,['Documentary'],Documentary
1573859,de,"You do not leave traces of your presence, just of your acts","The traces of three characters, Maria, Daniel, and Jackpot, can be read like an experimental coming-of-age film. What effects do intergenerational traumas have on the psyche, on desire, on the formation of our identity?",0.014299999922513962,2025-11-21,"You do not leave traces of your presence, just of your acts",0.0,0,https://image.tmdb.org/t/p/w342,https://image.tmdb.org/t/p/w780,2025,11,low,,[],
1572930,fr,BACKLINK,,0.014299999922513962,2025-11-14,BACKLINK,0.0,0,https://image.tmdb.org/t/p/w342/oZlJDc5aY0CrPG2nlHvhz4lGItv.jpg,https://image.tmdb.org/t/p/w780,2025,11,low,,"['Drama', 'Action', 'Horror', 'Mystery']","Drama, Action, Horror, Mystery"
1572926,de,Frau Pupak,"The 80-year-old Ms. Pupak lives in a retirement home in Dieburg, Hesse. The film shows her everyday life in slow motion and gives her space for honest and self-reflective words about her past, the present, and the last stage of her life.",0.0071000000461936,2025-11-20,Frau Pupak,0.0,0,https://image.tmdb.org/t/p/w342,https://image.tmdb.org/t/p/w780,2025,11,low,,['Documentary'],Documentary
1572914,en,Hedgehog Windows,"An animated documentary that bridges the gap between research and neurodiverse everyday life. A curious, gentle hedgehog interviewer accompanies Gaura, an artist with ADHD traits. His voice opens a window to honest reflections on identity, creativity, and self-understanding. Warm and grounded, the film invites recognition beyond medical labels and diagnoses.",0.0,2025-11-20,Hedgehog Windows,0.0,0,https://image.tmdb.org/t/p/w342,https://image.tmdb.org/t/p/w780,2025,11,low,,"['Animation', 'Documentary']","Animation, Documentary"
1572901,de,Der Präsident,"At the age of 23, Stepan Timoshin is already at the top of his game. The tabloids have dubbed the influencer and TikToker the ""sneaker millionaire."" In early 2024, he announces that he wants to become president of Hertha BSC. The film follows the young entrepreneur on his mission to become the youngest president of a professional soccer club in Europe. But two days before the presidential election, an article appears in Der Spiegel, whose research suggests that Timoshin's financial background is different from what he claims.",0.0071000000461936,2025-11-23,Der Präsident,0.0,0,https://image.tmdb.org/t/p/w342,https://image.tmdb.org/t/p/w780,2025,11,low,,['Documentary'],Documentary
1572898,en,订阅可除水印：什么让我们相同或不同？,"Commercially operated AI image generators reveal their hidden logic in the shimmering choreography of loading bars, confirmation windows, and beauty filters. Between gamification and advertising banners, the camera switches between the feverishly typed prompts of an invisible user and the AI-generated portraits. Algorithmic promise and lived uncertainty of the digital black box. A field of tension between the visible and the hidden, between conformity and difference, in which creativity must be renegotiated.",0.014299999922513962,2025-11-23,Subscribe to Remove the Watermark: What Makes Us Alike or Different?,0.0,0,https://image.tmdb.org/t/p/w342,https://image.tmdb.org/t/p/w780,2025,11,low,,[],
1572882,fr,Marie s‘évade,"60-year-old Marie is a sociable woman who lives in a working-class neighborhood in Paris. All her life, she has had one difficult and precarious job after another. At the end of the month, when she receives her small pension, Marie does her sums and hopes she will be able to treat herself to something.",0.0071000000461936,2025-11-23,Marie's Big Break,0.0,0,https://image.tmdb.org/t/p/w342,https://image.tmdb.org/t/p/w780,2025,11,low,,[],
1572862,zh,你的天好蓝啊,"The War in Kassel and Chongqing - Explorations from the protagonist's perspective. She travels through the last words and remnants of the war to Chongqing and Kassel, two cities 7,900 kilometers apart. Although she lived there for a long time, she never experienced the war herself. As someone who grew up in a world heavily influenced by electronic media, images nevertheless give her an idea of the pain and depth. Images make the extent of the war visible and allow the horrors to be felt even beyond actual experience.",0.0,2025-11-22,How Blue the Sky Is,0.0,0,https://image.tmdb.org/t/p/w342,https://image.tmdb.org/t/p/w780,2025,11,low,,[],
1572850,de,EMDR-Gespräch über Bäume,"""What kind of times are these, when talking about trees is almost a crime? Because it implies silence about so many misdeeds!"" Bertolt Brecht from the poem ""To Those Born After,"" written in exile in Denmark between 1934 and 1938. A poetry film.",0.0071000000461936,2025-11-22,EMDR-Talk about Trees,0.0,0,https://image.tmdb.org/t/p/w342,https://image.tmdb.org/t/p/w780,2025,11,low,,['Documentary'],Documentary
1572805,uk,Chuzak,"Through symbolic imagery — like the cocoon and the fragile exhalation — the journey of suffering and purification unfolds: a metamorphic process of death, release, and rebirth. The film reveals how the body’s inner messengers link pain, transformation, and hope, shaping both our perception and our very being.",0.0071000000461936,2025-11-21,Chuzak,0.0,0,https://image.tmdb.org/t/p/w342,https://image.tmdb.org/t/p/w780,2025,11,low,,['Documentary'],Documentary
1572804,vi,Ngày Khác,"One day, a child sits quietly and attentively in a dilapidated apartment building. A fan gently stirs the air as the child plays with a Rubik's cube, its colorful faces sparkling in the fading light. With delicate movements, the child crosses streets and alleys, discovering hidden possibilities. Despite the threat of decay, small moments full of play, wonder, and hope arise, nourishing creativity. A delicate contrast to the faceless world of adults and the impending collapse that threatens to engulf everything.",0.0071000000461936,2025-11-21,Another Day,0.0,0,https://image.tmdb.org/t/p/w342,https://image.tmdb.org/t/p/w780,2025,11,low,,[],
1572930,fr,BACKLINK,,0.014299999922513962,2025-11-14,BACKLINK,0.0,0,https://image.tmdb.org/t/p/w342/oZlJDc5aY0CrPG2nlHvhz4lGItv.jpg,https://image.tmdb.org/t/p/w780,2025,11,low,,"['Drama', 'Action', 'Horror', 'Mystery']","Drama, Action, Horror, Mystery"
1572919,de,Subjekt,"Maryam, an Iranian woman, is accompanied by a film crew for a documentary about her everyday life. However, during filming, it becomes increasingly clear that the biased image the director wants to portray of Maryam in his documentary may not correspond at all to how Maryam sees herself and her situation, or how she wants to be seen.",0.014299999922513962,2025-11-20,Subjekt,0.0,0,https://image.tmdb.org/t/p/w342,https://image.tmdb.org/t/p/w780,2025,11,low,,[],
1572916,tr,often manchmal,"The film reflects things that go through our minds. Sometimes they are visible on the surface, often they are hidden beneath it. The rhythm of everyday life and fragmented perception. The action in the film floats through urban spaces and finds no destination.",0.014299999922513962,2025-11-20,often manchmal,0.0,0,https://image.tmdb.org/t/p/w342,https://image.tmdb.org/t/p/w780,2025,11,low,,[],
1572909,xx,The Burrow,"When his brother disappears in the night, the young child follows him into a dark forest—and embarks on a journey through pain and hope to find his way back into the light.",0.014299999922513962,2025-11-20,The Burrow,0.0,0,https://image.tmdb.org/t/p/w342,https://image.tmdb.org/t/p/w780,2025,11,low,,['Drama'],Drama
1572898,en,订阅可除水印：什么让我们相同或不同？,"Commercially operated AI image generators reveal their hidden logic in the shimmering choreography of loading bars, confirmation windows, and beauty filters. Between gamification and advertising banners, the camera switches between the feverishly typed prompts of an invisible user and the AI-generated portraits. Algorithmic promise and lived uncertainty of the digital black box. A field of tension between the visible and the hidden, between conformity and difference, in which creativity must be renegotiated.",0.014299999922513962,2025-11-23,Subscribe to Remove the Watermark: What Makes Us Alike or Different?,0.0,0,https://image.tmdb.org/t/p/w342,https://image.tmdb.org/t/p/w780,2025,11,low,,[],
1572878,de,Jeune homme au blouson en cuir,He dreams. I believe in his dream.,0.014299999922513962,2025-11-22,Young Man with a Leather Jacket,0.0,0,https://image.tmdb.org/t/p/w342,https://image.tmdb.org/t/p/w780,2025,11,low,,[],
1572871,it,Di notte,"It is almost nighttime on the mountain. A lone car drives down the road. At the wheel, someone begins to sing a strange lullaby...",0.014299999922513962,2025-11-22,At Night,0.0,0,https://image.tmdb.org/t/p/w342/hsvnPK6QEt0mXakT7kVsZM7UX12.jpg,https://image.tmdb.org/t/p/w780,2025,11,low,,[],
1572864,en,Revision,"How do historical revisionism and negationism work today? The film examines this question using the example of the peace statues for the ""comfort women"" of World War II—victims of human trafficking—which are to be removed from public spaces. It is a rarely told story of decades of revisionism and worldwide resistance. The victims were mostly poor women and girls whose stories were long ignored. Can denial and erasure completely wipe out the past? Will the truth remain hidden forever, or will it be replaced by an idealized past?",0.014299999922513962,2025-11-22,Revision,0.0,0,https://image.tmdb.org/t/p/w342,https://image.tmdb.org/t/p/w780,2025,11,low,,['Documentary'],Documentary
1572822,de,Raum ohne Zeit,"The artist Sarah Schrof is in her studio, where fragmentary soundscapes accompany her through the space. Observing and feeling her way, she follows fleeting materials and processes that unfold in the moment. Plants transform into pigments, colors slowly take shape. In the process, measurable time becomes a subjective sensation that is lost in the creative flow. An invitation to explore the connection between nature, art, and inner experience in this timeless space and to trace the fleeting moments.",0.014299999922513962,2025-11-21,Raum ohne Zeit,0.0,0,https://image.tmdb.org/t/p/w342,https://image.tmdb.org/t/p/w780,2025,11,low,,[],
1572672,de,Fusion,When religious-patriarchal dogmas take precedence over women's right to self-determination: the documentary takes a critical look at the consequences of a merger between two hospitals in Flensburg.,0.014299999922513962,2025-11-14,Fusion,0.0,0,https://image.tmdb.org/t/p/w342,https://image.tmdb.org/t/p/w780,2025,11,low,,['Documentary'],Documentary
1572376,fr,"Berlin, mon village fantôme",,0.014299999922513962,2025-11-19,"Berlin, mon village fantôme",0.0,0,https://image.tmdb.org/t/p/w342/2Lwv3uu742fcbGPD1ivqAIBdnKg.jpg,https://image.tmdb.org/t/p/w780,2025,11,low,,"['Documentary', 'TV Movie']","Documentary, TV Movie"
1572201,en,Romy tient un journal,"Through a simple juxtaposition of words and images, Charles-Émile Lafrance and Romy Bélisle give us a coming-of-age story distilled to its purest components, emphasizing the essence of being aware of the passing of time. Romy Bélisle’s writing grants us access to her inner self, to the universal significance of the end of adolescence, to one world dying so that another can be born. Her words are paired with images of her last summer before heading toward adulthood, captured by a warm and discreet camera. These seemingly mundane fragments contrast with the breadth of emotions conveyed by her entries, and from this tension crystallizes the underlying goal of immortalizing what is about to disappear with the maturity and clarity we all wish we had.",0.014299999922513962,2025-11-23,Romy keeps a diary,0.0,0,https://image.tmdb.org/t/p/w342,https://image.tmdb.org/t/p/w780,2025,11,low,,[],
1571091,en,Mind Game,Abstract animated film.,0.014299999922513962,2025-11-13,Mind Game,0.0,0,https://image.tmdb.org/t/p/w342/btsXXHCo46uXSBlS1tdOZsZODqt.jpg,https://image.tmdb.org/t/p/w780,2025,11,low,,['Animation'],Animation
1570936,it,Juventus - Il decennio d'oro,,0.014299999922513962,2025-11-26,Juventus - Il decennio d'oro,0.0,0,https://image.tmdb.org/t/p/w342,https://image.tmdb.org/t/p/w780,2025,11,low,,['Documentary'],Documentary
1570898,ko,옹기와 장인,,0.014299999922513962,2025-11-21,Village of Onggijang,0.0,0,https://image.tmdb.org/t/p/w342,https://image.tmdb.org/t/p/w780/7O8uuI1Covll9vG2JmXuXblJx36.jpg,2025,11,low,,['Documentary'],Documentary
1569003,es,Rompecabezas,Miguel is a bartender at night and Ana is an office worker during the day. They are a couple on the verge of breaking up because of their routines. They decide to solve a jigsaw puzzle to reconnect.,0.014299999922513962,2025-11-13,Jigsaw puzzle,0.0,0,https://image.tmdb.org/t/p/w342/jTACMdmx9KBbVT7mA1ZRQ2d5j6L.jpg,https://image.tmdb.org/t/p/w780/oRA5CBeMuGzM8iYOm6Y2g8yg56f.jpg,2025,11,low,,['Romance'],Romance
1568997,es,Red Velvet,,0.014299999922513962,2025-12-01,Red Velvet,0.0,0,https://image.tmdb.org/t/p/w342,https://image.tmdb.org/t/p/w780,2025,12,low,,"['Romance', 'Horror', 'Comedy']","Romance, Horror, Comedy"
1568262,pt,Wishful Filming,"Filmmaker Sarah Vanagt shoots with a small camera as she wanders through Brussels, where she encounters Polish, Iranian, Brazilian, Belgian, and Moroccan construction laborers, busy at work. At her request, they write notes addressed to future generations, and then hide them—beneath paving stones, inside pipes, or behind walls. Sometimes it’s a wish or reflection; sometimes simply a greeting from the present. One reads: “When you find this, I hope the world is a better place.”",0.014299999922513962,2025-11-14,Wishful Filming,0.0,0,https://image.tmdb.org/t/p/w342,https://image.tmdb.org/t/p/w780,2025,11,low,,['Documentary'],Documentary
1568040,ar,Abele,"In the mountains of Sardinia and the inhospitable desert landscape of Palestine, shepherds have been herding livestock in the same traditional way for centuries. Experienced men drive bleating sheep and goats across fertile grazing spots. From a distance, the dancing white dots form an aesthetically appealing and meditative image against a background of dramatic mountain ridges.",0.014299999922513962,2025-11-17,Abel,0.0,0,https://image.tmdb.org/t/p/w342,https://image.tmdb.org/t/p/w780,2025,11,low,,['Documentary'],Documentary
1567974,fr,La chambre de ma soeur,"Justine is in her room, in her bed. Her alarm goes off and it takes a long time for her to turn the sound off. She goes back to sleep. The film takes place in Justine’s bedroom. The camera almost never leaves these four walls. And neither does she.",0.014299999922513962,2025-11-14,My Sister’s Room,0.0,0,https://image.tmdb.org/t/p/w342,https://image.tmdb.org/t/p/w780,2025,11,low,,['Documentary'],Documentary
1567974,fr,La chambre de ma soeur,"Justine is in her room, in her bed. Her alarm goes off and it takes a long time for her to turn the sound off. She goes back to sleep. The film takes place in Justine’s bedroom. The camera almost never leaves these four walls. And neither does she.",0.014299999922513962,2025-11-14,My Sister’s Room,0.0,0,https://image.tmdb.org/t/p/w342,https://image.tmdb.org/t/p/w780,2025,11,low,,['Documentary'],Documentary
1567968,ca,Dreams for a Better Past,"Albert Kuhn uses a personal, analytical, and cinematic lens to examine how an untold family history leaves its mark on the second and third generations. Kuhn’s father emigrated from Germany to Barcelona in the 1970s, leaving behind his native country and the family he was born into.",0.014299999922513962,2025-11-15,Dreams for a Better Past,0.0,0,https://image.tmdb.org/t/p/w342,https://image.tmdb.org/t/p/w780,2025,11,low,,['Documentary'],Documentary
1567741,es,Por la gaseosa,"In a city without water, a soccer match between two neighborhoods turns into a battle for the most coveted prize: soda.",0.014299999922513962,2025-11-12,For the Soda,0.0,0,https://image.tmdb.org/t/p/w342/xJvmgMIUiKS9G1U04HrRufiElxC.jpg,https://image.tmdb.org/t/p/w780,2025,11,low,,[],
1567679,nl,Woestijn van de werkelijkheid,"Who am I? What is real? How to live in the madness of the world? These are questions posed by six people who have had psychosis and speak openly about their experience. They have in common that they think deeply, and that at particular moments in their lives, they were under intense personal and social pressure.",0.014299999922513962,2025-11-17,The Desert of the Real,0.0,0,https://image.tmdb.org/t/p/w342,https://image.tmdb.org/t/p/w780/bE6T5ZdrUvoJqOIp1J3BV1sdwXu.jpg,2025,11,low,,['Documentary'],Documentary
1567112,en,Singaporeans on the Kamo River,"Perched on a bridge overlooking the Kamo River in Japan, a filmmaker imagines what their conversations would be if they were all Singaporeans like him.",0.014299999922513962,2025-11-30,Singaporeans on the Kamo River,0.0,0,https://image.tmdb.org/t/p/w342/mNpxdUvd5lyHo7HkQjAvRVZr02F.jpg,https://image.tmdb.org/t/p/w780,2025,11,low,,[],
1566139,en,Si Kara: Ang Babaye Nga Nag Daba-Daba,"In Bacolod, Kara feels a sudden surge of intense body heat as a distant rumble echoes from the mountains.",0.014299999922513962,2025-11-14,Kara: The Burning Woman,0.0,0,https://image.tmdb.org/t/p/w342,https://image.tmdb.org/t/p/w780,2025,11,low,,['Science Fiction'],Science Fiction
1564730,lt,Kambariokai,Martynas' peaceful morning is disrupted by the return of his roommate with a girlfriend. His curiosity soon becomes part of the couple's game.,0.014299999922513962,2025-11-13,Morning Mosh,0.0,0,https://image.tmdb.org/t/p/w342,https://image.tmdb.org/t/p/w780,2025,11,low,,[],
1564095,ar,ﻟَﻣْن اَﺗْﯾَنَ ﻗْﺑَﻠﻧ,"Four trans women from Lebanon—Em Abed, Jamal Abdo, Antonella, and Mama Jad—recount lives shaped by resilience, love, and loss. Their stories span from the groundbreaking state-funded gender-affirming surgery of 1997 to the disappearance of Beirut’s once-safe queer spaces. Through personal photographs, archival footage, and recollections of places like the Raouche strip, their voices resurrect a forgotten history of community and survival amid war and oppression. Interwoven with the filmmaker’s own journey of self-discovery, this intimate documentary traces four decades of trans life in Beirut, celebrating friendship, identity, and the enduring spirit of chosen family.",0.014299999922513962,2025-11-15,Treat Me Like Your Mother,0.0,0,https://image.tmdb.org/t/p/w342/tT7aDDWjUGgrF0qogaCCXRUAlvZ.jpg,https://image.tmdb.org/t/p/w780/jhhAnK5yFXCEtsYn1VuR5b763Lm.jpg,2025,11,low,,[],
1563545,zh,同一條船下,"16 years ago, Chen Huo-sheng was a captain and the central figure in a drug trafficking case. He believed the justice system would eventually clear his name, not knowing that the clouds of injustice were harder to escape than the pirates at sea. While a wrongful conviction may seem complex, a closer look reveals its stark clarity.",0.014299999922513962,2025-11-13,Under the Same Boat,0.0,0,https://image.tmdb.org/t/p/w342,https://image.tmdb.org/t/p/w780,2025,11,low,,['Documentary'],Documentary
1560596,en,Gramps,"Carol sneaks off to meet her boyfriend, but instead encounters Old Gramps - a dusty zombie with no sense of humor and an appetite for flesh.",0.014299999922513962,2025-05-10,Gramps,0.0,0,https://image.tmdb.org/t/p/w342/x71txlMUCOr1ekOM3Hgj0JReP8a.jpg,https://image.tmdb.org/t/p/w780/4eUr05hVe1bDz4Ix1Naf3TndVgV.jpg,2025,5,low,,"['Horror', 'Comedy']","Horror, Comedy"
1559903,en,Being Seen Makes Us Happy,"A documentary exploring the intersection of identity, community, and graffiti culture through a feminist lens, spotlighting the untold stories of 4 generations of female graffiti writers from New York City.",0.014299999922513962,2025-11-12,Being Seen Makes Us Happy,0.0,0,https://image.tmdb.org/t/p/w342/qfQXHGB0Vch8cjv5bhCIODvXKEV.jpg,https://image.tmdb.org/t/p/w780/eXWqHiOuERNCQ3cfTN0E6Cpj3v6.jpg,2025,11,low,,[],
1558664,et,Memory Merchant,"Magnus is seriously ill and needs money. He turns to an auction where people sell their memories to survive. At first, he offers small, simple ones, but they attract no buyers. Frustrated, he approaches the Auction Master to find out what went wrong, and that is when he learns that the system wants more.",0.014299999922513962,2025-11-17,Memory Merchant,0.0,0,https://image.tmdb.org/t/p/w342,https://image.tmdb.org/t/p/w780,2025,11,low,,"['Drama', 'Science Fiction']","Drama, Science Fiction"
1556939,en,Rangerlu Tuku Pirra Ngalypa Warrarn,"In November 2024, two Indigenous ranger teams set out on a 1,900-kilometre journey from the remote community of Bidyadanga in Western Australia to Uluru. Their destination: the largest gathering of Indigenous desert rangers in Australia — the Indigenous Desert Alliance Conference.",0.014299999922513962,2025-11-01,Rangers Look After the Desert 'Healthy Country',0.0,0,https://image.tmdb.org/t/p/w342/zWZ5gxcbK42oD47gTXc2XZDVBwi.jpg,https://image.tmdb.org/t/p/w780/rYqAeiHgGEzXwBgCD7k4XPc1Bwo.jpg,2025,11,low,,"['Documentary', 'Adventure']","Documentary, Adventure"
1549428,ar,Those Who Are Left,"A Palestinian family deals with the loss of their 22-year-old son Omar after he was shot dead by the Israeli military. The film follows Omars younger brother, his sister and his mother who live in a Palestinian refugee camp near Bethlehem, West Bank.  While Omar’s sister Rama holds onto old memories and pictures, his brother Mohammad rarely talks about Omar’s death. But one evening, above the roofs of the camp, he shares his deepest thoughts about the future with his best friend. Omar's death has left deep marks on the siblings and their own will to live.  While they struggle to move on with their lives, Omar’s mother is torn between pride and grief. She believes in the meaning of his death as a martyr.",0.014299999922513962,2025-11-15,Those Who Are Left,0.0,0,https://image.tmdb.org/t/p/w342/b3KCQUL1RmY0qi2O7NS1iZAEaPq.jpg,https://image.tmdb.org/t/p/w780,2025,11,low,,['Documentary'],Documentary
1544488,es,Providencia,"On a quiet afternoon, four desperate youths invade the house of a lonely old woman in search of money and food. But their improvised theft quickly spirals into something far more sinister: a silent human hunt.",0.014299999922513962,2025-11-14,Providence,0.0,0,https://image.tmdb.org/t/p/w342/djn2taU38hQq3JYuUdy2LViUGk7.jpg,https://image.tmdb.org/t/p/w780,2025,11,low,,['Horror'],Horror
1528104,es,Mejor afuera que adentro,"When what begins as a simple argument between Vicky and Bruno spirals into unexpected violence, they soon realize it's better to let it all out.",0.014299999922513962,2025-11-20,Mejor afuera que adentro,0.0,0,https://image.tmdb.org/t/p/w342/aLfmZgX6hHjfIzj2AHWAmYgfAqr.jpg,https://image.tmdb.org/t/p/w780/sGccjKU4p7ZRvlGoUdDnDzYekZd.jpg,2025,11,low,,"['Horror', 'Drama', 'Action']","Horror, Drama, Action"
1454201,fr,Devant – Contrechamp de la rétention,"Pauline, Norah, Kristina and others wait for hours, sitting under a hut deep in the Bois de Vincennes. In front of the administrative detention center (CRA) in Paris, they have all come to see their loved ones locked up. Lives on hold, awaiting deportation or release. On this stage, these women tell their stories, talk to each other, share their experience, their revolt and their dreams with new visitors. They are the mirror of migrant detention, its reverse view.",0.014299999922513962,2025-11-12,Devant – Contrechamp de la rétention,0.0,0,https://image.tmdb.org/t/p/w342/nji3hTf26nnFfMSdTf261RRu6O1.jpg,https://image.tmdb.org/t/p/w780/orqhyrJkWKt1xA3lVdO4uzvzHT1.jpg,2025,11,low,,['Documentary'],Documentary
1448302,en,Thief!,"A customer is browsing a corner shop when finding someone steal inside. He then decides to follow him, and recover those possessions..",0.014299999922513962,2025-12-03,Thief!,0.0,0,https://image.tmdb.org/t/p/w342/7h8Dr1fUrTq71cUtwIgCenyF6GS.jpg,https://image.tmdb.org/t/p/w780,2025,12,low,,[],
1444237,es,La mujer de blanco,,0.014299999922513962,2025-11-20,La mujer de blanco,0.0,0,https://image.tmdb.org/t/p/w342/govPu7O0n7vLp8Ftxd0OgUbTl64.jpg,https://image.tmdb.org/t/p/w780/y8UOAyQRdTcpy9McsKUy3ZiPtXr.jpg,2025,11,low,,['Fantasy'],Fantasy
1428700,en,Neil Martin: Bóthar an Cheoil,"The work of Belfast composer Neil Martin has been performed across the globe, from Ground Zero to Mostar Bridge, from the Royal Albert Hall to the International Space Station.",0.014299999922513962,2025-11-26,Neil Martin: Bóthar an Cheoil,0.0,0,https://image.tmdb.org/t/p/w342/m2XDcZLZFUKoRQbOmwrMYejeGHB.jpg,https://image.tmdb.org/t/p/w780/oIxx9dccymf01vPVouzT38jpAX0.jpg,2025,11,low,,['Documentary'],Documentary
1373944,lv,Izvēle,Housekeeper Gints gets a job with the elderly composer Emilia. Their relationship doesn't work out right away due to the woman's fear about the last concert of her career. Emilia doesn't know the real reason why Gints got a job with her.,0.014299999922513962,2025-11-15,The Choice,0.0,0,https://image.tmdb.org/t/p/w342/vFlpokWMQcdqgZliXIrQpy8fnep.jpg,https://image.tmdb.org/t/p/w780/tWsrA7g61FxU6LfySukKnBo0hAY.jpg,2025,11,low,,['Drama'],Drama
1303359,es,"Feliz Cumpleaños, Eric","At his birthday party, a young introvert must confront his family's conservative ideals when his boyfriend unexpectedly shows up.",0.014299999922513962,2025-11-13,"Feliz Cumpleaños, Eric",0.0,0,https://image.tmdb.org/t/p/w342/cOp75WEUE0WlFIGY3yA4XvWkQcu.jpg,https://image.tmdb.org/t/p/w780/w8XnNlKPjKJTK1rFHoN8Hd5fQFh.jpg,2025,11,low,,"['Drama', 'Romance']","Drama, Romance"
1577869,en,Tim Ballard's Hidden War,Tim Ballard leads operations across continents to save children from sex trafficking rings. The mission reveals traffickers' brutal tactics while working to expose and stop global child exploitation.,0.0071000000461936,2025-11-13,Tim Ballard's Hidden War,0.0,0,https://image.tmdb.org/t/p/w342/9I67gHNueHp8Q2juhX3yWMT3m3I.jpg,https://image.tmdb.org/t/p/w780,2025,11,low,,[],
1577867,en,INDIGO,"After his great-grandmother’s passing, Seth reconstructs her home inside Minecraft. Using Polycam scans, voice memos,and ambient fragments from family interviews, INDIGO becomes a portrait of loss, painted through nostalgic blocks. It's about memory, technology, and the ways we preserve what we love.  The final chapter of the COLOUR SERIES.",0.0071000000461936,2025-11-28,INDIGO,0.0,0,https://image.tmdb.org/t/p/w342/3c5IposT97FNCADQeKb2IgrT6uB.jpg,https://image.tmdb.org/t/p/w780/bk61yg5lgUI4dHy1h4Xd7oHrbXv.jpg,2025,11,low,,['Documentary'],Documentary
1577806,de,Droht der digitale Blackout? - KI und Internet am Limit,,0.0071000000461936,2025-11-18,Droht der digitale Blackout? - KI und Internet am Limit,0.0,0,https://image.tmdb.org/t/p/w342/1iuI1Ijvc1KAD3Y9EwZemX7p4YI.jpg,https://image.tmdb.org/t/p/w780/FIeCNiX6xnV2YJGiTt1o3TNzEA.jpg,2025,11,low,,['Documentary'],Documentary
1577800,es,Buenos F**cking Aires,"Ana is a twentysomething artist: she teaches art to kids, goes to parties, and tries to avoid running into her ex. A gallery owner invites her to put on her first solo show. As she scrambles to get it ready in time, she meets a new girl. Buenos F**cking Aires is a portrait of a generation immersed in the nightlife and contemporary art scene of Buenos Aires: a story about adulthood, friendship, miscommunication, and job insecurity.",0.0071000000461936,2025-11-16,Buenos F**cking Aires,0.0,0,https://image.tmdb.org/t/p/w342/8i0XE2vsVbZgnpo1N6XjyL1EIXM.jpg,https://image.tmdb.org/t/p/w780,2025,11,low,,[],
1577786,es,¿Quién mató a la cucaracha?,"An unprecedented event takes place in Okania, a planet parallel to Earth where the gender structures and behaviors of the Idiots are meticulously studied. The death of the cockroach marks the beginning of a dark chapter in their own civilization, which ends with an even more unsettling occurrence.",0.0071000000461936,2025-11-13,¿Quién mató a la cucaracha?,0.0,0,https://image.tmdb.org/t/p/w342/t3MtgQ6ssPecYYE6zH9VonUaUcl.jpg,https://image.tmdb.org/t/p/w780,2025,11,low,,[],
1577781,es,Madre moderna,"Carmen is a very open-minded mother who seeks to strengthen her relationship with her 25-year-old son, Dani, who is gay, deaf, and whose love life is on hold. She's concerned that despite seeing him often, he doesn't share his personal life with her. She decides to take him out of his comfort zone by secretly setting him up on three dates through an app. After convincing him to go, Dani will experience three very peculiar situations that, with humor, reflect the lack of understanding he experiences every day in a hearing environment.",0.0071000000461936,2025-11-12,Madre moderna,0.0,0,https://image.tmdb.org/t/p/w342/76LQsqf73CuKwD5RNoa9DVyrRtg.jpg,https://image.tmdb.org/t/p/w780,2025,11,low,,[],
1577690,cs,Nejseš moje máma,"The director's candid confession offers an unusually honest look at foster parenting. It reveals the difficult journey she and her adopted daughter have been through, and together with other foster parents, she searches for answers that would help her understand the sudden separation on the threshold of her daughter's adulthood.",0.0071000000461936,2025-11-27,You're Not My Mom,0.0,0,https://image.tmdb.org/t/p/w342,https://image.tmdb.org/t/p/w780,2025,11,low,,"['Documentary', 'TV Movie']","Documentary, TV Movie"
1577461,pl,Лес,Several true stories from the 1930s about Stalin’s repressions. One of them tells about a Gomel official who survived an execution in the infamous Novobelitsky (Chonkovsky) forest near Gomel.,0.0071000000461936,2025-11-14,The Forest,0.0,0,https://image.tmdb.org/t/p/w342/5NQKtjf4z84oUeI61HeYsendnUH.jpg,https://image.tmdb.org/t/p/w780,2025,11,low,,['Documentary'],Documentary
1577449,en,The Poisonous Cookie 2: Sweet Revenge,Upcoming Poisonous Cookie Seqeul,0.0071000000461936,2025-11-14,The Poisonous Cookie 2: Sweet Revenge,0.0,0,https://image.tmdb.org/t/p/w342,https://image.tmdb.org/t/p/w780,2025,11,low,,[],
1577423,en,Nihikéyah,"This documentary explores the enduring resilience of Navajo Nation families who refuse to abandon their land. In 1974, the U.S. government enacted the Navajo-Hopi Land Settlement Act, leading to widespread displacement. The film highlights the people of Black Mesa, where a few Navajo families continue to stand their ground, preserving their heritage and fighting for their ancestral right to remain on their sacred land.",0.0071000000461936,2025-11-12,Nihikéyah,0.0,0,https://image.tmdb.org/t/p/w342/tUpNlJd8yumYwh0d3tCdyS7oNP9.jpg,https://image.tmdb.org/t/p/w780,2025,11,low,,['Documentary'],Documentary
1577363,pt,"Drags, Um Super Filme","This Brazilian documentary follows four drag‑queen artists — Tchaka, Hellena Borgys, Márcia Pantera and Vera Ronzella — as they share their personal journeys, performances and identities. Filmed between late 2022 and early 2023, the film explores both the celebratory, glamorous side of drag performance and the challenges these performers face (prejudice, resistance, the work of building a public art identity). Beginning with their stories and everyday lives, the documentary invites viewers into their creative worlds — how each developed their persona, how they navigate their art in society, and how they claim their truth on stage and off.",0.0071000000461936,2025-11-15,"Drags, Um Super Filme",0.0,0,https://image.tmdb.org/t/p/w342/vFekS8ZKydao97TQAX8l4m0aIEw.jpg,https://image.tmdb.org/t/p/w780/lRtEoH0aEQSsHd6rxp0aSvm5eAm.jpg,2025,11,low,,[],
1577358,pt,Desejo de Viver (Mutatis Mutandis),"A documentary film that follows five trans people with disabilities living in the State of São Paulo, who share their life experiences — stories of resistance, affection and reinvention. Through their voices and day-to-day realities, the film explores how gender identity, disability, social marginalization and personal resilience intersect. It invites reflection on belonging and transformation, revealing how these five individuals redefine limits, build support networks and reclaim their right to live fully.",0.0071000000461936,2025-11-17,Desejo de Viver (Mutatis Mutandis),0.0,0,https://image.tmdb.org/t/p/w342/wHdmwV9ZFcUqJNjGIr2xNZRoEZ0.jpg,https://image.tmdb.org/t/p/w780,2025,11,low,,[],
1572926,de,Frau Pupak,"The 80-year-old Ms. Pupak lives in a retirement home in Dieburg, Hesse. The film shows her everyday life in slow motion and gives her space for honest and self-reflective words about her past, the present, and the last stage of her life.",0.0071000000461936,2025-11-20,Frau Pupak,0.0,0,https://image.tmdb.org/t/p/w342,https://image.tmdb.org/t/p/w780,2025,11,low,,['Documentary'],Documentary
1572901,de,Der Präsident,"At the age of 23, Stepan Timoshin is already at the top of his game. The tabloids have dubbed the influencer and TikToker the ""sneaker millionaire."" In early 2024, he announces that he wants to become president of Hertha BSC. The film follows the young entrepreneur on his mission to become the youngest president of a professional soccer club in Europe. But two days before the presidential election, an article appears in Der Spiegel, whose research suggests that Timoshin's financial background is different from what he claims.",0.0071000000461936,2025-11-23,Der Präsident,0.0,0,https://image.tmdb.org/t/p/w342,https://image.tmdb.org/t/p/w780,2025,11,low,,['Documentary'],Documentary
1572882,fr,Marie s‘évade,"60-year-old Marie is a sociable woman who lives in a working-class neighborhood in Paris. All her life, she has had one difficult and precarious job after another. At the end of the month, when she receives her small pension, Marie does her sums and hopes she will be able to treat herself to something.",0.0071000000461936,2025-11-23,Marie's Big Break,0.0,0,https://image.tmdb.org/t/p/w342,https://image.tmdb.org/t/p/w780,2025,11,low,,[],
1572869,en,Hinterland,"What happens when humanity fails to learn from its mistakes? Fairytale images, symbols, and transformations speak to show the past as a living resonance chamber. ""Once upon a time"" becomes a touchstone for the present. Fairy tales with motifs of loss, transformation, and rescue form a cultural echo that extends beyond childhood. At the center is a dialogue with photographer Gerty Deutsch. Based on her images, Catrine Val developed a new, cinematic-poetic language in which singing becomes the ultimate form of expression—where words no longer suffice.",0.0071000000461936,2025-11-22,Hinterland,0.0,0,https://image.tmdb.org/t/p/w342,https://image.tmdb.org/t/p/w780,2025,11,low,,[],
1572850,de,EMDR-Gespräch über Bäume,"""What kind of times are these, when talking about trees is almost a crime? Because it implies silence about so many misdeeds!"" Bertolt Brecht from the poem ""To Those Born After,"" written in exile in Denmark between 1934 and 1938. A poetry film.",0.0071000000461936,2025-11-22,EMDR-Talk about Trees,0.0,0,https://image.tmdb.org/t/p/w342,https://image.tmdb.org/t/p/w780,2025,11,low,,['Documentary'],Documentary
1572805,uk,Chuzak,"Through symbolic imagery — like the cocoon and the fragile exhalation — the journey of suffering and purification unfolds: a metamorphic process of death, release, and rebirth. The film reveals how the body’s inner messengers link pain, transformation, and hope, shaping both our perception and our very being.",0.0071000000461936,2025-11-21,Chuzak,0.0,0,https://image.tmdb.org/t/p/w342,https://image.tmdb.org/t/p/w780,2025,11,low,,['Documentary'],Documentary
1572869,en,Hinterland,"What happens when humanity fails to learn from its mistakes? Fairytale images, symbols, and transformations speak to show the past as a living resonance chamber. ""Once upon a time"" becomes a touchstone for the present. Fairy tales with motifs of loss, transformation, and rescue form a cultural echo that extends beyond childhood. At the center is a dialogue with photographer Gerty Deutsch. Based on her images, Catrine Val developed a new, cinematic-poetic language in which singing becomes the ultimate form of expression—where words no longer suffice.",0.0071000000461936,2025-11-22,Hinterland,0.0,0,https://image.tmdb.org/t/p/w342,https://image.tmdb.org/t/p/w780,2025,11,low,,[],
1572850,de,EMDR-Gespräch über Bäume,"""What kind of times are these, when talking about trees is almost a crime? Because it implies silence about so many misdeeds!"" Bertolt Brecht from the poem ""To Those Born After,"" written in exile in Denmark between 1934 and 1938. A poetry film.",0.0071000000461936,2025-11-22,EMDR-Talk about Trees,0.0,0,https://image.tmdb.org/t/p/w342,https://image.tmdb.org/t/p/w780,2025,11,low,,['Documentary'],Documentary
1572805,uk,Chuzak,"Through symbolic imagery — like the cocoon and the fragile exhalation — the journey of suffering and purification unfolds: a metamorphic process of death, release, and rebirth. The film reveals how the body’s inner messengers link pain, transformation, and hope, shaping both our perception and our very being.",0.0071000000461936,2025-11-21,Chuzak,0.0,0,https://image.tmdb.org/t/p/w342,https://image.tmdb.org/t/p/w780,2025,11,low,,['Documentary'],Documentary
1572804,vi,Ngày Khác,"One day, a child sits quietly and attentively in a dilapidated apartment building. A fan gently stirs the air as the child plays with a Rubik's cube, its colorful faces sparkling in the fading light. With delicate movements, the child crosses streets and alleys, discovering hidden possibilities. Despite the threat of decay, small moments full of play, wonder, and hope arise, nourishing creativity. A delicate contrast to the faceless world of adults and the impending collapse that threatens to engulf everything.",0.0071000000461936,2025-11-21,Another Day,0.0,0,https://image.tmdb.org/t/p/w342,https://image.tmdb.org/t/p/w780,2025,11,low,,[],
1572803,xx,movements to resist,"Dance connects! Several generations dance for themselves and yet together. Each movement reveals its own attitude toward space, time, and internal and external barriers. The bodies and their gestures resonate with the sound and open up new approaches to silent acts of resistance, vitality, and becoming. A loving film miniature on 16mm, hand-developed, marked by traces and scratches from the analog process, revealing the fragility of the moment.",0.0071000000461936,2025-11-21,movements to resist,0.0,0,https://image.tmdb.org/t/p/w342,https://image.tmdb.org/t/p/w780,2025,11,low,,['Documentary'],Documentary
1572761,en,Follow Back,"The video performance reflects on intimacy, surveillance, and queer desire in public spaces.",0.0071000000461936,2025-11-20,Follow Back,0.0,0,https://image.tmdb.org/t/p/w342,https://image.tmdb.org/t/p/w780,2025,11,low,,[],
1572750,de,Upload DDR,"It has to be loud and fast! Young people sample and dance against the backdrop of East Germany's past. Their social media feeds are popular, widely shared, and often liked. They symbolize rebellion and youthful revolt, but what system exactly are they trying to challenge with the speed and volume of their music?",0.0071000000461936,2025-11-20,Upload GDR,0.0,0,https://image.tmdb.org/t/p/w342,https://image.tmdb.org/t/p/w780,2025,11,low,,[],
1572731,en,misdirected impulse,A sequence of pictures of picturesque tree and shrub constellations comes to an abrupt end.,0.0071000000461936,2025-11-19,misdirected impulse,0.0,0,https://image.tmdb.org/t/p/w342,https://image.tmdb.org/t/p/w780,2025,11,low,,['Drama'],Drama
1572692,de,Wir sind so vielfach oder Das Leben im Vielleicht,"Students at the Auguste-Viktoria-Schule in Flensburg spent several weeks studying poetry and writing their own poems. They also created (written) images and made a film. They ask questions about life in the realm of possibility. ""Who am I? Am I me, or am I not?""",0.0071000000461936,2025-11-16,Wir sind so vielfach oder Das Leben im Vielleicht,0.0,0,https://image.tmdb.org/t/p/w342,https://image.tmdb.org/t/p/w780,2025,11,low,,[],
1572567,de,And My Love Will Live On,"From liveliness to rigidity—war scars the city and distorts the faces of its inhabitants until a sunflower becomes a symbol of hope. A digital, AI-assisted collage of scenes that oscillate between fear and resistance.",0.0071000000461936,2025-11-13,And My Love Will Live On,0.0,0,https://image.tmdb.org/t/p/w342,https://image.tmdb.org/t/p/w780,2025,11,low,,['Animation'],Animation
1572562,de,"Marienwalden – Notizen, Skizzen, Tagebücher","Inspired by Jonas Mekas' film diaries, a film was created as a collaborative work of remembrance. Where refugees from the GDR were once housed, young refugees now live again in Marienfelde. Filmmaking itself becomes a search for a voice to narrate one's own life, while the question of where we feel at home hangs over everything.",0.0071000000461936,2025-11-12,"Marienwalden – Notizen, Skizzen, Tagebücher",0.0,0,https://image.tmdb.org/t/p/w342,https://image.tmdb.org/t/p/w780,2025,11,low,,[],
1572482,fr,Les encriers du possible,"Bernard is a 14-year-old boy living with his mother and stepfather in a small village in northern Meuse, France. Growing up in the 1960s, he dreams of freedom and adventure. Alongside his three friends, he gets into all kinds of mischief until a new girl arrives and completely changes his life.",0.0071000000461936,2025-10-02,Les encriers du possible,0.0,0,https://image.tmdb.org/t/p/w342/xz1vhMjX8hH2rapNKuvltCINccs.jpg,https://image.tmdb.org/t/p/w780/4t5nkHwgQwfE7io6gP3k6PL3wTU.jpg,2025,10,low,,['Drama'],Drama
1572448,en,Sorry You Live Here,"Sorry You Live Here is a comedy travelogue about friendship, the American south, and waterlogged millennials at the disastrous 2025 Bonnaroo music festival.",0.0071000000461936,2025-11-15,Sorry You Live Here,0.0,0,https://image.tmdb.org/t/p/w342/fyZoHYsI0LcHgLglvWq6DUSW4vn.jpg,https://image.tmdb.org/t/p/w780,2025,11,low,,"['Documentary', 'Comedy']","Documentary, Comedy"
1572118,ar,أصوات,"As you go to bed to rest from the fatigue of the day, you find yourself unable to sleep, overwhelmed by excessive thoughts, drifting back through the memories of your life—until you finally reach a path with no escape.",0.0071000000461936,2025-11-29,Voices,0.0,0,https://image.tmdb.org/t/p/w342,https://image.tmdb.org/t/p/w780/dtLqr1PjGDnQjgCr9sG0gQEgiuz.jpg,2025,11,low,,['Drama'],Drama
1572076,en,Mystical 3 (The Animation),"A few hours after shooting someone, Brooke has to balance protecting her son and being a criminal. When someone we thought we could trust betrays her, her plans start to fail.",0.0071000000461936,2025-11-22,Mystical 3 (The Animation),0.0,0,https://image.tmdb.org/t/p/w342/4LTjPvfHHkyH6AyJO9iGgGiGlCt.jpg,https://image.tmdb.org/t/p/w780,2025,11,low,,[],
1571836,es,Tiene Que Ser Ella,A thief realizes the girl who lives in the house he entered to rob may hold a link to his past,0.0071000000461936,2025-11-27,It Has To Be Her,0.0,0,https://image.tmdb.org/t/p/w342,https://image.tmdb.org/t/p/w780,2025,11,low,,['Thriller'],Thriller
1571246,fr,Les Yeux Latents,,0.0071000000461936,2025-11-19,Les Yeux Latents,0.0,0,https://image.tmdb.org/t/p/w342/q1BCEbhv11pS4r9ZhS73MVwaSSx.jpg,https://image.tmdb.org/t/p/w780/cBSaK2k6fvtXHC0nGvawhI7cqtQ.jpg,2025,11,low,,"['Horror', 'Mystery']","Horror, Mystery"
1571179,en,"Oh, Wee Wee, Uh Oh",Running and chasing and running away and running to and reaching and escaping and,0.0071000000461936,2025-11-14,"Oh, Wee Wee, Uh Oh",0.0,0,https://image.tmdb.org/t/p/w342/sjSbPgPVeDjTsCjZQbAinnfpVpA.jpg,https://image.tmdb.org/t/p/w780,2025,11,low,,['Animation'],Animation
1571153,en,Break Twice,"Animated short featuring pixel art and 2D ""marker style"" animation.",0.0071000000461936,2025-11-13,Break Twice,0.0,0,https://image.tmdb.org/t/p/w342/uQBRpsnpjBY9p5z9Mi0NEWKDT7C.jpg,https://image.tmdb.org/t/p/w780,2025,11,low,,['Animation'],Animation
1570896,ko,10월의 어느 멋진 날에,,0.0071000000461936,2025-11-22,On a Beautiful Day,0.0,0,https://image.tmdb.org/t/p/w342,https://image.tmdb.org/t/p/w780/g22QY2sMupHeaUXipYd1ZLXJBW8.jpg,2025,11,low,,['Drama'],Drama
1571153,en,Break Twice,"Animated short featuring pixel art and 2D ""marker style"" animation.",0.0071000000461936,2025-11-13,Break Twice,0.0,0,https://image.tmdb.org/t/p/w342/uQBRpsnpjBY9p5z9Mi0NEWKDT7C.jpg,https://image.tmdb.org/t/p/w780,2025,11,low,,['Animation'],Animation
1570896,ko,10월의 어느 멋진 날에,,0.0071000000461936,2025-11-22,On a Beautiful Day,0.0,0,https://image.tmdb.org/t/p/w342,https://image.tmdb.org/t/p/w780/g22QY2sMupHeaUXipYd1ZLXJBW8.jpg,2025,11,low,,['Drama'],Drama
1569533,lv,Maratonu rokzvaigzne,"On April 6, 2025, Samanta Petakova finished her 300th marathon in Krakow, Poland. This medal earned the marathon runner the title of Latvian record holder, but the road to the record was not strewn with roses. Samanta's mother left her when she was six years old, and her father passed away two years ago. The marathon runner's life has been full of trials and tribulations, but at the same time, she is proof that a person who is seen at the top of the mountain did not fall there. Samanta's story confirms that challenges in life are not a stamp in your passport. This story is about big goals, high stakes, determination, perseverance, and the fulfillment of seemingly impossible dreams. It will inspire anyone who is faced with a choice—to do or not to do. It is a reminder to everyone that with faith in yourself, you can do great things.",0.0071000000461936,2025-11-14,Maratonu rokzvaigzne,0.0,0,https://image.tmdb.org/t/p/w342,https://image.tmdb.org/t/p/w780,2025,11,low,,['Documentary'],Documentary
1568744,fr,Room 206,"""Happy, happy, who cares."" After undergoing the major surgery that is torsoplasty, he will no longer worry about what the world might think. Reclaiming his body, completely, is the only thing that matters. This documentary film follows Clair through his emotions: apprehension, euphoria, melancholy, gratitude—not at seeing his body change, but at recognizing himself. Finally. And for the first time in his life.",0.0071000000461936,2025-11-21,Chambre 206,0.0,0,https://image.tmdb.org/t/p/w342/nDX4zGZJHswsprwjOFQdwJt6P0y.jpg,https://image.tmdb.org/t/p/w780,2025,11,low,,[],
1568253,pt,Pós processo-crime,"In 2000, Susana de Sousa Dias made Criminal Case 141/53, about the sisters Isaura Borges Coelho and Hortênsia Campos Lima, who resisted a 1950s’ Portuguese law that prohibited nurses from marrying. Supported by a montage of archival material, the film told their story, which was shaped by the dictatorship under Salazar. Now, a quarter of a century later, De Sousa Dias returns with a sequel that questions and reflects on her earlier film. She describes how she first encountered the archive material that led her to the sisters’ story in the early 1990s.",0.0071000000461936,2025-11-15,Post Criminal Case,0.0,0,https://image.tmdb.org/t/p/w342,https://image.tmdb.org/t/p/w780,2025,11,low,,['Documentary'],Documentary
1568218,es,El viento y todos los tiempos,"Years afterwards, director Carla Valencia Dávila rediscovers videos of a cycling trip she made through Uruguay in her youth. The shots of rolling highways, deserted hotels, and unexpected encounters set her thinking. It feels as if someone else had filmed them.",0.0071000000461936,2025-11-18,The Wind and All Times,0.0,0,https://image.tmdb.org/t/p/w342,https://image.tmdb.org/t/p/w780,2025,11,low,,['Documentary'],Documentary
1568187,nl,The Sessions,"A young student undergoing trauma therapy recounts how she was raped by someone she trusted. The camera focuses on the therapist’s face, and we never see the anonymous speaker. The Sessions unfolds almost entirely in this space, where the young woman speaks openly about the impact of the rape. Outside the therapy room she doesn’t dare speak to anyone else about it—only her boyfriend knows what happened.",0.0071000000461936,2025-11-14,The Sessions,0.0,0,https://image.tmdb.org/t/p/w342,https://image.tmdb.org/t/p/w780,2025,11,low,,['Documentary'],Documentary
1568044,es,Sueña ahora,"In Cuba, the nights are very dark indeed when there’s yet another power outage—but as much as possible, life goes on. People find their way around in the pitch dark, cyclists loom out of the blackness, children hang out on the streets by the light of flashlights. At the same time, the disruption appears to create intimacy: a priest takes the opportunity to open the Bible by candlelight and reads about the creation of light and darkness, an aged blind singer plays the guitar for his wife in their bedroom, a boy and his teacher play endless games of chess in the half-light, a fisherman heads calmly into the water with a lantern. Headlights from passing cars flash over houses shrouded in darkness, while the people inside sing and talk under the glow of portable lights.",0.0071000000461936,2025-11-16,Blackout Dreams,0.0,0,https://image.tmdb.org/t/p/w342,https://image.tmdb.org/t/p/w780,2025,11,low,,['Documentary'],Documentary
1568042,fr,À vol d’oiseau,"Amadou grows up in Guinea Conakry, surrounded by domestic animals and the scent of the mango and lemon trees planted by his father. Colorful birds seem to be everywhere, and his best friend Abdoulaye lives just around the corner. Yet at the age of thirteen, Amadou has to leave all of this behind. His uncle wants to take him along with him to a foreign country where he’ll have a chance at a better education. At a young age, Amadou starts an unimaginable journey with no guarantee of a happy ending.",0.0071000000461936,2025-11-17,As the Crow Flies,0.0,0,https://image.tmdb.org/t/p/w342,https://image.tmdb.org/t/p/w780,2025,11,low,,['Documentary'],Documentary
1568029,ru,When I Get Jailed,"Inevitable as it seemed, the premature death of Russia’s main opposition leader Alexei Navalny on 16 February 2024 still came as a shock. Immediately afterwards, his supporters went to the monument that President Putin himself unveiled in 2017 for the victims of Stalin’s political oppression. The large crowds laid flowers, which were instantly removed by police. Over time, the commemorations continued and merged with opposition to the invasion of Ukraine. Arrests followed, and peaceful protest has been brutally suppressed. Among the demonstrators is Alyona, a young woman with blonde curls and a pink coat. She refuses to be silenced by police batons and is taken away. Facing absurd charges, she must undergo a trial and risk an excessively harsh sentence. Her terrified mother begs her to passively endure the political repression, and avoid getting into further trouble.",0.0071000000461936,2025-11-16,When I Get Jailed,0.0,0,https://image.tmdb.org/t/p/w342,https://image.tmdb.org/t/p/w780,2025,11,low,,['Documentary'],Documentary
1567978,en,رحّاله: هيّا على هيّا,"Abstract images and written text are the two components of this testimony of domestic violence, physical and psychological, that shaped the narrator’s childhood. It is told by a woman who recalls diffuse memories of a decade of abuse endured by her and her sisters, and their escape from it. The text, which appears on screen sentence by sentence, does not tell the entire story. These are fragments, snippets, shards of a story.",0.0071000000461936,2025-11-16,Rahhala: Hayya ala Hayya,0.0,0,https://image.tmdb.org/t/p/w342,https://image.tmdb.org/t/p/w780,2025,11,low,,['Documentary'],Documentary
1567975,am,An Open Field,"Teboho Edkins and his father journey to Ethiopia, joining a community in mourning both his brother and victims of a plane crash.",0.0071000000461936,2025-11-16,An Open Field,0.0,0,https://image.tmdb.org/t/p/w342,https://image.tmdb.org/t/p/w780,2025,11,low,,['Documentary'],Documentary
1567964,es,Silencio azul,"Off the coast of Manquemapu, Chile, buried beneath the indifferent waves, lies the wreck of the Janequeo. The ship capsized in 1965, and 51 people lost their lives. While the sea has swallowed the wreck, on land the memory of this disaster lives on—in the people and in the landscape.",0.0071000000461936,2025-11-16,Blue Silence,0.0,0,https://image.tmdb.org/t/p/w342,https://image.tmdb.org/t/p/w780,2025,11,low,,['Documentary'],Documentary
1567963,ta,ஆட்டோ குயின்ஸ்,"Mohana is the president of the first trade union for women auto rickshaw drivers in the southeast Indian state of Tamil Nadu. As well as maneuvering her own auto through the busy streets of Chennai, she has to navigate a sexist and patriarchal system to secure equal opportunities for women drivers. She faces constant resistance—with conflicts and humiliations every day.",0.0071000000461936,2025-11-16,Auto Queens,0.0,0,https://image.tmdb.org/t/p/w342,https://image.tmdb.org/t/p/w780,2025,11,low,,['Documentary'],Documentary
1567795,nl,Love-22-Love,"A candid film debut in which Jeroen Kooijmans uses home videos to trace his long struggle with depression, including a psychotic episode in New York in the wake of 9/11.",0.0071000000461936,2025-11-14,Love-22-Love,0.0,0,https://image.tmdb.org/t/p/w342,https://image.tmdb.org/t/p/w780,2025,11,low,,['Documentary'],Documentary
1567783,es,Mailin,"Mailin tells her daughter a bedtime story. It’s a fairytale that soon turns dark, about a girl born from true love and a beast that devoured her childhood. To allow her daughter the childhood she never had, Mailin needs to confront her own pain and fear.",0.0071000000461936,2025-11-15,Mailin,0.0,0,https://image.tmdb.org/t/p/w342,https://image.tmdb.org/t/p/w780,2025,11,low,,['Documentary'],Documentary
1567706,es,El vol de la cigonya,"Soumaya grew up in Barcelona, and the emotional distance between her and her mother, who is originally from Algeria, often feels vast. That tension is evident in their somewhat prickly conversation about praying and Ramadan. Things shift, however, when Soumaya decides to visit her grandmother in Algeria.",0.0071000000461936,2025-11-15,The Flight of the Stork,0.0,0,https://image.tmdb.org/t/p/w342/7jTwVGCT97auDDXBzQIu5reU0yx.jpg,https://image.tmdb.org/t/p/w780/3sccGWe7PsDgyvQWgOyyftCXdQV.jpg,2025,11,low,,['Documentary'],Documentary
1567477,es,El hombre que vivió con miedo,"In 1975, in the city of Rosario, Pablo Reinstein was kidnapped and murdered by a gang of amateur criminals made up of Miguel Cazón, Hugo Risiglione, and Luis González. All three were arrested, charged, and sentenced to prison. Years later, upon their release, Cazón and Risiglione were murdered in the same way they had Reinstein. Little was known about González after his release. Although various versions circulated, his fate remains shrouded in mystery.",0.0071000000461936,2025-11-12,The man that lived with fear,0.0,0,https://image.tmdb.org/t/p/w342/13YfSFk8PXRDyU0ZOeWUPOVnrec.jpg,https://image.tmdb.org/t/p/w780,2025,11,low,,['Documentary'],Documentary
1567468,he,In Another Day,"Within four walls, a daughter faces her greatest fear as she tries to get her mentally ill mother to attend a rehabilitation committee that will determine her disability status.",0.0071000000461936,2025-11-13,In Another Day,0.0,0,https://image.tmdb.org/t/p/w342/xXatJQX5HO7F1GvxzEmqLNFK1Uk.jpg,https://image.tmdb.org/t/p/w780,2025,11,low,,[],
1566949,is,Lómatjörn,"A shore walk with Else, Sigurður, and Jens Jakob includes many lómar (red-throated divers), among other birds, plants, and rocks. Primarily edited in-camera with a MiniDV camcorder on July 5, 2025.",0.0071000000461936,2025-11-22,Lómatjörn,0.0,0,https://image.tmdb.org/t/p/w342,https://image.tmdb.org/t/p/w780,2025,11,low,,[],
1568183,nl,Mijn woord tegen het mijne,"One in ten people hear voices. In this film, we meet five people living with this phenomenon. One person hears a single voice, another hears 19. One voice wants to protect, another wants to kill.",0.0,2025-11-14,My Word Against Mine,0.0,0,https://image.tmdb.org/t/p/w342,https://image.tmdb.org/t/p/w780,2025,11,low,,['Documentary'],Documentary
1568044,es,Sueña ahora,"In Cuba, the nights are very dark indeed when there’s yet another power outage—but as much as possible, life goes on. People find their way around in the pitch dark, cyclists loom out of the blackness, children hang out on the streets by the light of flashlights. At the same time, the disruption appears to create intimacy: a priest takes the opportunity to open the Bible by candlelight and reads about the creation of light and darkness, an aged blind singer plays the guitar for his wife in their bedroom, a boy and his teacher play endless games of chess in the half-light, a fisherman heads calmly into the water with a lantern. Headlights from passing cars flash over houses shrouded in darkness, while the people inside sing and talk under the glow of portable lights.",0.0071000000461936,2025-11-16,Blackout Dreams,0.0,0,https://image.tmdb.org/t/p/w342,https://image.tmdb.org/t/p/w780,2025,11,low,,['Documentary'],Documentary
1568042,fr,À vol d’oiseau,"Amadou grows up in Guinea Conakry, surrounded by domestic animals and the scent of the mango and lemon trees planted by his father. Colorful birds seem to be everywhere, and his best friend Abdoulaye lives just around the corner. Yet at the age of thirteen, Amadou has to leave all of this behind. His uncle wants to take him along with him to a foreign country where he’ll have a chance at a better education. At a young age, Amadou starts an unimaginable journey with no guarantee of a happy ending.",0.0071000000461936,2025-11-17,As the Crow Flies,0.0,0,https://image.tmdb.org/t/p/w342,https://image.tmdb.org/t/p/w780,2025,11,low,,['Documentary'],Documentary
1568029,ru,When I Get Jailed,"Inevitable as it seemed, the premature death of Russia’s main opposition leader Alexei Navalny on 16 February 2024 still came as a shock. Immediately afterwards, his supporters went to the monument that President Putin himself unveiled in 2017 for the victims of Stalin’s political oppression. The large crowds laid flowers, which were instantly removed by police. Over time, the commemorations continued and merged with opposition to the invasion of Ukraine. Arrests followed, and peaceful protest has been brutally suppressed. Among the demonstrators is Alyona, a young woman with blonde curls and a pink coat. She refuses to be silenced by police batons and is taken away. Facing absurd charges, she must undergo a trial and risk an excessively harsh sentence. Her terrified mother begs her to passively endure the political repression, and avoid getting into further trouble.",0.0071000000461936,2025-11-16,When I Get Jailed,0.0,0,https://image.tmdb.org/t/p/w342,https://image.tmdb.org/t/p/w780,2025,11,low,,['Documentary'],Documentary
1567986,en,Reality Looks Back,"Fascinated by the mysteries of quantum mechanics, director Anne Jeppesen reflects on their implications for everyday life. For if the state of particles is only certain when observed, what does that mean for the adjacent room? Jeppesen imagines clouds of particles that are “shaking, glitching, tinkling, dancing, jumping” until she looks at them: “When I observe [...], reality changes from clouds of possibility to fact.”",0.0,2025-11-14,Reality Looks Back,0.0,0,https://image.tmdb.org/t/p/w342,https://image.tmdb.org/t/p/w780,2025,11,low,,['Documentary'],Documentary
1567978,en,رحّاله: هيّا على هيّا,"Abstract images and written text are the two components of this testimony of domestic violence, physical and psychological, that shaped the narrator’s childhood. It is told by a woman who recalls diffuse memories of a decade of abuse endured by her and her sisters, and their escape from it. The text, which appears on screen sentence by sentence, does not tell the entire story. These are fragments, snippets, shards of a story.",0.0071000000461936,2025-11-16,Rahhala: Hayya ala Hayya,0.0,0,https://image.tmdb.org/t/p/w342,https://image.tmdb.org/t/p/w780,2025,11,low,,['Documentary'],Documentary
1567968,ca,Dreams for a Better Past,"Albert Kuhn uses a personal, analytical, and cinematic lens to examine how an untold family history leaves its mark on the second and third generations. Kuhn’s father emigrated from Germany to Barcelona in the 1970s, leaving behind his native country and the family he was born into.",0.014299999922513962,2025-11-15,Dreams for a Better Past,0.0,0,https://image.tmdb.org/t/p/w342,https://image.tmdb.org/t/p/w780,2025,11,low,,['Documentary'],Documentary
1567964,es,Silencio azul,"Off the coast of Manquemapu, Chile, buried beneath the indifferent waves, lies the wreck of the Janequeo. The ship capsized in 1965, and 51 people lost their lives. While the sea has swallowed the wreck, on land the memory of this disaster lives on—in the people and in the landscape.",0.0071000000461936,2025-11-16,Blue Silence,0.0,0,https://image.tmdb.org/t/p/w342,https://image.tmdb.org/t/p/w780,2025,11,low,,['Documentary'],Documentary
1567963,ta,ஆட்டோ குயின்ஸ்,"Mohana is the president of the first trade union for women auto rickshaw drivers in the southeast Indian state of Tamil Nadu. As well as maneuvering her own auto through the busy streets of Chennai, she has to navigate a sexist and patriarchal system to secure equal opportunities for women drivers. She faces constant resistance—with conflicts and humiliations every day.",0.0071000000461936,2025-11-16,Auto Queens,0.0,0,https://image.tmdb.org/t/p/w342,https://image.tmdb.org/t/p/w780,2025,11,low,,['Documentary'],Documentary
1567795,nl,Love-22-Love,"A candid film debut in which Jeroen Kooijmans uses home videos to trace his long struggle with depression, including a psychotic episode in New York in the wake of 9/11.",0.0071000000461936,2025-11-14,Love-22-Love,0.0,0,https://image.tmdb.org/t/p/w342,https://image.tmdb.org/t/p/w780,2025,11,low,,['Documentary'],Documentary
1567783,es,Mailin,"Mailin tells her daughter a bedtime story. It’s a fairytale that soon turns dark, about a girl born from true love and a beast that devoured her childhood. To allow her daughter the childhood she never had, Mailin needs to confront her own pain and fear.",0.0071000000461936,2025-11-15,Mailin,0.0,0,https://image.tmdb.org/t/p/w342,https://image.tmdb.org/t/p/w780,2025,11,low,,['Documentary'],Documentary
1567706,es,El vol de la cigonya,"Soumaya grew up in Barcelona, and the emotional distance between her and her mother, who is originally from Algeria, often feels vast. That tension is evident in their somewhat prickly conversation about praying and Ramadan. Things shift, however, when Soumaya decides to visit her grandmother in Algeria.",0.0071000000461936,2025-11-15,The Flight of the Stork,0.0,0,https://image.tmdb.org/t/p/w342/7jTwVGCT97auDDXBzQIu5reU0yx.jpg,https://image.tmdb.org/t/p/w780/3sccGWe7PsDgyvQWgOyyftCXdQV.jpg,2025,11,low,,['Documentary'],Documentary
1567468,he,In Another Day,"Within four walls, a daughter faces her greatest fear as she tries to get her mentally ill mother to attend a rehabilitation committee that will determine her disability status.",0.0071000000461936,2025-11-13,In Another Day,0.0,0,https://image.tmdb.org/t/p/w342/xXatJQX5HO7F1GvxzEmqLNFK1Uk.jpg,https://image.tmdb.org/t/p/w780,2025,11,low,,[],
1566949,is,Lómatjörn,"A shore walk with Else, Sigurður, and Jens Jakob includes many lómar (red-throated divers), among other birds, plants, and rocks. Primarily edited in-camera with a MiniDV camcorder on July 5, 2025.",0.0071000000461936,2025-11-22,Lómatjörn,0.0,0,https://image.tmdb.org/t/p/w342,https://image.tmdb.org/t/p/w780,2025,11,low,,[],
1566938,xx,Wrecks of the Day,"Mysterious blue lights have spread across the city, depriving the living of sleep. They wander through the nightlessness like spectres. But some plants, the last sustenance of the wild and the dream, are developing curious abilities.",0.0071000000461936,2025-11-22,Wrecks of the Day,0.0,0,https://image.tmdb.org/t/p/w342,https://image.tmdb.org/t/p/w780,2025,11,low,,[],
1564730,lt,Kambariokai,Martynas' peaceful morning is disrupted by the return of his roommate with a girlfriend. His curiosity soon becomes part of the couple's game.,0.014299999922513962,2025-11-13,Morning Mosh,0.0,0,https://image.tmdb.org/t/p/w342,https://image.tmdb.org/t/p/w780,2025,11,low,,[],
1564140,zh,Beneath the Blue Cloud,"Xiao Lan, weighed down by depression rooted in family pain, struggles between escape and entrapment. A dark cloud follows her—yet she clings to the hope of finding a way out.",0.026100000366568565,2025-11-19,Beneath the Blue Cloud,0.0,0,https://image.tmdb.org/t/p/w342/agc9cSRSoHbwIIo8mWXN9HaTSWn.jpg,https://image.tmdb.org/t/p/w780,2025,11,low,,['Animation'],Animation
1564138,zh,He Looked Back for a Moment and Time Passed,"A story passed down from teacher to student. During the Cultural Revolution, a small flaw in a leader's portrait led to denunciation and prison. This hand-drawn, single-shot animation gently revisits the quiet tragedy of an artist who lost his youth to a moment of imperfection.",0.0071000000461936,2025-11-19,He Looked Back for a Moment and Time Passed,0.0,0,https://image.tmdb.org/t/p/w342/eePjp1n7p9IezZpBFYUFHIfLdbT.jpg,https://image.tmdb.org/t/p/w780,2025,11,low,,['Animation'],Animation
1563893,en,Maestros & Music Makers: Memories of the New York Choral Society,6 members of the famed New York Choral Society recount the history and their memories of this cultural gem and its maestros.,0.0071000000461936,2025-11-14,Maestros & Music Makers: Memories of the New York Choral Society,0.0,0,https://image.tmdb.org/t/p/w342/vdf9cCeePDGN3riOowqkHSxSqE5.jpg,https://image.tmdb.org/t/p/w780,2025,11,low,,[],
1562808,en,Almost Hopeless,"Bob and Yasmine are both immigrants, but their take on life is very different. As their similiarities bond together, their fate changes forever.",0.0071000000461936,2025-11-20,Almost Hopeless,0.0,0,https://image.tmdb.org/t/p/w342/bATssxTZFctvQ1chlRh3ttQHd4k.jpg,https://image.tmdb.org/t/p/w780/wfL2BxZWnQ3Zs0afK4yx6M54DjL.jpg,2025,11,low,,['Drama'],Drama
1519472,en,We're Kinda Different,"""Blessed be the cracked, for they let in the light."" -Someone Special",0.0071000000461936,2025-11-14,We're Kinda Different,0.0,0,https://image.tmdb.org/t/p/w342,https://image.tmdb.org/t/p/w780,2025,11,low,,['Animation'],Animation
1517171,en,Photo Play XX,"After walking into the sea in a men’s suit, Jane washes ashore the River Styx. To pay the fare, she must sing in the mute Ferryman’s phantasmagoria show. The more she performs, the more she must confront the womanhood that she tried to leave behind.",0.0071000000461936,2025-11-15,Photo Play XX,0.0,0,https://image.tmdb.org/t/p/w342/eiBDbzkEvxfkUgVnAwymlUDPWKz.jpg,https://image.tmdb.org/t/p/w780,2025,11,low,,"['Drama', 'Music', 'Fantasy']","Drama, Music, Fantasy"
1491834,en,Now That We Are Sending You to The End,"A young girl prophecies the end of time. With salt, water, and fire, direct-on-film techniques mirror the slow violence of the desert’s collapse through a handmade record of ecological loss.",0.0071000000461936,2025-11-15,Now That We Are Sending You to The End,0.0,0,https://image.tmdb.org/t/p/w342/7wmutCaiLflbSMewIhn35DrFRGw.jpg,https://image.tmdb.org/t/p/w780,2025,11,low,,['Documentary'],Documentary
1434260,zh,The Wedding Photo,A couple tries to take the perfect wedding photo.,0.0071000000461936,2025-11-19,The Wedding Photo,0.0,0,https://image.tmdb.org/t/p/w342,https://image.tmdb.org/t/p/w780,2025,11,low,,[],
1429665,en,"The Disco, a Portrait of Simon Eilbeck","An experimental nonfiction documentary portrait of queer d/Deaf DJ Simon Eilbeck, composed from 16mm film and location sound recordings. The film captures encounters with members of trans, non-binary, and alternative queer communities who gather at his monthly disco, Hot Mess, held at The Poetry Club in Glasgow, Scotland.",0.0071000000461936,2025-03-19,"The Disco, a Portrait of Simon Eilbeck",0.0,0,https://image.tmdb.org/t/p/w342/kHtR4UdsnqJLhBNqsT07hhrXTYe.jpg,https://image.tmdb.org/t/p/w780/2hQzJSXTGgTiCeHrYngkgQsFWjy.jpg,2025,3,low,,['Documentary'],Documentary
1418147,fr,"Faisons la fête et demain, ça ira mieux",,0.0071000000461936,2025-12-01,"Faisons la fête et demain, ça ira mieux",0.0,0,https://image.tmdb.org/t/p/w342/a6WB8bPI5okOx7NydUaA5udw8tN.jpg,https://image.tmdb.org/t/p/w780/wXfzeX6AL3wKieFCLIlT0AFuUlz.jpg,2025,12,low,,"['Horror', 'Comedy', 'Drama', 'Action']","Horror, Comedy, Drama, Action"
1416407,en,Bloody Holy,"“ Eyes speak louder than words ” Doctor, can you please examine my eyes and tell me what they are screaming?",0.0071000000461936,2025-12-01,Bloody Holy,0.0,0,https://image.tmdb.org/t/p/w342/r8jZti44vJ6Sbn9oX6VhiMxiww0.jpg,https://image.tmdb.org/t/p/w780,2025,12,low,,['Drama'],Drama
1340278,es,Nos hace falta Sinar,"Through the use of archival and testimonial material, seeks to give visibility to the critical situation experienced by human rights defenders in the country; appeal to memory, honoring the life and work of social fighter Sinar Corzo Esquinca, who was the first human rights defender to be assassinated in Mexico in 2019.",0.0071000000461936,2025-11-20,Nos hace falta Sinar,0.0,0,https://image.tmdb.org/t/p/w342/quowwi18CvYjg0qh36mASPLAGTU.jpg,https://image.tmdb.org/t/p/w780,2025,11,low,,[],
1313712,de,Teneriffa,"The season is almost over. Elsa has drifted apart from her friend and sets off alone, seeking other encounters, passers-by on the beach or games at the kiosk. She seeks out connections, immerses herself in other people's stories and becomes one herself, while the music reminds us of the magic of cinema and asks us: Where is your Teneriffa?",0.0071000000461936,2025-11-14,Tenerife,0.0,0,https://image.tmdb.org/t/p/w342,https://image.tmdb.org/t/p/w780,2025,11,low,,['Drama'],Drama
1289789,pt,Filme de Areia,,0.0071000000461936,2025-11-13,Filme de Areia,0.0,0,https://image.tmdb.org/t/p/w342/vEyMRQ7TvNfb9FkPCiDYYBE4Omr.jpg,https://image.tmdb.org/t/p/w780/1rqJl8Hwuguhp8PnwmoaKG3kZPE.jpg,2025,11,low,,"['Drama', 'Comedy']","Drama, Comedy"
753344,tr,Smile For Me,,0.0071000000461936,2025-11-27,Smile For Me,0.0,0,https://image.tmdb.org/t/p/w342,https://image.tmdb.org/t/p/w780,2025,11,low,,"['Horror', 'Drama']","Horror, Drama"
1578306,tr,12 Warriors,"A dozen top warriors from around the world are kidnapped and forced to participate in fight-to-the-death survival games. Affairs are overseen by a disgraced and sociopathic former Russian intelligence officer who has built a shadowy organization with a clientele of crime bosses, politicians, billionaires, and members of the global elite.",0.0,2025-12-01,12 Warriors,0.0,0,https://image.tmdb.org/t/p/w342,https://image.tmdb.org/t/p/w780,2025,12,low,,"['Action', 'Crime', 'Thriller']","Action, Crime, Thriller"
1578244,fr,Pensées de Soirée,,0.0,2025-11-21,Pensées de Soirée,0.0,0,https://image.tmdb.org/t/p/w342/8jRMM8vVzcXy8vuJuu9nNRq7oMB.jpg,https://image.tmdb.org/t/p/w780,2025,11,low,,[],
1578189,de,Mein Kind ist trans* - was nun?,,0.0,2025-11-15,Mein Kind ist trans* - was nun?,0.0,0,https://image.tmdb.org/t/p/w342/3zStiILQhBrHvVevlirRi47FPgz.jpg,https://image.tmdb.org/t/p/w780/4ySHB785V2ppAWhcjFhru5dGVnZ.jpg,2025,11,low,,['Documentary'],Documentary
1578184,nl,De Rick Santing zaak,"After the Rick Santing disappearance case stalled, a film crew decided to make a documentary about what happened on the night of his disappearance.",0.0,2025-11-23,De Rick Santing zaak,0.0,0,https://image.tmdb.org/t/p/w342,https://image.tmdb.org/t/p/w780,2025,11,low,,"['Mystery', 'Crime', 'Drama']","Mystery, Crime, Drama"
1578157,ar,Zizou,"Zizou, a 13-year-old overweight boy, sets out to befriend the neighborhood's most popular kid. However, his relentless attempts leave him vulnerable to unexpected ridicule, stirring unresolved feelings.",0.0,2025-11-24,Zizou,0.0,0,https://image.tmdb.org/t/p/w342/fVlj5auyGqrTPOFKqtXfqSG302Q.jpg,https://image.tmdb.org/t/p/w780,2025,11,low,,[],
1578138,pa,Ik Tere Kar K,A young Punjabi couple's move to Canada puts their relationship under unexpected pressure.,0.0,2025-10-23,Ik Tere Kar K,0.0,0,https://image.tmdb.org/t/p/w342,https://image.tmdb.org/t/p/w780,2025,10,low,,['Drama'],Drama
1578126,hr,Fire!,"A video composed of footage from various weapons manufacturers’ catalogs, military exercises, and wartime actions. Shots of gunfire intertwine with the logos of weapons manufacturers, while political representatives call for fire and purchasing weapons.",0.0,2025-11-13,Fire!,0.0,0,https://image.tmdb.org/t/p/w342,https://image.tmdb.org/t/p/w780,2025,11,low,,[],
1578115,fr,"Germaine Krull, la photographie ou la vie",,0.0,2025-11-14,"Germaine Krull, la photographie ou la vie",0.0,0,https://image.tmdb.org/t/p/w342/5JoQpGjKKyq4Nircd1cAj7KTK9e.jpg,https://image.tmdb.org/t/p/w780/qOCY4HhFMatuVVFXFwqGeVf6JYF.jpg,2025,11,low,,['Documentary'],Documentary
1578109,en,Friend Zone,Lifelong best friends Queenie and Marcel have always kept it strictly platonic until a wild night celebrating Queenie's art debut lands them in bed together. Now they must navigate blurred lines for an unexpected chance at something more.,0.0,2025-11-13,Friend Zone,0.0,0,https://image.tmdb.org/t/p/w342,https://image.tmdb.org/t/p/w780,2025,11,low,,"['Romance', 'Comedy']","Romance, Comedy"
1578049,en,Yuck & Yum!,"Ayu, a Javanese waitress whose tragedy was adapted into a film, faces Susan, the Indo-Dutch actress portraying her, in a promotional segment titled Food Wars: Indonesia vs. the Netherlands where power balances are tested and contested.",0.0,2025-11-30,Yuck & Yum!,0.0,0,https://image.tmdb.org/t/p/w342,https://image.tmdb.org/t/p/w780,2025,11,low,,"['Comedy', 'Drama']","Comedy, Drama"
1577976,en,Planet of the Tapes,"A Deep Dive into the life of Stephen Zivkovic, the owner of the last DVD rental store in Adelaide.",0.0,2025-11-18,Planet of the Tapes,0.0,0,https://image.tmdb.org/t/p/w342,https://image.tmdb.org/t/p/w780,2025,11,low,,['Documentary'],Documentary
1577957,en,The 99th Annual Macy's Thanksgiving Day Parade,The 99th Annual Macy's Thanksgiving Day Parade (2025) on NBC,0.0,2025-11-28,The 99th Annual Macy's Thanksgiving Day Parade,0.0,0,https://image.tmdb.org/t/p/w342,https://image.tmdb.org/t/p/w780,2025,11,low,,[],
1577953,es,El Último Botín Del Raffles,,0.0,2025-11-26,El Último Botín Del Raffles,0.0,0,https://image.tmdb.org/t/p/w342/hs3o3AY5MlRfAraGbbo6houQEIN.jpg,https://image.tmdb.org/t/p/w780/bK03rZjvsgY4eDb9eTUn2jlNilK.jpg,2025,11,low,,['Comedy'],Comedy
1577929,ms,Terdedah: 7 Artists in Search of a Cover,"Shahnon Ahmad's novel Terdedah (1965) has not been reprinted in decades. This rambunctious satire is about a young widow with two lovers. Why hasn't the book been seen for so long? Did it ""dedah"" (reveal or expose) too much? Amir Muhammad asks seven artists how they would design a cover of Terdedah if it were reprinted today. Through Zoom, they discuss how the novel can be presented visually. In an unfortunate twist, one of the artists disappeared after agreeing. So this artist is replaced by ChatGPT. The six human artists are Anderson Ee, Fahmi Mustaffa, Hannah, Mark Lee See Teck, Syuq Tone and Yante Ismail.",0.0,2025-11-29,Terdedah: 7 Artists in Search of a Cover,0.0,0,https://image.tmdb.org/t/p/w342/2P6Jiv5ucMYRQp6QWKVSIuSQbNR.jpg,https://image.tmdb.org/t/p/w780,2025,11,low,,['Documentary'],Documentary
1572947,en,Gender Ideology,"A short film that explores the concept of “gender ideology” as invoked by global political and cultural leaders. It opens with provocative quotes from figures such as Recep Tayyip Erdoğan, Viktor Orbán, and others — e.g., “They are planting a time bomb in our national structure.”",0.0,2025-11-15,Gender Ideology,0.0,0,https://image.tmdb.org/t/p/w342/nZYQxwgMenzEBnOtFw5QCMLhj2H.jpg,https://image.tmdb.org/t/p/w780,2025,11,low,,[],
1572944,en,An Extraterrestrial Exchange,"An alien student enrolled in an exchange program comes to Earth to experience a real life human school. However, upon arrival they are quick to be othered by the terrible, horrifying beasts known as middle schoolers. An unsuccessful attempt at fitting in later, they are approached by a lone boy that knows exactly how it feels to fall outside of the norm.",0.0,2025-11-14,An Extraterrestrial Exchange,0.0,0,https://image.tmdb.org/t/p/w342/yenhFncxUVHOwOiGOny4l5p9JfE.jpg,https://image.tmdb.org/t/p/w780,2025,11,low,,[],
1572924,xx,"all the animals I have trapped, have all become my pets","Within the cinematic work, animals appear as traces—frozen in stillness, revived in film. Both memory and projection: 24 ghosts per second.",0.0,2025-11-20,"all the animals I have trapped, have all become my pets",0.0,0,https://image.tmdb.org/t/p/w342,https://image.tmdb.org/t/p/w780,2025,11,low,,[],
1572920,xx,HeadBanger,"Ren wakes up from a hysterical fit, holding a prescription for something that is supposed to alleviate PMS. She sets off to pick up her medication. When she takes it, she realizes that she may have been prescribed something ineffective. Angry and disappointed, she loses her temper and collapses, whereupon the pill machine spits out another random prescription.",0.0,2025-11-20,HeadBanger,0.0,0,https://image.tmdb.org/t/p/w342,https://image.tmdb.org/t/p/w780,2025,11,low,,[],
1572917,de,Regale voller Geschichten – ein Porträt über Nazim Alemdar,"Frankfurt's railway station district is a place full of contrasts: visible, raw, loud. Right in the middle of it all is ""YokYok,"" a late-night shop that is more than just a retail space. Here, Nazim and his boys have been selling drinks, cigarettes, and all kinds of small items for years. But if you stay a little longer, you quickly realize that it's not just goods stacked between the shelves, but also stories.",0.0,2025-11-20,Regale voller Geschichten – ein Porträt über Nazim Alemdar,0.0,0,https://image.tmdb.org/t/p/w342,https://image.tmdb.org/t/p/w780,2025,11,low,,['Documentary'],Documentary
1572914,en,Hedgehog Windows,"An animated documentary that bridges the gap between research and neurodiverse everyday life. A curious, gentle hedgehog interviewer accompanies Gaura, an artist with ADHD traits. His voice opens a window to honest reflections on identity, creativity, and self-understanding. Warm and grounded, the film invites recognition beyond medical labels and diagnoses.",0.0,2025-11-20,Hedgehog Windows,0.0,0,https://image.tmdb.org/t/p/w342,https://image.tmdb.org/t/p/w780,2025,11,low,,"['Animation', 'Documentary']","Animation, Documentary"
1572907,zh,Where Is the Centre?,"The ""center"" is a metaphor for urban dehumanization. All movements of people and objects, all developments revolve around an empty illusion. Robots drift through the ruins in the deep sea, representing the collapse of the center and psychological alienation in a performance-oriented society. The film is the filmmaker's abstract response to the urban reality of her ever-growing hometown of Beijing.",0.0,2025-11-23,Where Is the Centre?,0.0,0,https://image.tmdb.org/t/p/w342,https://image.tmdb.org/t/p/w780,2025,11,low,,[],
1572905,xx,Data Center by Night,"In a space between reality and simulation, a cinematic dream log unfolds, created by a machine formed from algorithms, pixels, and speculative intuition.",0.0,2025-11-23,Data Center by Night,0.0,0,https://image.tmdb.org/t/p/w342,https://image.tmdb.org/t/p/w780,2025,11,low,,[],
1572900,de,Blickduell mit Pferd während die Welt vor die Hunde geht,"Someone lies in bed staring at the ceiling—at a framed picture of a horse that proclaims with stoic confidence: ""You can do anything."" Becoming an adult for the first time. Is this what it feels like? The room remains motionless, the voice-over unfolds a stream of thoughts. Fragmented observations and reflections on life, dreams, and resistance. The daily struggle for survival in a fragile world between longing and powerlessness, stagnation and movement.",0.0,2025-11-23,Blickduell mit Pferd während die Welt vor die Hunde geht,0.0,0,https://image.tmdb.org/t/p/w342,https://image.tmdb.org/t/p/w780,2025,11,low,,[],
1572884,de,"Wahhab, Hausmeister","An aging Osho commune in rural Germany. The dream of enlightenment and free love still echoes, but the winds of change are impossible to ignore. Wahhab is the caretaker of this community and faces the slow fading of things with his unwavering cordless drill.",0.0,2025-11-23,"Wahhab, Caretaker",0.0,0,https://image.tmdb.org/t/p/w342,https://image.tmdb.org/t/p/w780,2025,11,low,,[],
1572862,zh,你的天好蓝啊,"The War in Kassel and Chongqing - Explorations from the protagonist's perspective. She travels through the last words and remnants of the war to Chongqing and Kassel, two cities 7,900 kilometers apart. Although she lived there for a long time, she never experienced the war herself. As someone who grew up in a world heavily influenced by electronic media, images nevertheless give her an idea of the pain and depth. Images make the extent of the war visible and allow the horrors to be felt even beyond actual experience.",0.0,2025-11-22,How Blue the Sky Is,0.0,0,https://image.tmdb.org/t/p/w342,https://image.tmdb.org/t/p/w780,2025,11,low,,[],
1572851,fr,Les Palpitantes,"Four friends whose lives have taken them in different directions meet again. United once more, they enjoy the time together, reminiscing about past adventures and talking about their current jobs, love lives, problems, and dreams. In the process, painful memories resurface, and injuries, wounds, and scars become visible. Over several years, Elsa Deshors films the meetings with her friends - a film like a road trip that shows us how difficult it is to be a female read person, and how friendship, mutual understanding, and support help us to come to terms with the past and find a way towards the future.",0.0,2025-11-22,The Thrilling Ones,0.0,0,https://image.tmdb.org/t/p/w342,https://image.tmdb.org/t/p/w780,2025,11,low,,['Documentary'],Documentary
1572833,de,Einsam Macht Hunger,"The boundaries between individual human freedom and the necessity of others, as illustrated by the case of a cannibal in Kassel. All elements appear arbitrary, as if they could be rearranged at any time to create a new film, but the question would remain: What is the significance of others for the individual?",0.0,2025-11-22,Hunger Is Lonely,0.0,0,https://image.tmdb.org/t/p/w342,https://image.tmdb.org/t/p/w780,2025,11,low,,[],
1572819,en,1g Quetiapine,"In a mosaic of games, films, and media, the protagonist's perspective, a fragmented state of mind, merges, and the boundaries between reality and dreams dissolve. 1g of quetiapine, both a remedy and a means of forgetting, dampens the heart and shatters identity. The film collage reflects on the medicalization of mental suffering and the loneliness that lies in synthetic calm. Through chaotic layers of media, it shows how the self is not healed, but rather rendered illegible and suspended in a borderline state between sedation and despair.",0.0,2025-11-21,1g Quetiapine,0.0,0,https://image.tmdb.org/t/p/w342,https://image.tmdb.org/t/p/w780,2025,11,low,,[],
1572811,en,Digital Artifacts,"Between memory and the digital realm, we create ghosts: of people around us and of ourselves, in long-forgotten game worlds that now lie dormant on hard drives. These ghosts haunt worlds that are slowly decaying and fading away. Human connections crumble if they are not nurtured—just like our memories and our data. The internet has claimed that it never forgets, but that's not true: it forgets very quickly. Our digital world is transient, even if we hardly want to admit it.",0.0,2025-11-21,Digital Artifacts,0.0,0,https://image.tmdb.org/t/p/w342,https://image.tmdb.org/t/p/w780,2025,11,low,,[],
1572907,zh,Where Is the Centre?,"The ""center"" is a metaphor for urban dehumanization. All movements of people and objects, all developments revolve around an empty illusion. Robots drift through the ruins in the deep sea, representing the collapse of the center and psychological alienation in a performance-oriented society. The film is the filmmaker's abstract response to the urban reality of her ever-growing hometown of Beijing.",0.0,2025-11-23,Where Is the Centre?,0.0,0,https://image.tmdb.org/t/p/w342,https://image.tmdb.org/t/p/w780,2025,11,low,,[],
1572905,xx,Data Center by Night,"In a space between reality and simulation, a cinematic dream log unfolds, created by a machine formed from algorithms, pixels, and speculative intuition.",0.0,2025-11-23,Data Center by Night,0.0,0,https://image.tmdb.org/t/p/w342,https://image.tmdb.org/t/p/w780,2025,11,low,,[],
1572900,de,Blickduell mit Pferd während die Welt vor die Hunde geht,"Someone lies in bed staring at the ceiling—at a framed picture of a horse that proclaims with stoic confidence: ""You can do anything."" Becoming an adult for the first time. Is this what it feels like? The room remains motionless, the voice-over unfolds a stream of thoughts. Fragmented observations and reflections on life, dreams, and resistance. The daily struggle for survival in a fragile world between longing and powerlessness, stagnation and movement.",0.0,2025-11-23,Blickduell mit Pferd während die Welt vor die Hunde geht,0.0,0,https://image.tmdb.org/t/p/w342,https://image.tmdb.org/t/p/w780,2025,11,low,,[],
1572884,de,"Wahhab, Hausmeister","An aging Osho commune in rural Germany. The dream of enlightenment and free love still echoes, but the winds of change are impossible to ignore. Wahhab is the caretaker of this community and faces the slow fading of things with his unwavering cordless drill.",0.0,2025-11-23,"Wahhab, Caretaker",0.0,0,https://image.tmdb.org/t/p/w342,https://image.tmdb.org/t/p/w780,2025,11,low,,[],
1572862,zh,你的天好蓝啊,"The War in Kassel and Chongqing - Explorations from the protagonist's perspective. She travels through the last words and remnants of the war to Chongqing and Kassel, two cities 7,900 kilometers apart. Although she lived there for a long time, she never experienced the war herself. As someone who grew up in a world heavily influenced by electronic media, images nevertheless give her an idea of the pain and depth. Images make the extent of the war visible and allow the horrors to be felt even beyond actual experience.",0.0,2025-11-22,How Blue the Sky Is,0.0,0,https://image.tmdb.org/t/p/w342,https://image.tmdb.org/t/p/w780,2025,11,low,,[],
1572851,fr,Les Palpitantes,"Four friends whose lives have taken them in different directions meet again. United once more, they enjoy the time together, reminiscing about past adventures and talking about their current jobs, love lives, problems, and dreams. In the process, painful memories resurface, and injuries, wounds, and scars become visible. Over several years, Elsa Deshors films the meetings with her friends - a film like a road trip that shows us how difficult it is to be a female read person, and how friendship, mutual understanding, and support help us to come to terms with the past and find a way towards the future.",0.0,2025-11-22,The Thrilling Ones,0.0,0,https://image.tmdb.org/t/p/w342,https://image.tmdb.org/t/p/w780,2025,11,low,,['Documentary'],Documentary
1572833,de,Einsam Macht Hunger,"The boundaries between individual human freedom and the necessity of others, as illustrated by the case of a cannibal in Kassel. All elements appear arbitrary, as if they could be rearranged at any time to create a new film, but the question would remain: What is the significance of others for the individual?",0.0,2025-11-22,Hunger Is Lonely,0.0,0,https://image.tmdb.org/t/p/w342,https://image.tmdb.org/t/p/w780,2025,11,low,,[],
1572819,en,1g Quetiapine,"In a mosaic of games, films, and media, the protagonist's perspective, a fragmented state of mind, merges, and the boundaries between reality and dreams dissolve. 1g of quetiapine, both a remedy and a means of forgetting, dampens the heart and shatters identity. The film collage reflects on the medicalization of mental suffering and the loneliness that lies in synthetic calm. Through chaotic layers of media, it shows how the self is not healed, but rather rendered illegible and suspended in a borderline state between sedation and despair.",0.0,2025-11-21,1g Quetiapine,0.0,0,https://image.tmdb.org/t/p/w342,https://image.tmdb.org/t/p/w780,2025,11,low,,[],
1572811,en,Digital Artifacts,"Between memory and the digital realm, we create ghosts: of people around us and of ourselves, in long-forgotten game worlds that now lie dormant on hard drives. These ghosts haunt worlds that are slowly decaying and fading away. Human connections crumble if they are not nurtured—just like our memories and our data. The internet has claimed that it never forgets, but that's not true: it forgets very quickly. Our digital world is transient, even if we hardly want to admit it.",0.0,2025-11-21,Digital Artifacts,0.0,0,https://image.tmdb.org/t/p/w342,https://image.tmdb.org/t/p/w780,2025,11,low,,[],
1572810,en,_in order,"A view of the desktop. A text read aloud via Google Translate opens up a digital labyrinth of nested folders. Project folders lead to subfolders, images overlap, scenes appear and disappear again. While searching for order, the system threatens to collapse. Between self-staging, archival chaos, and loss of control, a cinematic essay emerges that opposes imposed order and inner overload. The paradox is that it was produced by the very system it questions.",0.0,2025-11-21,_in order,0.0,0,https://image.tmdb.org/t/p/w342,https://image.tmdb.org/t/p/w780,2025,11,low,,[],
1572800,de,Imitation Machines,"The suicide rate in prisons is ten times higher than in the general population. But instead of improving prison conditions, politicians are focusing on technological solutions. The film documents the training of artificial intelligence designed to predict and prevent prisoner suicides in German prisons.",0.0,2025-11-21,Imitation Machines,0.0,0,https://image.tmdb.org/t/p/w342,https://image.tmdb.org/t/p/w780,2025,11,low,,['Documentary'],Documentary
1572797,en,In the Animal's Skin,"In a dream, the artist transforms into an animal and crosses unnoticed through the forest at the border fence between Poland and Belarus. There she encounters her grandmother—silent and close. The poetic video work combines personal memory with political reflection and shows how transformation can express longing, fear, and resistance at the same time.",0.0,2025-11-21,In the Animal's Skin,0.0,0,https://image.tmdb.org/t/p/w342,https://image.tmdb.org/t/p/w780,2025,11,low,,[],
1572785,xx,This Arrow Points,"Rushing electronic sound accompanied by flickering, flickering black-and-white lines; abstract configurations that move to the rhythm of the sound, faster and faster, then slower again. Hypnotic and intoxicating, they create an ecstatic cinematic event in the style of Fruhauf.",0.0,2025-11-20,This Arrow Points,0.0,0,https://image.tmdb.org/t/p/w342,https://image.tmdb.org/t/p/w780,2025,11,low,,[],
1572784,de,Igitte Sisters,"Since the 1980s, twin sisters Yvonne and Susy Klos have been enriching the Munich punk scene with their electro-Dadaist performances. Their work is directed against right-wing ideologies, social brutalization, and the normalization of authoritarian thinking, and is satirical, radical, and anarchic. The film accompanies the twins for three days around the federal elections in February 2025—a moment when political alliances between the CDU and AfD provoke public outrage and protests across the country. A portrait of two artists whose view of the world is rebellious yet permeable to contradictions.",0.0,2025-11-20,Igitte Sisters,0.0,0,https://image.tmdb.org/t/p/w342,https://image.tmdb.org/t/p/w780,2025,11,low,,['Documentary'],Documentary
1572766,es,Si la vida me diera un deseo,"In Granizo, a small town in central Cuba, Dianelis' days are prolonged by long waits. She lives between her loneliness and preparations for visits to the prison where her husband lives. She shares this fate with her friend. However, the reality they create together is far greater than what their meager existence can offer them.",0.0,2025-11-20,If Life Gave Me a Wish,0.0,0,https://image.tmdb.org/t/p/w342,https://image.tmdb.org/t/p/w780,2025,11,low,,[],
1572747,en,High-Rise Pigs,"A system that is planned from start to finish is improved, scaled up, marketed, and made sustainable. We see production and reproduction and the mechanisms of modern high-rise animal husbandry.",0.0,2025-11-20,High-Rise Pigs,0.0,0,https://image.tmdb.org/t/p/w342,https://image.tmdb.org/t/p/w780,2025,11,low,,[],
1572746,de,Menschcomputer,"Over 100 students venture into a large-scale scientific experiment. Since most people do not know exactly how a computer works, they recreate the data processing processes of a computer chip live in their auditorium. The process is observed with skepticism from the control room, because each processor particle has a very specific task.",0.0,2025-11-20,Menschcomputer,0.0,0,https://image.tmdb.org/t/p/w342,https://image.tmdb.org/t/p/w780,2025,11,low,,[],
1572742,en,Yield Point,"While the eyes seek protection and comfort, agents of homogenization are silencing those who speak out. In this climate of radical silence and ignorance, the narrator describes the various muscles that people use to turn away from what they encounter. Meanwhile, the images intertwine. They resemble bodies whose muscles are capable of stretching beyond the edges of the image, resisting and challenging the authority of the seemingly factual and neutral narrative.",0.0,2025-11-20,Yield Point,0.0,0,https://image.tmdb.org/t/p/w342,https://image.tmdb.org/t/p/w780,2025,11,low,,[],
1572738,xx,Puls zu Puls,"Endure tension, endure intimacy.",0.0,2025-11-19,Puls zu Puls,0.0,0,https://image.tmdb.org/t/p/w342,https://image.tmdb.org/t/p/w780,2025,11,low,,[],
1572737,xx,Dream in Dream,A dream in a dream in a dream.,0.0,2025-11-19,Dream in Dream,0.0,0,https://image.tmdb.org/t/p/w342,https://image.tmdb.org/t/p/w780,2025,11,low,,[],
1572681,de,Ganz weit weg,"While her grandmother Elsa climbs down into a mysterious hole every day, her granddaughter Maditha can only walk over it. As the hole gets bigger and bigger, she has to find out what is down there.",0.0,2025-11-16,Ganz weit weg,0.0,0,https://image.tmdb.org/t/p/w342,https://image.tmdb.org/t/p/w780,2025,11,low,,['Animation'],Animation
1572680,de,Was sieht Neumann aus dem Fenster?,"A Neumann calls other people named Neumann and, instead of playing a prank, asks them what they can see from their windows. New images emerge.",0.0,2025-11-16,Was sieht Neumann aus dem Fenster?,0.0,0,https://image.tmdb.org/t/p/w342,https://image.tmdb.org/t/p/w780,2025,11,low,,['Documentary'],Documentary
1572677,xx,Cheese Land,"The four cheese cultures in Cheese Land are embroiled in a great war. When the temperature suddenly rises, the entire country is in danger of melting.",0.0,2025-11-16,Cheese Land,0.0,0,https://image.tmdb.org/t/p/w342,https://image.tmdb.org/t/p/w780,2025,11,low,,"['Animation', 'Fantasy']","Animation, Fantasy"
1572676,de,Diagnose,"What does homesickness taste like? In her found footage self-portrait, Jisu Kim outlines her search for the origin of sadness. No diagnosis strengthens the patient; rather, it is the question that does so: What helps when the diagnosis will never bring a cure?",0.0,2025-11-14,Diagnose,0.0,0,https://image.tmdb.org/t/p/w342,https://image.tmdb.org/t/p/w780,2025,11,low,,[],
1572667,xx,Iblandt spøgelser,"A deceased son attends his own wake. While the house spirits throw him a welcome party, he tries to make contact with his grieving father, played by Jens Albinus. A short film from Filmwerkstatt Aarhus, reminiscent of Dogma 95.",0.0,2025-11-13,Among Ghosts,0.0,0,https://image.tmdb.org/t/p/w342,https://image.tmdb.org/t/p/w780,2025,11,low,,['Drama'],Drama
1572578,en,A Queer Men's Chorus,"In the wake of a mass withdrawal crisis, a Queer Men’s Choir plunges into chaos when their director hires an undeniably straight man to fill the gap, whose mere presence throws the group off kilter as they try to convince their blissfully unaware ringleader he may have hired the wrong kind of tenor.",0.0,2025-11-21,A Queer Men's Chorus,0.0,0,https://image.tmdb.org/t/p/w342/nGdCU5LGegLw5NoEr4NCwPSLEpF.jpg,https://image.tmdb.org/t/p/w780,2025,11,low,,['Comedy'],Comedy
1572570,da,Undergravet,An archaeological excavation site becomes the scene of a struggle for context and meaning in one's own national history. How can science deal with ambiguity? How far can one go to make oneself heard? A powerfully staged chamber play.,0.0,2025-11-13,Diminished,0.0,0,https://image.tmdb.org/t/p/w342,https://image.tmdb.org/t/p/w780,2025,11,low,,['Drama'],Drama
1572368,en,Tough Crowd,"When a new comedians show goes wrong, he begins to spiral",0.0,2025-11-22,Tough Crowd,0.0,0,https://image.tmdb.org/t/p/w342/hsg9UTFvWiHMtlhgMl4JfHy6aX.jpg,https://image.tmdb.org/t/p/w780,2025,11,low,,"['Comedy', 'Drama', 'Thriller']","Comedy, Drama, Thriller"
1572092,et,Kõik teevad kõike valesti (Uus Eesti punk),"New Estonian punk is boiling over. A colourful group of bands with overlapping members – Skoone, Avemaria, O.V.M., Keskkool and Spekter – resemble 1980s American West Coast punk (Black Flag, X, Germs, Minor Threat, NOFX and The Cramps, among others) more than the staple acts of our Singing Revolution era. At the heart of this scene are young musicians such as Kalli Talonpoika, Riste Sofie Käär, Fredi-Methos Miller and Villu Tamm.",0.0,2025-11-22,Everybody Is Doing Everything Wrong (New Estonian Punk),0.0,0,https://image.tmdb.org/t/p/w342,https://image.tmdb.org/t/p/w780/itwbZ7G5MbDs3wF1BEVdwKXVMYd.jpg,2025,11,low,,['Documentary'],Documentary
1571159,en,Shaping a Dress,A short film about an early 19th century tailor going through the process of making a dress for themselves as a way of coming out to their family.,0.0,2025-11-13,Shaping a Dress,0.0,0,https://image.tmdb.org/t/p/w342/5RbkaJ2nqeHpuecRGgsPl3EHfTf.jpg,https://image.tmdb.org/t/p/w780,2025,11,low,,['Animation'],Animation
1571149,en,Wishing Tree,Animated film.,0.0,2025-11-13,Wishing Tree,0.0,0,https://image.tmdb.org/t/p/w342/gdJeQI6bo1SSYb6UVqCSGH0jztY.jpg,https://image.tmdb.org/t/p/w780,2025,11,low,,['Animation'],Animation
1570967,en,El Cuerpo de Cristo,"Adela, a woman with an undiagnosed mental illness, seeks relief through folk rituals. Misunderstood by her family and a medical system that offers her only medication, she lives convinced that someone, or something, is watching her. At times, she feels its presence: it touches her, hurts her, and leaves her bedridden for days. Only religion seems to offer her a sympathetic ear, leading her to consult a healer and confess the disturbing origin of her suffering.",0.0,2025-11-21,El Cuerpo de Cristo,0.0,0,https://image.tmdb.org/t/p/w342/4cPx42GlQlNusu07CnmMGjarrFU.jpg,https://image.tmdb.org/t/p/w780/lEdvjq6eYxJYv1iSvl0SjSM9knc.jpg,2025,11,low,,"['Animation', 'Drama']","Animation, Drama"
1568184,fa,Paikar,"An Iranian expat journeys back to his homeland, where he must face his domineering father and grapple with complex emotions about family ties, cultural identity, and his place in the world.",0.0,2025-11-15,Paikar,0.0,0,https://image.tmdb.org/t/p/w342,https://image.tmdb.org/t/p/w780,2025,11,low,,['Documentary'],Documentary
1568183,nl,Mijn woord tegen het mijne,"One in ten people hear voices. In this film, we meet five people living with this phenomenon. One person hears a single voice, another hears 19. One voice wants to protect, another wants to kill.",0.0,2025-11-14,My Word Against Mine,0.0,0,https://image.tmdb.org/t/p/w342,https://image.tmdb.org/t/p/w780,2025,11,low,,['Documentary'],Documentary
1568182,pt,Murmurations,"Isolated during the COVID lock-downs, Xavier films the mesmerizing flights of starlings over his hometown in Spain. Their movements awaken memories of his HIV diagnosis and a deep longing for connection. Through voice messages with his lover in Brazil, the defiant spirit of early AIDS activism in New York, and Afro-Brazilian Candomblé rituals, the film becomes a layered meditation on grief, survival, and collective resilience.",0.0,2025-11-15,Murmurations,0.0,0,https://image.tmdb.org/t/p/w342,https://image.tmdb.org/t/p/w780,2025,11,low,,['Documentary'],Documentary
1567986,en,Reality Looks Back,"Fascinated by the mysteries of quantum mechanics, director Anne Jeppesen reflects on their implications for everyday life. For if the state of particles is only certain when observed, what does that mean for the adjacent room? Jeppesen imagines clouds of particles that are “shaking, glitching, tinkling, dancing, jumping” until she looks at them: “When I observe [...], reality changes from clouds of possibility to fact.”",0.0,2025-11-14,Reality Looks Back,0.0,0,https://image.tmdb.org/t/p/w342,https://image.tmdb.org/t/p/w780,2025,11,low,,['Documentary'],Documentary
1567984,es,"Feedback VR, un musical antifuturista","Take a sip of a mystical beverage and plunge into a digital rabbit hole. This VR musical takes you on a journey where traditional Peruvian rituals merge with the virtual world. As the magical elixir begins to take effect, your surroundings gradually dissolve—a tepee transforms into a huaca (a place of worship dedicated to the gods of Andean culture), and then turns into sacred ancestral sites.",0.0,2025-11-14,"Feedback VR, an anti-futurist musical",0.0,0,https://image.tmdb.org/t/p/w342,https://image.tmdb.org/t/p/w780,2025,11,low,,['Documentary'],Documentary
1567790,ar,Ceux qui veillent,"In Brussels, tucked away among tall row houses in the municipality of Evere, a multireligious cemetery is open to all. It is run by an intermunicipal association that recognizes and respects a wide range of funeral rites, and is the only cemetery in Belgium that accommodates all religions on equal terms.",0.0,2025-11-14,Those Who Watch Over,0.0,0,https://image.tmdb.org/t/p/w342,https://image.tmdb.org/t/p/w780,2025,11,low,,['Documentary'],Documentary
1566946,en,Hiatus B,regarding passage  to the light house (B-theory of time)  the great ecstasy of nothing-much,0.0,2025-11-22,Hiatus B,0.0,0,https://image.tmdb.org/t/p/w342,https://image.tmdb.org/t/p/w780,2025,11,low,,[],
1566713,ta,Irul Inithu,Selvam and Shyamala who is living in the city has a long time dream of building a small and simple house  of their own. Real estate broker Kannaiya assists them in buying a plot in the suburbs while scheming his  own plot. The story revolves around the fate of Selvam and Shyamala's dream home.,0.0,2025-11-14,Irul Inithu (Mirk),0.0,0,https://image.tmdb.org/t/p/w342/3nWLUCCzfBjHdIgoljD4bylfoQp.jpg,https://image.tmdb.org/t/p/w780/dcRdouvcLs3SCQgAOueHbHAAfOW.jpg,2025,11,low,,['Drama'],Drama
